image_path,label,activity,subject
/content/drive/MyDrive/datasets/Mosaic_ADL_2x2/Fall/SA21/F01_SA21_R01_T0.0-5.0s.png,1,Fall,SA21
/content/drive/MyDrive/datasets/Mosaic_ADL_2x2/Fall/SA21/F01_SA21_R01_T2.5-7.5s.png,1,Fall,SA21
/content/drive/MyDrive/datasets/Mosaic_ADL_2x2/Fall/SA21/F01_SA21_R01_T5.0-10.0s.png,1,Fall,SA21
/content/drive/MyDrive/datasets/Mosaic_ADL_2x2/Fall/SA21/F01_SA21_R01_T7.5-12.5s.png,1,Fall,SA21
/content/drive/MyDrive/datasets/Mosaic_ADL_2x2/Fall/SA21/F01_SA21_R01_T10.0-15.0s.png,1,Fall,SA21
/content/drive/MyDrive/datasets/Mosaic_ADL_2x2/Fall/SA21/F01_SA21_R02_T0.0-5.0s.png,1,Fall,SA21
/content/drive/MyDrive/datasets/Mosaic_ADL_2x2/Fall/SA21/F01_SA21_R02_T2.5-7.5s.png,1,Fall,SA21
/content/drive/MyDrive/datasets/Mosaic_ADL_2x2/Fall/SA21/F01_SA21_R02_T5.0-10.0s.png,1,Fall,SA21
/content/drive/MyDrive/datasets/Mosaic_ADL_2x2/Fall/SA21/F01_SA21_R02_T7.5-12.5s.png,1,Fall,SA21
/content/drive/MyDrive/datasets/Mosaic_ADL_2x2/Fall/SA21/F01_SA21_R02_T10.0-15.0s.png,1,Fall,SA21
/content/drive/MyDrive/datasets/Mosaic_ADL_2x2/Fall/SA21/F01_SA21_R03_T0.0-5.0s.png,1,Fall,SA21
/content/drive/MyDrive/datasets/Mosaic_ADL_2x2/Fall/SA21/F01_SA21_R03_T2.5-7.5s.png,1,Fall,SA21
/content/drive/MyDrive/datasets/Mosaic_ADL_2x2/Fall/SA21/F01_SA21_R03_T5.0-10.0s.png,1,Fall,SA21
/content/drive/MyDrive/datasets/Mosaic_ADL_2x2/Fall/SA21/F01_SA21_R03_T7.5-12.5s.png,1,Fall,SA21
/content/drive/MyDrive/datasets/Mosaic_ADL_2x2/Fall/SA21/F01_SA21_R03_T10.0-15.0s.png,1,Fall,SA21
/content/drive/MyDrive/datasets/Mosaic_ADL_2x2/Fall/SA21/F01_SA21_R04_T0.0-5.0s.png,1,Fall,SA21
/content/drive/MyDrive/datasets/Mosaic_ADL_2x2/Fall/SA21/F01_SA21_R04_T2.5-7.5s.png,1,Fall,SA21
/content/drive/MyDrive/datasets/Mosaic_ADL_2x2/Fall/SA21/F01_SA21_R04_T5.0-10.0s.png,1,Fall,SA21
/content/drive/MyDrive/datasets/Mosaic_ADL_2x2/Fall/SA21/F01_SA21_R04_T7.5-12.5s.png,1,Fall,SA21
/content/drive/MyDrive/datasets/Mosaic_ADL_2x2/Fall/SA21/F01_SA21_R04_T10.0-15.0s.png,1,Fall,SA21
/content/drive/MyDrive/datasets/Mosaic_ADL_2x2/Fall/SA21/F01_SA21_R05_T0.0-5.0s.png,1,Fall,SA21
/content/drive/MyDrive/datasets/Mosaic_ADL_2x2/Fall/SA21/F01_SA21_R05_T2.5-7.5s.png,1,Fall,SA21
/content/drive/MyDrive/datasets/Mosaic_ADL_2x2/Fall/SA21/F01_SA21_R05_T5.0-10.0s.png,1,Fall,SA21
/content/drive/MyDrive/datasets/Mosaic_ADL_2x2/Fall/SA21/F01_SA21_R05_T7.5-12.5s.png,1,Fall,SA21
/content/drive/MyDrive/datasets/Mosaic_ADL_2x2/Fall/SA21/F01_SA21_R05_T10.0-15.0s.png,1,Fall,SA21
/content/drive/MyDrive/datasets/Mosaic_ADL_2x2/Fall/SA21/F02_SA21_R01_T0.0-5.0s.png,1,Fall,SA21
/content/drive/MyDrive/datasets/Mosaic_ADL_2x2/Fall/SA21/F02_SA21_R01_T2.5-7.5s.png,1,Fall,SA21
/content/drive/MyDrive/datasets/Mosaic_ADL_2x2/Fall/SA21/F02_SA21_R01_T5.0-10.0s.png,1,Fall,SA21
/content/drive/MyDrive/datasets/Mosaic_ADL_2x2/Fall/SA21/F02_SA21_R01_T7.5-12.5s.png,1,Fall,SA21
/content/drive/MyDrive/datasets/Mosaic_ADL_2x2/Fall/SA21/F02_SA21_R01_T10.0-15.0s.png,1,Fall,SA21
/content/drive/MyDrive/datasets/Mosaic_ADL_2x2/Fall/SA21/F02_SA21_R02_T0.0-5.0s.png,1,Fall,SA21
/content/drive/MyDrive/datasets/Mosaic_ADL_2x2/Fall/SA21/F02_SA21_R02_T2.5-7.5s.png,1,Fall,SA21
/content/drive/MyDrive/datasets/Mosaic_ADL_2x2/Fall/SA21/F02_SA21_R02_T5.0-10.0s.png,1,Fall,SA21
/content/drive/MyDrive/datasets/Mosaic_ADL_2x2/Fall/SA21/F02_SA21_R02_T7.5-12.5s.png,1,Fall,SA21
/content/drive/MyDrive/datasets/Mosaic_ADL_2x2/Fall/SA21/F02_SA21_R02_T10.0-15.0s.png,1,Fall,SA21
/content/drive/MyDrive/datasets/Mosaic_ADL_2x2/Fall/SA21/F02_SA21_R03_T0.0-5.0s.png,1,Fall,SA21
/content/drive/MyDrive/datasets/Mosaic_ADL_2x2/Fall/SA21/F02_SA21_R03_T2.5-7.5s.png,1,Fall,SA21
/content/drive/MyDrive/datasets/Mosaic_ADL_2x2/Fall/SA21/F02_SA21_R03_T5.0-10.0s.png,1,Fall,SA21
/content/drive/MyDrive/datasets/Mosaic_ADL_2x2/Fall/SA21/F02_SA21_R03_T7.5-12.5s.png,1,Fall,SA21
/content/drive/MyDrive/datasets/Mosaic_ADL_2x2/Fall/SA21/F02_SA21_R03_T10.0-15.0s.png,1,Fall,SA21
/content/drive/MyDrive/datasets/Mosaic_ADL_2x2/Fall/SA21/F02_SA21_R04_T0.0-5.0s.png,1,Fall,SA21
/content/drive/MyDrive/datasets/Mosaic_ADL_2x2/Fall/SA21/F02_SA21_R04_T2.5-7.5s.png,1,Fall,SA21
/content/drive/MyDrive/datasets/Mosaic_ADL_2x2/Fall/SA21/F02_SA21_R04_T5.0-10.0s.png,1,Fall,SA21
/content/drive/MyDrive/datasets/Mosaic_ADL_2x2/Fall/SA21/F02_SA21_R04_T7.5-12.5s.png,1,Fall,SA21
/content/drive/MyDrive/datasets/Mosaic_ADL_2x2/Fall/SA21/F02_SA21_R04_T10.0-15.0s.png,1,Fall,SA21
/content/drive/MyDrive/datasets/Mosaic_ADL_2x2/Fall/SA21/F02_SA21_R05_T0.0-5.0s.png,1,Fall,SA21
/content/drive/MyDrive/datasets/Mosaic_ADL_2x2/Fall/SA21/F02_SA21_R05_T2.5-7.5s.png,1,Fall,SA21
/content/drive/MyDrive/datasets/Mosaic_ADL_2x2/Fall/SA21/F02_SA21_R05_T5.0-10.0s.png,1,Fall,SA21
/content/drive/MyDrive/datasets/Mosaic_ADL_2x2/Fall/SA21/F02_SA21_R05_T7.5-12.5s.png,1,Fall,SA21
/content/drive/MyDrive/datasets/Mosaic_ADL_2x2/Fall/SA21/F02_SA21_R05_T10.0-15.0s.png,1,Fall,SA21
/content/drive/MyDrive/datasets/Mosaic_ADL_2x2/Fall/SA21/F03_SA21_R01_T0.0-5.0s.png,1,Fall,SA21
/content/drive/MyDrive/datasets/Mosaic_ADL_2x2/Fall/SA21/F03_SA21_R01_T2.5-7.5s.png,1,Fall,SA21
/content/drive/MyDrive/datasets/Mosaic_ADL_2x2/Fall/SA21/F03_SA21_R01_T5.0-10.0s.png,1,Fall,SA21
/content/drive/MyDrive/datasets/Mosaic_ADL_2x2/Fall/SA21/F03_SA21_R01_T7.5-12.5s.png,1,Fall,SA21
/content/drive/MyDrive/datasets/Mosaic_ADL_2x2/Fall/SA21/F03_SA21_R01_T10.0-15.0s.png,1,Fall,SA21
/content/drive/MyDrive/datasets/Mosaic_ADL_2x2/Fall/SA21/F03_SA21_R02_T0.0-5.0s.png,1,Fall,SA21
/content/drive/MyDrive/datasets/Mosaic_ADL_2x2/Fall/SA21/F03_SA21_R02_T2.5-7.5s.png,1,Fall,SA21
/content/drive/MyDrive/datasets/Mosaic_ADL_2x2/Fall/SA21/F03_SA21_R02_T5.0-10.0s.png,1,Fall,SA21
/content/drive/MyDrive/datasets/Mosaic_ADL_2x2/Fall/SA21/F03_SA21_R02_T7.5-12.5s.png,1,Fall,SA21
/content/drive/MyDrive/datasets/Mosaic_ADL_2x2/Fall/SA21/F03_SA21_R02_T10.0-15.0s.png,1,Fall,SA21
/content/drive/MyDrive/datasets/Mosaic_ADL_2x2/Fall/SA21/F03_SA21_R03_T0.0-5.0s.png,1,Fall,SA21
/content/drive/MyDrive/datasets/Mosaic_ADL_2x2/Fall/SA21/F03_SA21_R03_T2.5-7.5s.png,1,Fall,SA21
/content/drive/MyDrive/datasets/Mosaic_ADL_2x2/Fall/SA21/F03_SA21_R03_T5.0-10.0s.png,1,Fall,SA21
/content/drive/MyDrive/datasets/Mosaic_ADL_2x2/Fall/SA21/F03_SA21_R03_T7.5-12.5s.png,1,Fall,SA21
/content/drive/MyDrive/datasets/Mosaic_ADL_2x2/Fall/SA21/F03_SA21_R03_T10.0-15.0s.png,1,Fall,SA21
/content/drive/MyDrive/datasets/Mosaic_ADL_2x2/Fall/SA21/F03_SA21_R04_T0.0-5.0s.png,1,Fall,SA21
/content/drive/MyDrive/datasets/Mosaic_ADL_2x2/Fall/SA21/F03_SA21_R04_T2.5-7.5s.png,1,Fall,SA21
/content/drive/MyDrive/datasets/Mosaic_ADL_2x2/Fall/SA21/F03_SA21_R04_T5.0-10.0s.png,1,Fall,SA21
/content/drive/MyDrive/datasets/Mosaic_ADL_2x2/Fall/SA21/F03_SA21_R04_T7.5-12.5s.png,1,Fall,SA21
/content/drive/MyDrive/datasets/Mosaic_ADL_2x2/Fall/SA21/F03_SA21_R04_T10.0-15.0s.png,1,Fall,SA21
/content/drive/MyDrive/datasets/Mosaic_ADL_2x2/Fall/SA21/F03_SA21_R05_T0.0-5.0s.png,1,Fall,SA21
/content/drive/MyDrive/datasets/Mosaic_ADL_2x2/Fall/SA21/F03_SA21_R05_T2.5-7.5s.png,1,Fall,SA21
/content/drive/MyDrive/datasets/Mosaic_ADL_2x2/Fall/SA21/F03_SA21_R05_T5.0-10.0s.png,1,Fall,SA21
/content/drive/MyDrive/datasets/Mosaic_ADL_2x2/Fall/SA21/F03_SA21_R05_T7.5-12.5s.png,1,Fall,SA21
/content/drive/MyDrive/datasets/Mosaic_ADL_2x2/Fall/SA21/F03_SA21_R05_T10.0-15.0s.png,1,Fall,SA21
/content/drive/MyDrive/datasets/Mosaic_ADL_2x2/Fall/SA21/F04_SA21_R01_T0.0-5.0s.png,1,Fall,SA21
/content/drive/MyDrive/datasets/Mosaic_ADL_2x2/Fall/SA21/F04_SA21_R01_T2.5-7.5s.png,1,Fall,SA21
/content/drive/MyDrive/datasets/Mosaic_ADL_2x2/Fall/SA21/F04_SA21_R01_T5.0-10.0s.png,1,Fall,SA21
/content/drive/MyDrive/datasets/Mosaic_ADL_2x2/Fall/SA21/F04_SA21_R01_T7.5-12.5s.png,1,Fall,SA21
/content/drive/MyDrive/datasets/Mosaic_ADL_2x2/Fall/SA21/F04_SA21_R01_T10.0-15.0s.png,1,Fall,SA21
/content/drive/MyDrive/datasets/Mosaic_ADL_2x2/Fall/SA21/F04_SA21_R02_T0.0-5.0s.png,1,Fall,SA21
/content/drive/MyDrive/datasets/Mosaic_ADL_2x2/Fall/SA21/F04_SA21_R02_T2.5-7.5s.png,1,Fall,SA21
/content/drive/MyDrive/datasets/Mosaic_ADL_2x2/Fall/SA21/F04_SA21_R02_T5.0-10.0s.png,1,Fall,SA21
/content/drive/MyDrive/datasets/Mosaic_ADL_2x2/Fall/SA21/F04_SA21_R02_T7.5-12.5s.png,1,Fall,SA21
/content/drive/MyDrive/datasets/Mosaic_ADL_2x2/Fall/SA21/F04_SA21_R02_T10.0-15.0s.png,1,Fall,SA21
/content/drive/MyDrive/datasets/Mosaic_ADL_2x2/Fall/SA21/F04_SA21_R03_T0.0-5.0s.png,1,Fall,SA21
/content/drive/MyDrive/datasets/Mosaic_ADL_2x2/Fall/SA21/F04_SA21_R03_T2.5-7.5s.png,1,Fall,SA21
/content/drive/MyDrive/datasets/Mosaic_ADL_2x2/Fall/SA21/F04_SA21_R03_T5.0-10.0s.png,1,Fall,SA21
/content/drive/MyDrive/datasets/Mosaic_ADL_2x2/Fall/SA21/F04_SA21_R03_T7.5-12.5s.png,1,Fall,SA21
/content/drive/MyDrive/datasets/Mosaic_ADL_2x2/Fall/SA21/F04_SA21_R03_T10.0-15.0s.png,1,Fall,SA21
/content/drive/MyDrive/datasets/Mosaic_ADL_2x2/Fall/SA21/F04_SA21_R04_T0.0-5.0s.png,1,Fall,SA21
/content/drive/MyDrive/datasets/Mosaic_ADL_2x2/Fall/SA21/F04_SA21_R04_T2.5-7.5s.png,1,Fall,SA21
/content/drive/MyDrive/datasets/Mosaic_ADL_2x2/Fall/SA21/F04_SA21_R04_T5.0-10.0s.png,1,Fall,SA21
/content/drive/MyDrive/datasets/Mosaic_ADL_2x2/Fall/SA21/F04_SA21_R04_T7.5-12.5s.png,1,Fall,SA21
/content/drive/MyDrive/datasets/Mosaic_ADL_2x2/Fall/SA21/F04_SA21_R04_T10.0-15.0s.png,1,Fall,SA21
/content/drive/MyDrive/datasets/Mosaic_ADL_2x2/Fall/SA21/F04_SA21_R05_T0.0-5.0s.png,1,Fall,SA21
/content/drive/MyDrive/datasets/Mosaic_ADL_2x2/Fall/SA21/F04_SA21_R05_T2.5-7.5s.png,1,Fall,SA21
/content/drive/MyDrive/datasets/Mosaic_ADL_2x2/Fall/SA21/F04_SA21_R05_T5.0-10.0s.png,1,Fall,SA21
/content/drive/MyDrive/datasets/Mosaic_ADL_2x2/Fall/SA21/F04_SA21_R05_T7.5-12.5s.png,1,Fall,SA21
/content/drive/MyDrive/datasets/Mosaic_ADL_2x2/Fall/SA21/F04_SA21_R05_T10.0-15.0s.png,1,Fall,SA21
/content/drive/MyDrive/datasets/Mosaic_ADL_2x2/Fall/SA21/F05_SA21_R01_T0.0-5.0s.png,1,Fall,SA21
/content/drive/MyDrive/datasets/Mosaic_ADL_2x2/Fall/SA21/F05_SA21_R01_T2.5-7.5s.png,1,Fall,SA21
/content/drive/MyDrive/datasets/Mosaic_ADL_2x2/Fall/SA21/F05_SA21_R01_T5.0-10.0s.png,1,Fall,SA21
/content/drive/MyDrive/datasets/Mosaic_ADL_2x2/Fall/SA21/F05_SA21_R01_T7.5-12.5s.png,1,Fall,SA21
/content/drive/MyDrive/datasets/Mosaic_ADL_2x2/Fall/SA21/F05_SA21_R01_T10.0-15.0s.png,1,Fall,SA21
/content/drive/MyDrive/datasets/Mosaic_ADL_2x2/Fall/SA21/F05_SA21_R02_T0.0-5.0s.png,1,Fall,SA21
/content/drive/MyDrive/datasets/Mosaic_ADL_2x2/Fall/SA21/F05_SA21_R02_T2.5-7.5s.png,1,Fall,SA21
/content/drive/MyDrive/datasets/Mosaic_ADL_2x2/Fall/SA21/F05_SA21_R02_T5.0-10.0s.png,1,Fall,SA21
/content/drive/MyDrive/datasets/Mosaic_ADL_2x2/Fall/SA21/F05_SA21_R02_T7.5-12.5s.png,1,Fall,SA21
/content/drive/MyDrive/datasets/Mosaic_ADL_2x2/Fall/SA21/F05_SA21_R02_T10.0-15.0s.png,1,Fall,SA21
/content/drive/MyDrive/datasets/Mosaic_ADL_2x2/Fall/SA21/F05_SA21_R03_T0.0-5.0s.png,1,Fall,SA21
/content/drive/MyDrive/datasets/Mosaic_ADL_2x2/Fall/SA21/F05_SA21_R03_T2.5-7.5s.png,1,Fall,SA21
/content/drive/MyDrive/datasets/Mosaic_ADL_2x2/Fall/SA21/F05_SA21_R03_T5.0-10.0s.png,1,Fall,SA21
/content/drive/MyDrive/datasets/Mosaic_ADL_2x2/Fall/SA21/F05_SA21_R03_T7.5-12.5s.png,1,Fall,SA21
/content/drive/MyDrive/datasets/Mosaic_ADL_2x2/Fall/SA21/F05_SA21_R03_T10.0-15.0s.png,1,Fall,SA21
/content/drive/MyDrive/datasets/Mosaic_ADL_2x2/Fall/SA21/F05_SA21_R04_T0.0-5.0s.png,1,Fall,SA21
/content/drive/MyDrive/datasets/Mosaic_ADL_2x2/Fall/SA21/F05_SA21_R04_T2.5-7.5s.png,1,Fall,SA21
/content/drive/MyDrive/datasets/Mosaic_ADL_2x2/Fall/SA21/F05_SA21_R04_T5.0-10.0s.png,1,Fall,SA21
/content/drive/MyDrive/datasets/Mosaic_ADL_2x2/Fall/SA21/F05_SA21_R04_T7.5-12.5s.png,1,Fall,SA21
/content/drive/MyDrive/datasets/Mosaic_ADL_2x2/Fall/SA21/F05_SA21_R04_T10.0-15.0s.png,1,Fall,SA21
/content/drive/MyDrive/datasets/Mosaic_ADL_2x2/Fall/SA21/F05_SA21_R05_T0.0-5.0s.png,1,Fall,SA21
/content/drive/MyDrive/datasets/Mosaic_ADL_2x2/Fall/SA21/F05_SA21_R05_T2.5-7.5s.png,1,Fall,SA21
/content/drive/MyDrive/datasets/Mosaic_ADL_2x2/Fall/SA21/F05_SA21_R05_T5.0-10.0s.png,1,Fall,SA21
/content/drive/MyDrive/datasets/Mosaic_ADL_2x2/Fall/SA21/F05_SA21_R05_T7.5-12.5s.png,1,Fall,SA21
/content/drive/MyDrive/datasets/Mosaic_ADL_2x2/Fall/SA21/F05_SA21_R05_T10.0-15.0s.png,1,Fall,SA21
/content/drive/MyDrive/datasets/Mosaic_ADL_2x2/Fall/SA21/F06_SA21_R01_T0.0-5.0s.png,1,Fall,SA21
/content/drive/MyDrive/datasets/Mosaic_ADL_2x2/Fall/SA21/F06_SA21_R01_T2.5-7.5s.png,1,Fall,SA21
/content/drive/MyDrive/datasets/Mosaic_ADL_2x2/Fall/SA21/F06_SA21_R01_T5.0-10.0s.png,1,Fall,SA21
/content/drive/MyDrive/datasets/Mosaic_ADL_2x2/Fall/SA21/F06_SA21_R01_T7.5-12.5s.png,1,Fall,SA21
/content/drive/MyDrive/datasets/Mosaic_ADL_2x2/Fall/SA21/F06_SA21_R01_T10.0-15.0s.png,1,Fall,SA21
/content/drive/MyDrive/datasets/Mosaic_ADL_2x2/Fall/SA21/F06_SA21_R02_T0.0-5.0s.png,1,Fall,SA21
/content/drive/MyDrive/datasets/Mosaic_ADL_2x2/Fall/SA21/F06_SA21_R02_T2.5-7.5s.png,1,Fall,SA21
/content/drive/MyDrive/datasets/Mosaic_ADL_2x2/Fall/SA21/F06_SA21_R02_T5.0-10.0s.png,1,Fall,SA21
/content/drive/MyDrive/datasets/Mosaic_ADL_2x2/Fall/SA21/F06_SA21_R02_T7.5-12.5s.png,1,Fall,SA21
/content/drive/MyDrive/datasets/Mosaic_ADL_2x2/Fall/SA21/F06_SA21_R02_T10.0-15.0s.png,1,Fall,SA21
/content/drive/MyDrive/datasets/Mosaic_ADL_2x2/Fall/SA21/F06_SA21_R03_T0.0-5.0s.png,1,Fall,SA21
/content/drive/MyDrive/datasets/Mosaic_ADL_2x2/Fall/SA21/F06_SA21_R03_T2.5-7.5s.png,1,Fall,SA21
/content/drive/MyDrive/datasets/Mosaic_ADL_2x2/Fall/SA21/F06_SA21_R03_T5.0-10.0s.png,1,Fall,SA21
/content/drive/MyDrive/datasets/Mosaic_ADL_2x2/Fall/SA21/F06_SA21_R03_T7.5-12.5s.png,1,Fall,SA21
/content/drive/MyDrive/datasets/Mosaic_ADL_2x2/Fall/SA21/F06_SA21_R03_T10.0-15.0s.png,1,Fall,SA21
/content/drive/MyDrive/datasets/Mosaic_ADL_2x2/Fall/SA21/F06_SA21_R04_T0.0-5.0s.png,1,Fall,SA21
/content/drive/MyDrive/datasets/Mosaic_ADL_2x2/Fall/SA21/F06_SA21_R04_T2.5-7.5s.png,1,Fall,SA21
/content/drive/MyDrive/datasets/Mosaic_ADL_2x2/Fall/SA21/F06_SA21_R04_T5.0-10.0s.png,1,Fall,SA21
/content/drive/MyDrive/datasets/Mosaic_ADL_2x2/Fall/SA21/F06_SA21_R04_T7.5-12.5s.png,1,Fall,SA21
/content/drive/MyDrive/datasets/Mosaic_ADL_2x2/Fall/SA21/F06_SA21_R04_T10.0-15.0s.png,1,Fall,SA21
/content/drive/MyDrive/datasets/Mosaic_ADL_2x2/Fall/SA21/F06_SA21_R05_T0.0-5.0s.png,1,Fall,SA21
/content/drive/MyDrive/datasets/Mosaic_ADL_2x2/Fall/SA21/F06_SA21_R05_T2.5-7.5s.png,1,Fall,SA21
/content/drive/MyDrive/datasets/Mosaic_ADL_2x2/Fall/SA21/F06_SA21_R05_T5.0-10.0s.png,1,Fall,SA21
/content/drive/MyDrive/datasets/Mosaic_ADL_2x2/Fall/SA21/F06_SA21_R05_T7.5-12.5s.png,1,Fall,SA21
/content/drive/MyDrive/datasets/Mosaic_ADL_2x2/Fall/SA21/F06_SA21_R05_T10.0-15.0s.png,1,Fall,SA21
/content/drive/MyDrive/datasets/Mosaic_ADL_2x2/Fall/SA21/F07_SA21_R01_T0.0-5.0s.png,1,Fall,SA21
/content/drive/MyDrive/datasets/Mosaic_ADL_2x2/Fall/SA21/F07_SA21_R01_T2.5-7.5s.png,1,Fall,SA21
/content/drive/MyDrive/datasets/Mosaic_ADL_2x2/Fall/SA21/F07_SA21_R01_T5.0-10.0s.png,1,Fall,SA21
/content/drive/MyDrive/datasets/Mosaic_ADL_2x2/Fall/SA21/F07_SA21_R01_T7.5-12.5s.png,1,Fall,SA21
/content/drive/MyDrive/datasets/Mosaic_ADL_2x2/Fall/SA21/F07_SA21_R01_T10.0-15.0s.png,1,Fall,SA21
/content/drive/MyDrive/datasets/Mosaic_ADL_2x2/Fall/SA21/F07_SA21_R02_T0.0-5.0s.png,1,Fall,SA21
/content/drive/MyDrive/datasets/Mosaic_ADL_2x2/Fall/SA21/F07_SA21_R02_T2.5-7.5s.png,1,Fall,SA21
/content/drive/MyDrive/datasets/Mosaic_ADL_2x2/Fall/SA21/F07_SA21_R02_T5.0-10.0s.png,1,Fall,SA21
/content/drive/MyDrive/datasets/Mosaic_ADL_2x2/Fall/SA21/F07_SA21_R02_T7.5-12.5s.png,1,Fall,SA21
/content/drive/MyDrive/datasets/Mosaic_ADL_2x2/Fall/SA21/F07_SA21_R02_T10.0-15.0s.png,1,Fall,SA21
/content/drive/MyDrive/datasets/Mosaic_ADL_2x2/Fall/SA21/F07_SA21_R03_T0.0-5.0s.png,1,Fall,SA21
/content/drive/MyDrive/datasets/Mosaic_ADL_2x2/Fall/SA21/F07_SA21_R03_T2.5-7.5s.png,1,Fall,SA21
/content/drive/MyDrive/datasets/Mosaic_ADL_2x2/Fall/SA21/F07_SA21_R03_T5.0-10.0s.png,1,Fall,SA21
/content/drive/MyDrive/datasets/Mosaic_ADL_2x2/Fall/SA21/F07_SA21_R03_T7.5-12.5s.png,1,Fall,SA21
/content/drive/MyDrive/datasets/Mosaic_ADL_2x2/Fall/SA21/F07_SA21_R03_T10.0-15.0s.png,1,Fall,SA21
/content/drive/MyDrive/datasets/Mosaic_ADL_2x2/Fall/SA21/F07_SA21_R04_T0.0-5.0s.png,1,Fall,SA21
/content/drive/MyDrive/datasets/Mosaic_ADL_2x2/Fall/SA21/F07_SA21_R04_T2.5-7.5s.png,1,Fall,SA21
/content/drive/MyDrive/datasets/Mosaic_ADL_2x2/Fall/SA21/F07_SA21_R04_T5.0-10.0s.png,1,Fall,SA21
/content/drive/MyDrive/datasets/Mosaic_ADL_2x2/Fall/SA21/F07_SA21_R04_T7.5-12.5s.png,1,Fall,SA21
/content/drive/MyDrive/datasets/Mosaic_ADL_2x2/Fall/SA21/F07_SA21_R04_T10.0-15.0s.png,1,Fall,SA21
/content/drive/MyDrive/datasets/Mosaic_ADL_2x2/Fall/SA21/F07_SA21_R05_T0.0-5.0s.png,1,Fall,SA21
/content/drive/MyDrive/datasets/Mosaic_ADL_2x2/Fall/SA21/F07_SA21_R05_T2.5-7.5s.png,1,Fall,SA21
/content/drive/MyDrive/datasets/Mosaic_ADL_2x2/Fall/SA21/F07_SA21_R05_T5.0-10.0s.png,1,Fall,SA21
/content/drive/MyDrive/datasets/Mosaic_ADL_2x2/Fall/SA21/F07_SA21_R05_T7.5-12.5s.png,1,Fall,SA21
/content/drive/MyDrive/datasets/Mosaic_ADL_2x2/Fall/SA21/F07_SA21_R05_T10.0-15.0s.png,1,Fall,SA21
/content/drive/MyDrive/datasets/Mosaic_ADL_2x2/Fall/SA21/F08_SA21_R01_T0.0-5.0s.png,1,Fall,SA21
/content/drive/MyDrive/datasets/Mosaic_ADL_2x2/Fall/SA21/F08_SA21_R01_T2.5-7.5s.png,1,Fall,SA21
/content/drive/MyDrive/datasets/Mosaic_ADL_2x2/Fall/SA21/F08_SA21_R01_T5.0-10.0s.png,1,Fall,SA21
/content/drive/MyDrive/datasets/Mosaic_ADL_2x2/Fall/SA21/F08_SA21_R01_T7.5-12.5s.png,1,Fall,SA21
/content/drive/MyDrive/datasets/Mosaic_ADL_2x2/Fall/SA21/F08_SA21_R01_T10.0-15.0s.png,1,Fall,SA21
/content/drive/MyDrive/datasets/Mosaic_ADL_2x2/Fall/SA21/F08_SA21_R02_T0.0-5.0s.png,1,Fall,SA21
/content/drive/MyDrive/datasets/Mosaic_ADL_2x2/Fall/SA21/F08_SA21_R02_T2.5-7.5s.png,1,Fall,SA21
/content/drive/MyDrive/datasets/Mosaic_ADL_2x2/Fall/SA21/F08_SA21_R02_T5.0-10.0s.png,1,Fall,SA21
/content/drive/MyDrive/datasets/Mosaic_ADL_2x2/Fall/SA21/F08_SA21_R02_T7.5-12.5s.png,1,Fall,SA21
/content/drive/MyDrive/datasets/Mosaic_ADL_2x2/Fall/SA21/F08_SA21_R02_T10.0-15.0s.png,1,Fall,SA21
/content/drive/MyDrive/datasets/Mosaic_ADL_2x2/Fall/SA21/F08_SA21_R03_T0.0-5.0s.png,1,Fall,SA21
/content/drive/MyDrive/datasets/Mosaic_ADL_2x2/Fall/SA21/F08_SA21_R03_T2.5-7.5s.png,1,Fall,SA21
/content/drive/MyDrive/datasets/Mosaic_ADL_2x2/Fall/SA21/F08_SA21_R03_T5.0-10.0s.png,1,Fall,SA21
/content/drive/MyDrive/datasets/Mosaic_ADL_2x2/Fall/SA21/F08_SA21_R03_T7.5-12.5s.png,1,Fall,SA21
/content/drive/MyDrive/datasets/Mosaic_ADL_2x2/Fall/SA21/F08_SA21_R03_T10.0-15.0s.png,1,Fall,SA21
/content/drive/MyDrive/datasets/Mosaic_ADL_2x2/Fall/SA21/F08_SA21_R04_T0.0-5.0s.png,1,Fall,SA21
/content/drive/MyDrive/datasets/Mosaic_ADL_2x2/Fall/SA21/F08_SA21_R04_T2.5-7.5s.png,1,Fall,SA21
/content/drive/MyDrive/datasets/Mosaic_ADL_2x2/Fall/SA21/F08_SA21_R04_T5.0-10.0s.png,1,Fall,SA21
/content/drive/MyDrive/datasets/Mosaic_ADL_2x2/Fall/SA21/F08_SA21_R04_T7.5-12.5s.png,1,Fall,SA21
/content/drive/MyDrive/datasets/Mosaic_ADL_2x2/Fall/SA21/F08_SA21_R04_T10.0-15.0s.png,1,Fall,SA21
/content/drive/MyDrive/datasets/Mosaic_ADL_2x2/Fall/SA21/F08_SA21_R05_T0.0-5.0s.png,1,Fall,SA21
/content/drive/MyDrive/datasets/Mosaic_ADL_2x2/Fall/SA21/F08_SA21_R05_T2.5-7.5s.png,1,Fall,SA21
/content/drive/MyDrive/datasets/Mosaic_ADL_2x2/Fall/SA21/F08_SA21_R05_T5.0-10.0s.png,1,Fall,SA21
/content/drive/MyDrive/datasets/Mosaic_ADL_2x2/Fall/SA21/F08_SA21_R05_T7.5-12.5s.png,1,Fall,SA21
/content/drive/MyDrive/datasets/Mosaic_ADL_2x2/Fall/SA21/F08_SA21_R05_T10.0-15.0s.png,1,Fall,SA21
/content/drive/MyDrive/datasets/Mosaic_ADL_2x2/Fall/SA21/F09_SA21_R01_T0.0-5.0s.png,1,Fall,SA21
/content/drive/MyDrive/datasets/Mosaic_ADL_2x2/Fall/SA21/F09_SA21_R01_T2.5-7.5s.png,1,Fall,SA21
/content/drive/MyDrive/datasets/Mosaic_ADL_2x2/Fall/SA21/F09_SA21_R01_T5.0-10.0s.png,1,Fall,SA21
/content/drive/MyDrive/datasets/Mosaic_ADL_2x2/Fall/SA21/F09_SA21_R01_T7.5-12.5s.png,1,Fall,SA21
/content/drive/MyDrive/datasets/Mosaic_ADL_2x2/Fall/SA21/F09_SA21_R01_T10.0-15.0s.png,1,Fall,SA21
/content/drive/MyDrive/datasets/Mosaic_ADL_2x2/Fall/SA21/F09_SA21_R02_T0.0-5.0s.png,1,Fall,SA21
/content/drive/MyDrive/datasets/Mosaic_ADL_2x2/Fall/SA21/F09_SA21_R02_T2.5-7.5s.png,1,Fall,SA21
/content/drive/MyDrive/datasets/Mosaic_ADL_2x2/Fall/SA21/F09_SA21_R02_T5.0-10.0s.png,1,Fall,SA21
/content/drive/MyDrive/datasets/Mosaic_ADL_2x2/Fall/SA21/F09_SA21_R02_T7.5-12.5s.png,1,Fall,SA21
/content/drive/MyDrive/datasets/Mosaic_ADL_2x2/Fall/SA21/F09_SA21_R02_T10.0-15.0s.png,1,Fall,SA21
/content/drive/MyDrive/datasets/Mosaic_ADL_2x2/Fall/SA21/F09_SA21_R03_T0.0-5.0s.png,1,Fall,SA21
/content/drive/MyDrive/datasets/Mosaic_ADL_2x2/Fall/SA21/F09_SA21_R03_T2.5-7.5s.png,1,Fall,SA21
/content/drive/MyDrive/datasets/Mosaic_ADL_2x2/Fall/SA21/F09_SA21_R03_T5.0-10.0s.png,1,Fall,SA21
/content/drive/MyDrive/datasets/Mosaic_ADL_2x2/Fall/SA21/F09_SA21_R03_T7.5-12.5s.png,1,Fall,SA21
/content/drive/MyDrive/datasets/Mosaic_ADL_2x2/Fall/SA21/F09_SA21_R03_T10.0-15.0s.png,1,Fall,SA21
/content/drive/MyDrive/datasets/Mosaic_ADL_2x2/Fall/SA21/F09_SA21_R04_T0.0-5.0s.png,1,Fall,SA21
/content/drive/MyDrive/datasets/Mosaic_ADL_2x2/Fall/SA21/F09_SA21_R04_T2.5-7.5s.png,1,Fall,SA21
/content/drive/MyDrive/datasets/Mosaic_ADL_2x2/Fall/SA21/F09_SA21_R04_T5.0-10.0s.png,1,Fall,SA21
/content/drive/MyDrive/datasets/Mosaic_ADL_2x2/Fall/SA21/F09_SA21_R04_T7.5-12.5s.png,1,Fall,SA21
/content/drive/MyDrive/datasets/Mosaic_ADL_2x2/Fall/SA21/F09_SA21_R04_T10.0-15.0s.png,1,Fall,SA21
/content/drive/MyDrive/datasets/Mosaic_ADL_2x2/Fall/SA21/F09_SA21_R05_T0.0-5.0s.png,1,Fall,SA21
/content/drive/MyDrive/datasets/Mosaic_ADL_2x2/Fall/SA21/F09_SA21_R05_T2.5-7.5s.png,1,Fall,SA21
/content/drive/MyDrive/datasets/Mosaic_ADL_2x2/Fall/SA21/F09_SA21_R05_T5.0-10.0s.png,1,Fall,SA21
/content/drive/MyDrive/datasets/Mosaic_ADL_2x2/Fall/SA21/F09_SA21_R05_T7.5-12.5s.png,1,Fall,SA21
/content/drive/MyDrive/datasets/Mosaic_ADL_2x2/Fall/SA21/F09_SA21_R05_T10.0-15.0s.png,1,Fall,SA21
/content/drive/MyDrive/datasets/Mosaic_ADL_2x2/Fall/SA21/F10_SA21_R01_T0.0-5.0s.png,1,Fall,SA21
/content/drive/MyDrive/datasets/Mosaic_ADL_2x2/Fall/SA21/F10_SA21_R01_T2.5-7.5s.png,1,Fall,SA21
/content/drive/MyDrive/datasets/Mosaic_ADL_2x2/Fall/SA21/F10_SA21_R01_T5.0-10.0s.png,1,Fall,SA21
/content/drive/MyDrive/datasets/Mosaic_ADL_2x2/Fall/SA21/F10_SA21_R01_T7.5-12.5s.png,1,Fall,SA21
/content/drive/MyDrive/datasets/Mosaic_ADL_2x2/Fall/SA21/F10_SA21_R01_T10.0-15.0s.png,1,Fall,SA21
/content/drive/MyDrive/datasets/Mosaic_ADL_2x2/Fall/SA21/F10_SA21_R02_T0.0-5.0s.png,1,Fall,SA21
/content/drive/MyDrive/datasets/Mosaic_ADL_2x2/Fall/SA21/F10_SA21_R02_T2.5-7.5s.png,1,Fall,SA21
/content/drive/MyDrive/datasets/Mosaic_ADL_2x2/Fall/SA21/F10_SA21_R02_T5.0-10.0s.png,1,Fall,SA21
/content/drive/MyDrive/datasets/Mosaic_ADL_2x2/Fall/SA21/F10_SA21_R02_T7.5-12.5s.png,1,Fall,SA21
/content/drive/MyDrive/datasets/Mosaic_ADL_2x2/Fall/SA21/F10_SA21_R02_T10.0-15.0s.png,1,Fall,SA21
/content/drive/MyDrive/datasets/Mosaic_ADL_2x2/Fall/SA21/F10_SA21_R03_T0.0-5.0s.png,1,Fall,SA21
/content/drive/MyDrive/datasets/Mosaic_ADL_2x2/Fall/SA21/F10_SA21_R03_T2.5-7.5s.png,1,Fall,SA21
/content/drive/MyDrive/datasets/Mosaic_ADL_2x2/Fall/SA21/F10_SA21_R03_T5.0-10.0s.png,1,Fall,SA21
/content/drive/MyDrive/datasets/Mosaic_ADL_2x2/Fall/SA21/F10_SA21_R03_T7.5-12.5s.png,1,Fall,SA21
/content/drive/MyDrive/datasets/Mosaic_ADL_2x2/Fall/SA21/F10_SA21_R03_T10.0-15.0s.png,1,Fall,SA21
/content/drive/MyDrive/datasets/Mosaic_ADL_2x2/Fall/SA21/F10_SA21_R04_T0.0-5.0s.png,1,Fall,SA21
/content/drive/MyDrive/datasets/Mosaic_ADL_2x2/Fall/SA21/F10_SA21_R04_T2.5-7.5s.png,1,Fall,SA21
/content/drive/MyDrive/datasets/Mosaic_ADL_2x2/Fall/SA21/F10_SA21_R04_T5.0-10.0s.png,1,Fall,SA21
/content/drive/MyDrive/datasets/Mosaic_ADL_2x2/Fall/SA21/F10_SA21_R04_T7.5-12.5s.png,1,Fall,SA21
/content/drive/MyDrive/datasets/Mosaic_ADL_2x2/Fall/SA21/F10_SA21_R04_T10.0-15.0s.png,1,Fall,SA21
/content/drive/MyDrive/datasets/Mosaic_ADL_2x2/Fall/SA21/F10_SA21_R05_T0.0-5.0s.png,1,Fall,SA21
/content/drive/MyDrive/datasets/Mosaic_ADL_2x2/Fall/SA21/F10_SA21_R05_T2.5-7.5s.png,1,Fall,SA21
/content/drive/MyDrive/datasets/Mosaic_ADL_2x2/Fall/SA21/F10_SA21_R05_T5.0-10.0s.png,1,Fall,SA21
/content/drive/MyDrive/datasets/Mosaic_ADL_2x2/Fall/SA21/F10_SA21_R05_T7.5-12.5s.png,1,Fall,SA21
/content/drive/MyDrive/datasets/Mosaic_ADL_2x2/Fall/SA21/F10_SA21_R05_T10.0-15.0s.png,1,Fall,SA21
/content/drive/MyDrive/datasets/Mosaic_ADL_2x2/Fall/SA21/F11_SA21_R01_T0.0-5.0s.png,1,Fall,SA21
/content/drive/MyDrive/datasets/Mosaic_ADL_2x2/Fall/SA21/F11_SA21_R01_T2.5-7.5s.png,1,Fall,SA21
/content/drive/MyDrive/datasets/Mosaic_ADL_2x2/Fall/SA21/F11_SA21_R01_T5.0-10.0s.png,1,Fall,SA21
/content/drive/MyDrive/datasets/Mosaic_ADL_2x2/Fall/SA21/F11_SA21_R01_T7.5-12.5s.png,1,Fall,SA21
/content/drive/MyDrive/datasets/Mosaic_ADL_2x2/Fall/SA21/F11_SA21_R02_T0.0-5.0s.png,1,Fall,SA21
/content/drive/MyDrive/datasets/Mosaic_ADL_2x2/Fall/SA21/F11_SA21_R02_T2.5-7.5s.png,1,Fall,SA21
/content/drive/MyDrive/datasets/Mosaic_ADL_2x2/Fall/SA21/F11_SA21_R02_T5.0-10.0s.png,1,Fall,SA21
/content/drive/MyDrive/datasets/Mosaic_ADL_2x2/Fall/SA21/F11_SA21_R02_T7.5-12.5s.png,1,Fall,SA21
/content/drive/MyDrive/datasets/Mosaic_ADL_2x2/Fall/SA21/F11_SA21_R02_T10.0-15.0s.png,1,Fall,SA21
/content/drive/MyDrive/datasets/Mosaic_ADL_2x2/Fall/SA21/F11_SA21_R03_T0.0-5.0s.png,1,Fall,SA21
/content/drive/MyDrive/datasets/Mosaic_ADL_2x2/Fall/SA21/F11_SA21_R03_T2.5-7.5s.png,1,Fall,SA21
/content/drive/MyDrive/datasets/Mosaic_ADL_2x2/Fall/SA21/F11_SA21_R03_T5.0-10.0s.png,1,Fall,SA21
/content/drive/MyDrive/datasets/Mosaic_ADL_2x2/Fall/SA21/F11_SA21_R03_T7.5-12.5s.png,1,Fall,SA21
/content/drive/MyDrive/datasets/Mosaic_ADL_2x2/Fall/SA21/F11_SA21_R03_T10.0-15.0s.png,1,Fall,SA21
/content/drive/MyDrive/datasets/Mosaic_ADL_2x2/Fall/SA21/F11_SA21_R04_T0.0-5.0s.png,1,Fall,SA21
/content/drive/MyDrive/datasets/Mosaic_ADL_2x2/Fall/SA21/F11_SA21_R04_T2.5-7.5s.png,1,Fall,SA21
/content/drive/MyDrive/datasets/Mosaic_ADL_2x2/Fall/SA21/F11_SA21_R04_T5.0-10.0s.png,1,Fall,SA21
/content/drive/MyDrive/datasets/Mosaic_ADL_2x2/Fall/SA21/F11_SA21_R04_T7.5-12.5s.png,1,Fall,SA21
/content/drive/MyDrive/datasets/Mosaic_ADL_2x2/Fall/SA21/F11_SA21_R04_T10.0-15.0s.png,1,Fall,SA21
/content/drive/MyDrive/datasets/Mosaic_ADL_2x2/Fall/SA21/F11_SA21_R05_T0.0-5.0s.png,1,Fall,SA21
/content/drive/MyDrive/datasets/Mosaic_ADL_2x2/Fall/SA21/F11_SA21_R05_T2.5-7.5s.png,1,Fall,SA21
/content/drive/MyDrive/datasets/Mosaic_ADL_2x2/Fall/SA21/F11_SA21_R05_T5.0-10.0s.png,1,Fall,SA21
/content/drive/MyDrive/datasets/Mosaic_ADL_2x2/Fall/SA21/F11_SA21_R05_T7.5-12.5s.png,1,Fall,SA21
/content/drive/MyDrive/datasets/Mosaic_ADL_2x2/Fall/SA21/F11_SA21_R05_T10.0-15.0s.png,1,Fall,SA21
/content/drive/MyDrive/datasets/Mosaic_ADL_2x2/Fall/SA21/F12_SA21_R01_T0.0-5.0s.png,1,Fall,SA21
/content/drive/MyDrive/datasets/Mosaic_ADL_2x2/Fall/SA21/F12_SA21_R01_T2.5-7.5s.png,1,Fall,SA21
/content/drive/MyDrive/datasets/Mosaic_ADL_2x2/Fall/SA21/F12_SA21_R01_T5.0-10.0s.png,1,Fall,SA21
/content/drive/MyDrive/datasets/Mosaic_ADL_2x2/Fall/SA21/F12_SA21_R01_T7.5-12.5s.png,1,Fall,SA21
/content/drive/MyDrive/datasets/Mosaic_ADL_2x2/Fall/SA21/F12_SA21_R01_T10.0-15.0s.png,1,Fall,SA21
/content/drive/MyDrive/datasets/Mosaic_ADL_2x2/Fall/SA21/F12_SA21_R02_T0.0-5.0s.png,1,Fall,SA21
/content/drive/MyDrive/datasets/Mosaic_ADL_2x2/Fall/SA21/F12_SA21_R02_T2.5-7.5s.png,1,Fall,SA21
/content/drive/MyDrive/datasets/Mosaic_ADL_2x2/Fall/SA21/F12_SA21_R02_T5.0-10.0s.png,1,Fall,SA21
/content/drive/MyDrive/datasets/Mosaic_ADL_2x2/Fall/SA21/F12_SA21_R02_T7.5-12.5s.png,1,Fall,SA21
/content/drive/MyDrive/datasets/Mosaic_ADL_2x2/Fall/SA21/F12_SA21_R02_T10.0-15.0s.png,1,Fall,SA21
/content/drive/MyDrive/datasets/Mosaic_ADL_2x2/Fall/SA21/F12_SA21_R03_T0.0-5.0s.png,1,Fall,SA21
/content/drive/MyDrive/datasets/Mosaic_ADL_2x2/Fall/SA21/F12_SA21_R03_T2.5-7.5s.png,1,Fall,SA21
/content/drive/MyDrive/datasets/Mosaic_ADL_2x2/Fall/SA21/F12_SA21_R03_T5.0-10.0s.png,1,Fall,SA21
/content/drive/MyDrive/datasets/Mosaic_ADL_2x2/Fall/SA21/F12_SA21_R03_T7.5-12.5s.png,1,Fall,SA21
/content/drive/MyDrive/datasets/Mosaic_ADL_2x2/Fall/SA21/F12_SA21_R03_T10.0-15.0s.png,1,Fall,SA21
/content/drive/MyDrive/datasets/Mosaic_ADL_2x2/Fall/SA21/F12_SA21_R04_T0.0-5.0s.png,1,Fall,SA21
/content/drive/MyDrive/datasets/Mosaic_ADL_2x2/Fall/SA21/F12_SA21_R04_T2.5-7.5s.png,1,Fall,SA21
/content/drive/MyDrive/datasets/Mosaic_ADL_2x2/Fall/SA21/F12_SA21_R04_T5.0-10.0s.png,1,Fall,SA21
/content/drive/MyDrive/datasets/Mosaic_ADL_2x2/Fall/SA21/F12_SA21_R04_T7.5-12.5s.png,1,Fall,SA21
/content/drive/MyDrive/datasets/Mosaic_ADL_2x2/Fall/SA21/F12_SA21_R04_T10.0-15.0s.png,1,Fall,SA21
/content/drive/MyDrive/datasets/Mosaic_ADL_2x2/Fall/SA21/F12_SA21_R05_T0.0-5.0s.png,1,Fall,SA21
/content/drive/MyDrive/datasets/Mosaic_ADL_2x2/Fall/SA21/F12_SA21_R05_T2.5-7.5s.png,1,Fall,SA21
/content/drive/MyDrive/datasets/Mosaic_ADL_2x2/Fall/SA21/F12_SA21_R05_T5.0-10.0s.png,1,Fall,SA21
/content/drive/MyDrive/datasets/Mosaic_ADL_2x2/Fall/SA21/F12_SA21_R05_T7.5-12.5s.png,1,Fall,SA21
/content/drive/MyDrive/datasets/Mosaic_ADL_2x2/Fall/SA21/F12_SA21_R05_T10.0-15.0s.png,1,Fall,SA21
/content/drive/MyDrive/datasets/Mosaic_ADL_2x2/Fall/SA21/F13_SA21_R01_T0.0-5.0s.png,1,Fall,SA21
/content/drive/MyDrive/datasets/Mosaic_ADL_2x2/Fall/SA21/F13_SA21_R01_T2.5-7.5s.png,1,Fall,SA21
/content/drive/MyDrive/datasets/Mosaic_ADL_2x2/Fall/SA21/F13_SA21_R01_T5.0-10.0s.png,1,Fall,SA21
/content/drive/MyDrive/datasets/Mosaic_ADL_2x2/Fall/SA21/F13_SA21_R01_T7.5-12.5s.png,1,Fall,SA21
/content/drive/MyDrive/datasets/Mosaic_ADL_2x2/Fall/SA21/F13_SA21_R01_T10.0-15.0s.png,1,Fall,SA21
/content/drive/MyDrive/datasets/Mosaic_ADL_2x2/Fall/SA21/F13_SA21_R02_T0.0-5.0s.png,1,Fall,SA21
/content/drive/MyDrive/datasets/Mosaic_ADL_2x2/Fall/SA21/F13_SA21_R02_T2.5-7.5s.png,1,Fall,SA21
/content/drive/MyDrive/datasets/Mosaic_ADL_2x2/Fall/SA21/F13_SA21_R02_T5.0-10.0s.png,1,Fall,SA21
/content/drive/MyDrive/datasets/Mosaic_ADL_2x2/Fall/SA21/F13_SA21_R02_T7.5-12.5s.png,1,Fall,SA21
/content/drive/MyDrive/datasets/Mosaic_ADL_2x2/Fall/SA21/F13_SA21_R02_T10.0-15.0s.png,1,Fall,SA21
/content/drive/MyDrive/datasets/Mosaic_ADL_2x2/Fall/SA21/F13_SA21_R03_T0.0-5.0s.png,1,Fall,SA21
/content/drive/MyDrive/datasets/Mosaic_ADL_2x2/Fall/SA21/F13_SA21_R03_T2.5-7.5s.png,1,Fall,SA21
/content/drive/MyDrive/datasets/Mosaic_ADL_2x2/Fall/SA21/F13_SA21_R03_T5.0-10.0s.png,1,Fall,SA21
/content/drive/MyDrive/datasets/Mosaic_ADL_2x2/Fall/SA21/F13_SA21_R03_T7.5-12.5s.png,1,Fall,SA21
/content/drive/MyDrive/datasets/Mosaic_ADL_2x2/Fall/SA21/F13_SA21_R03_T10.0-15.0s.png,1,Fall,SA21
/content/drive/MyDrive/datasets/Mosaic_ADL_2x2/Fall/SA21/F13_SA21_R04_T0.0-5.0s.png,1,Fall,SA21
/content/drive/MyDrive/datasets/Mosaic_ADL_2x2/Fall/SA21/F13_SA21_R04_T2.5-7.5s.png,1,Fall,SA21
/content/drive/MyDrive/datasets/Mosaic_ADL_2x2/Fall/SA21/F13_SA21_R04_T5.0-10.0s.png,1,Fall,SA21
/content/drive/MyDrive/datasets/Mosaic_ADL_2x2/Fall/SA21/F13_SA21_R04_T7.5-12.5s.png,1,Fall,SA21
/content/drive/MyDrive/datasets/Mosaic_ADL_2x2/Fall/SA21/F13_SA21_R04_T10.0-15.0s.png,1,Fall,SA21
/content/drive/MyDrive/datasets/Mosaic_ADL_2x2/Fall/SA21/F13_SA21_R05_T0.0-5.0s.png,1,Fall,SA21
/content/drive/MyDrive/datasets/Mosaic_ADL_2x2/Fall/SA21/F13_SA21_R05_T2.5-7.5s.png,1,Fall,SA21
/content/drive/MyDrive/datasets/Mosaic_ADL_2x2/Fall/SA21/F13_SA21_R05_T5.0-10.0s.png,1,Fall,SA21
/content/drive/MyDrive/datasets/Mosaic_ADL_2x2/Fall/SA21/F13_SA21_R05_T7.5-12.5s.png,1,Fall,SA21
/content/drive/MyDrive/datasets/Mosaic_ADL_2x2/Fall/SA21/F13_SA21_R05_T10.0-15.0s.png,1,Fall,SA21
/content/drive/MyDrive/datasets/Mosaic_ADL_2x2/Fall/SA21/F14_SA21_R01_T0.0-5.0s.png,1,Fall,SA21
/content/drive/MyDrive/datasets/Mosaic_ADL_2x2/Fall/SA21/F14_SA21_R01_T2.5-7.5s.png,1,Fall,SA21
/content/drive/MyDrive/datasets/Mosaic_ADL_2x2/Fall/SA21/F14_SA21_R01_T5.0-10.0s.png,1,Fall,SA21
/content/drive/MyDrive/datasets/Mosaic_ADL_2x2/Fall/SA21/F14_SA21_R01_T7.5-12.5s.png,1,Fall,SA21
/content/drive/MyDrive/datasets/Mosaic_ADL_2x2/Fall/SA21/F14_SA21_R01_T10.0-15.0s.png,1,Fall,SA21
/content/drive/MyDrive/datasets/Mosaic_ADL_2x2/Fall/SA21/F14_SA21_R02_T0.0-5.0s.png,1,Fall,SA21
/content/drive/MyDrive/datasets/Mosaic_ADL_2x2/Fall/SA21/F14_SA21_R02_T2.5-7.5s.png,1,Fall,SA21
/content/drive/MyDrive/datasets/Mosaic_ADL_2x2/Fall/SA21/F14_SA21_R02_T5.0-10.0s.png,1,Fall,SA21
/content/drive/MyDrive/datasets/Mosaic_ADL_2x2/Fall/SA21/F14_SA21_R02_T7.5-12.5s.png,1,Fall,SA21
/content/drive/MyDrive/datasets/Mosaic_ADL_2x2/Fall/SA21/F14_SA21_R02_T10.0-15.0s.png,1,Fall,SA21
/content/drive/MyDrive/datasets/Mosaic_ADL_2x2/Fall/SA21/F14_SA21_R03_T0.0-5.0s.png,1,Fall,SA21
/content/drive/MyDrive/datasets/Mosaic_ADL_2x2/Fall/SA21/F14_SA21_R03_T2.5-7.5s.png,1,Fall,SA21
/content/drive/MyDrive/datasets/Mosaic_ADL_2x2/Fall/SA21/F14_SA21_R03_T5.0-10.0s.png,1,Fall,SA21
/content/drive/MyDrive/datasets/Mosaic_ADL_2x2/Fall/SA21/F14_SA21_R03_T7.5-12.5s.png,1,Fall,SA21
/content/drive/MyDrive/datasets/Mosaic_ADL_2x2/Fall/SA21/F14_SA21_R03_T10.0-15.0s.png,1,Fall,SA21
/content/drive/MyDrive/datasets/Mosaic_ADL_2x2/Fall/SA21/F14_SA21_R04_T0.0-5.0s.png,1,Fall,SA21
/content/drive/MyDrive/datasets/Mosaic_ADL_2x2/Fall/SA21/F14_SA21_R04_T2.5-7.5s.png,1,Fall,SA21
/content/drive/MyDrive/datasets/Mosaic_ADL_2x2/Fall/SA21/F14_SA21_R04_T5.0-10.0s.png,1,Fall,SA21
/content/drive/MyDrive/datasets/Mosaic_ADL_2x2/Fall/SA21/F14_SA21_R04_T7.5-12.5s.png,1,Fall,SA21
/content/drive/MyDrive/datasets/Mosaic_ADL_2x2/Fall/SA21/F14_SA21_R04_T10.0-15.0s.png,1,Fall,SA21
/content/drive/MyDrive/datasets/Mosaic_ADL_2x2/Fall/SA21/F14_SA21_R05_T0.0-5.0s.png,1,Fall,SA21
/content/drive/MyDrive/datasets/Mosaic_ADL_2x2/Fall/SA21/F14_SA21_R05_T2.5-7.5s.png,1,Fall,SA21
/content/drive/MyDrive/datasets/Mosaic_ADL_2x2/Fall/SA21/F14_SA21_R05_T5.0-10.0s.png,1,Fall,SA21
/content/drive/MyDrive/datasets/Mosaic_ADL_2x2/Fall/SA21/F14_SA21_R05_T7.5-12.5s.png,1,Fall,SA21
/content/drive/MyDrive/datasets/Mosaic_ADL_2x2/Fall/SA21/F14_SA21_R05_T10.0-15.0s.png,1,Fall,SA21
/content/drive/MyDrive/datasets/Mosaic_ADL_2x2/Fall/SA21/F15_SA21_R01_T0.0-5.0s.png,1,Fall,SA21
/content/drive/MyDrive/datasets/Mosaic_ADL_2x2/Fall/SA21/F15_SA21_R01_T2.5-7.5s.png,1,Fall,SA21
/content/drive/MyDrive/datasets/Mosaic_ADL_2x2/Fall/SA21/F15_SA21_R01_T5.0-10.0s.png,1,Fall,SA21
/content/drive/MyDrive/datasets/Mosaic_ADL_2x2/Fall/SA21/F15_SA21_R01_T7.5-12.5s.png,1,Fall,SA21
/content/drive/MyDrive/datasets/Mosaic_ADL_2x2/Fall/SA21/F15_SA21_R01_T10.0-15.0s.png,1,Fall,SA21
/content/drive/MyDrive/datasets/Mosaic_ADL_2x2/Fall/SA21/F15_SA21_R02_T0.0-5.0s.png,1,Fall,SA21
/content/drive/MyDrive/datasets/Mosaic_ADL_2x2/Fall/SA21/F15_SA21_R02_T2.5-7.5s.png,1,Fall,SA21
/content/drive/MyDrive/datasets/Mosaic_ADL_2x2/Fall/SA21/F15_SA21_R02_T5.0-10.0s.png,1,Fall,SA21
/content/drive/MyDrive/datasets/Mosaic_ADL_2x2/Fall/SA21/F15_SA21_R02_T7.5-12.5s.png,1,Fall,SA21
/content/drive/MyDrive/datasets/Mosaic_ADL_2x2/Fall/SA21/F15_SA21_R02_T10.0-15.0s.png,1,Fall,SA21
/content/drive/MyDrive/datasets/Mosaic_ADL_2x2/Fall/SA21/F15_SA21_R03_T0.0-5.0s.png,1,Fall,SA21
/content/drive/MyDrive/datasets/Mosaic_ADL_2x2/Fall/SA21/F15_SA21_R03_T2.5-7.5s.png,1,Fall,SA21
/content/drive/MyDrive/datasets/Mosaic_ADL_2x2/Fall/SA21/F15_SA21_R03_T5.0-10.0s.png,1,Fall,SA21
/content/drive/MyDrive/datasets/Mosaic_ADL_2x2/Fall/SA21/F15_SA21_R03_T7.5-12.5s.png,1,Fall,SA21
/content/drive/MyDrive/datasets/Mosaic_ADL_2x2/Fall/SA21/F15_SA21_R03_T10.0-15.0s.png,1,Fall,SA21
/content/drive/MyDrive/datasets/Mosaic_ADL_2x2/Fall/SA21/F15_SA21_R04_T0.0-5.0s.png,1,Fall,SA21
/content/drive/MyDrive/datasets/Mosaic_ADL_2x2/Fall/SA21/F15_SA21_R04_T2.5-7.5s.png,1,Fall,SA21
/content/drive/MyDrive/datasets/Mosaic_ADL_2x2/Fall/SA21/F15_SA21_R04_T5.0-10.0s.png,1,Fall,SA21
/content/drive/MyDrive/datasets/Mosaic_ADL_2x2/Fall/SA21/F15_SA21_R04_T7.5-12.5s.png,1,Fall,SA21
/content/drive/MyDrive/datasets/Mosaic_ADL_2x2/Fall/SA21/F15_SA21_R04_T10.0-15.0s.png,1,Fall,SA21
/content/drive/MyDrive/datasets/Mosaic_ADL_2x2/Fall/SA21/F15_SA21_R05_T0.0-5.0s.png,1,Fall,SA21
/content/drive/MyDrive/datasets/Mosaic_ADL_2x2/Fall/SA21/F15_SA21_R05_T2.5-7.5s.png,1,Fall,SA21
/content/drive/MyDrive/datasets/Mosaic_ADL_2x2/Fall/SA21/F15_SA21_R05_T5.0-10.0s.png,1,Fall,SA21
/content/drive/MyDrive/datasets/Mosaic_ADL_2x2/Fall/SA21/F15_SA21_R05_T7.5-12.5s.png,1,Fall,SA21
/content/drive/MyDrive/datasets/Mosaic_ADL_2x2/Fall/SA21/F15_SA21_R05_T10.0-15.0s.png,1,Fall,SA21
/content/drive/MyDrive/datasets/Mosaic_ADL_2x2/Fall/SA19/F01_SA19_R01_T0.0-5.0s.png,1,Fall,SA19
/content/drive/MyDrive/datasets/Mosaic_ADL_2x2/Fall/SA19/F01_SA19_R01_T2.5-7.5s.png,1,Fall,SA19
/content/drive/MyDrive/datasets/Mosaic_ADL_2x2/Fall/SA19/F01_SA19_R01_T5.0-10.0s.png,1,Fall,SA19
/content/drive/MyDrive/datasets/Mosaic_ADL_2x2/Fall/SA19/F01_SA19_R01_T7.5-12.5s.png,1,Fall,SA19
/content/drive/MyDrive/datasets/Mosaic_ADL_2x2/Fall/SA19/F01_SA19_R02_T0.0-5.0s.png,1,Fall,SA19
/content/drive/MyDrive/datasets/Mosaic_ADL_2x2/Fall/SA19/F01_SA19_R02_T2.5-7.5s.png,1,Fall,SA19
/content/drive/MyDrive/datasets/Mosaic_ADL_2x2/Fall/SA19/F01_SA19_R02_T5.0-10.0s.png,1,Fall,SA19
/content/drive/MyDrive/datasets/Mosaic_ADL_2x2/Fall/SA19/F01_SA19_R02_T7.5-12.5s.png,1,Fall,SA19
/content/drive/MyDrive/datasets/Mosaic_ADL_2x2/Fall/SA19/F01_SA19_R02_T10.0-15.0s.png,1,Fall,SA19
/content/drive/MyDrive/datasets/Mosaic_ADL_2x2/Fall/SA19/F01_SA19_R03_T0.0-5.0s.png,1,Fall,SA19
/content/drive/MyDrive/datasets/Mosaic_ADL_2x2/Fall/SA19/F01_SA19_R03_T2.5-7.5s.png,1,Fall,SA19
/content/drive/MyDrive/datasets/Mosaic_ADL_2x2/Fall/SA19/F01_SA19_R03_T5.0-10.0s.png,1,Fall,SA19
/content/drive/MyDrive/datasets/Mosaic_ADL_2x2/Fall/SA19/F01_SA19_R03_T7.5-12.5s.png,1,Fall,SA19
/content/drive/MyDrive/datasets/Mosaic_ADL_2x2/Fall/SA19/F01_SA19_R03_T10.0-15.0s.png,1,Fall,SA19
/content/drive/MyDrive/datasets/Mosaic_ADL_2x2/Fall/SA19/F01_SA19_R04_T0.0-5.0s.png,1,Fall,SA19
/content/drive/MyDrive/datasets/Mosaic_ADL_2x2/Fall/SA19/F01_SA19_R04_T2.5-7.5s.png,1,Fall,SA19
/content/drive/MyDrive/datasets/Mosaic_ADL_2x2/Fall/SA19/F01_SA19_R04_T5.0-10.0s.png,1,Fall,SA19
/content/drive/MyDrive/datasets/Mosaic_ADL_2x2/Fall/SA19/F01_SA19_R04_T7.5-12.5s.png,1,Fall,SA19
/content/drive/MyDrive/datasets/Mosaic_ADL_2x2/Fall/SA19/F01_SA19_R04_T10.0-15.0s.png,1,Fall,SA19
/content/drive/MyDrive/datasets/Mosaic_ADL_2x2/Fall/SA19/F01_SA19_R05_T0.0-5.0s.png,1,Fall,SA19
/content/drive/MyDrive/datasets/Mosaic_ADL_2x2/Fall/SA19/F01_SA19_R05_T2.5-7.5s.png,1,Fall,SA19
/content/drive/MyDrive/datasets/Mosaic_ADL_2x2/Fall/SA19/F01_SA19_R05_T5.0-10.0s.png,1,Fall,SA19
/content/drive/MyDrive/datasets/Mosaic_ADL_2x2/Fall/SA19/F01_SA19_R05_T7.5-12.5s.png,1,Fall,SA19
/content/drive/MyDrive/datasets/Mosaic_ADL_2x2/Fall/SA19/F01_SA19_R05_T10.0-15.0s.png,1,Fall,SA19
/content/drive/MyDrive/datasets/Mosaic_ADL_2x2/Fall/SA19/F02_SA19_R01_T0.0-5.0s.png,1,Fall,SA19
/content/drive/MyDrive/datasets/Mosaic_ADL_2x2/Fall/SA19/F02_SA19_R01_T2.5-7.5s.png,1,Fall,SA19
/content/drive/MyDrive/datasets/Mosaic_ADL_2x2/Fall/SA19/F02_SA19_R01_T5.0-10.0s.png,1,Fall,SA19
/content/drive/MyDrive/datasets/Mosaic_ADL_2x2/Fall/SA19/F02_SA19_R01_T7.5-12.5s.png,1,Fall,SA19
/content/drive/MyDrive/datasets/Mosaic_ADL_2x2/Fall/SA19/F02_SA19_R01_T10.0-15.0s.png,1,Fall,SA19
/content/drive/MyDrive/datasets/Mosaic_ADL_2x2/Fall/SA19/F02_SA19_R02_T0.0-5.0s.png,1,Fall,SA19
/content/drive/MyDrive/datasets/Mosaic_ADL_2x2/Fall/SA19/F02_SA19_R02_T2.5-7.5s.png,1,Fall,SA19
/content/drive/MyDrive/datasets/Mosaic_ADL_2x2/Fall/SA19/F02_SA19_R02_T5.0-10.0s.png,1,Fall,SA19
/content/drive/MyDrive/datasets/Mosaic_ADL_2x2/Fall/SA19/F02_SA19_R02_T7.5-12.5s.png,1,Fall,SA19
/content/drive/MyDrive/datasets/Mosaic_ADL_2x2/Fall/SA19/F02_SA19_R02_T10.0-15.0s.png,1,Fall,SA19
/content/drive/MyDrive/datasets/Mosaic_ADL_2x2/Fall/SA19/F02_SA19_R03_T0.0-5.0s.png,1,Fall,SA19
/content/drive/MyDrive/datasets/Mosaic_ADL_2x2/Fall/SA19/F02_SA19_R03_T2.5-7.5s.png,1,Fall,SA19
/content/drive/MyDrive/datasets/Mosaic_ADL_2x2/Fall/SA19/F02_SA19_R03_T5.0-10.0s.png,1,Fall,SA19
/content/drive/MyDrive/datasets/Mosaic_ADL_2x2/Fall/SA19/F02_SA19_R03_T7.5-12.5s.png,1,Fall,SA19
/content/drive/MyDrive/datasets/Mosaic_ADL_2x2/Fall/SA19/F02_SA19_R03_T10.0-15.0s.png,1,Fall,SA19
/content/drive/MyDrive/datasets/Mosaic_ADL_2x2/Fall/SA19/F02_SA19_R04_T0.0-5.0s.png,1,Fall,SA19
/content/drive/MyDrive/datasets/Mosaic_ADL_2x2/Fall/SA19/F02_SA19_R04_T2.5-7.5s.png,1,Fall,SA19
/content/drive/MyDrive/datasets/Mosaic_ADL_2x2/Fall/SA19/F02_SA19_R04_T5.0-10.0s.png,1,Fall,SA19
/content/drive/MyDrive/datasets/Mosaic_ADL_2x2/Fall/SA19/F02_SA19_R04_T7.5-12.5s.png,1,Fall,SA19
/content/drive/MyDrive/datasets/Mosaic_ADL_2x2/Fall/SA19/F02_SA19_R04_T10.0-15.0s.png,1,Fall,SA19
/content/drive/MyDrive/datasets/Mosaic_ADL_2x2/Fall/SA19/F02_SA19_R05_T0.0-5.0s.png,1,Fall,SA19
/content/drive/MyDrive/datasets/Mosaic_ADL_2x2/Fall/SA19/F02_SA19_R05_T2.5-7.5s.png,1,Fall,SA19
/content/drive/MyDrive/datasets/Mosaic_ADL_2x2/Fall/SA19/F02_SA19_R05_T5.0-10.0s.png,1,Fall,SA19
/content/drive/MyDrive/datasets/Mosaic_ADL_2x2/Fall/SA19/F02_SA19_R05_T7.5-12.5s.png,1,Fall,SA19
/content/drive/MyDrive/datasets/Mosaic_ADL_2x2/Fall/SA19/F02_SA19_R05_T10.0-15.0s.png,1,Fall,SA19
/content/drive/MyDrive/datasets/Mosaic_ADL_2x2/Fall/SA19/F03_SA19_R01_T0.0-5.0s.png,1,Fall,SA19
/content/drive/MyDrive/datasets/Mosaic_ADL_2x2/Fall/SA19/F03_SA19_R01_T2.5-7.5s.png,1,Fall,SA19
/content/drive/MyDrive/datasets/Mosaic_ADL_2x2/Fall/SA19/F03_SA19_R01_T5.0-10.0s.png,1,Fall,SA19
/content/drive/MyDrive/datasets/Mosaic_ADL_2x2/Fall/SA19/F03_SA19_R01_T7.5-12.5s.png,1,Fall,SA19
/content/drive/MyDrive/datasets/Mosaic_ADL_2x2/Fall/SA19/F03_SA19_R01_T10.0-15.0s.png,1,Fall,SA19
/content/drive/MyDrive/datasets/Mosaic_ADL_2x2/Fall/SA19/F03_SA19_R02_T0.0-5.0s.png,1,Fall,SA19
/content/drive/MyDrive/datasets/Mosaic_ADL_2x2/Fall/SA19/F03_SA19_R02_T2.5-7.5s.png,1,Fall,SA19
/content/drive/MyDrive/datasets/Mosaic_ADL_2x2/Fall/SA19/F03_SA19_R02_T5.0-10.0s.png,1,Fall,SA19
/content/drive/MyDrive/datasets/Mosaic_ADL_2x2/Fall/SA19/F03_SA19_R02_T7.5-12.5s.png,1,Fall,SA19
/content/drive/MyDrive/datasets/Mosaic_ADL_2x2/Fall/SA19/F03_SA19_R02_T10.0-15.0s.png,1,Fall,SA19
/content/drive/MyDrive/datasets/Mosaic_ADL_2x2/Fall/SA19/F03_SA19_R03_T0.0-5.0s.png,1,Fall,SA19
/content/drive/MyDrive/datasets/Mosaic_ADL_2x2/Fall/SA19/F03_SA19_R03_T2.5-7.5s.png,1,Fall,SA19
/content/drive/MyDrive/datasets/Mosaic_ADL_2x2/Fall/SA19/F03_SA19_R03_T5.0-10.0s.png,1,Fall,SA19
/content/drive/MyDrive/datasets/Mosaic_ADL_2x2/Fall/SA19/F03_SA19_R03_T7.5-12.5s.png,1,Fall,SA19
/content/drive/MyDrive/datasets/Mosaic_ADL_2x2/Fall/SA19/F03_SA19_R04_T0.0-5.0s.png,1,Fall,SA19
/content/drive/MyDrive/datasets/Mosaic_ADL_2x2/Fall/SA19/F03_SA19_R04_T2.5-7.5s.png,1,Fall,SA19
/content/drive/MyDrive/datasets/Mosaic_ADL_2x2/Fall/SA19/F03_SA19_R04_T5.0-10.0s.png,1,Fall,SA19
/content/drive/MyDrive/datasets/Mosaic_ADL_2x2/Fall/SA19/F03_SA19_R04_T7.5-12.5s.png,1,Fall,SA19
/content/drive/MyDrive/datasets/Mosaic_ADL_2x2/Fall/SA19/F03_SA19_R04_T10.0-15.0s.png,1,Fall,SA19
/content/drive/MyDrive/datasets/Mosaic_ADL_2x2/Fall/SA19/F03_SA19_R05_T0.0-5.0s.png,1,Fall,SA19
/content/drive/MyDrive/datasets/Mosaic_ADL_2x2/Fall/SA19/F03_SA19_R05_T2.5-7.5s.png,1,Fall,SA19
/content/drive/MyDrive/datasets/Mosaic_ADL_2x2/Fall/SA19/F03_SA19_R05_T5.0-10.0s.png,1,Fall,SA19
/content/drive/MyDrive/datasets/Mosaic_ADL_2x2/Fall/SA19/F03_SA19_R05_T7.5-12.5s.png,1,Fall,SA19
/content/drive/MyDrive/datasets/Mosaic_ADL_2x2/Fall/SA19/F03_SA19_R05_T10.0-15.0s.png,1,Fall,SA19
/content/drive/MyDrive/datasets/Mosaic_ADL_2x2/Fall/SA19/F04_SA19_R01_T0.0-5.0s.png,1,Fall,SA19
/content/drive/MyDrive/datasets/Mosaic_ADL_2x2/Fall/SA19/F04_SA19_R01_T2.5-7.5s.png,1,Fall,SA19
/content/drive/MyDrive/datasets/Mosaic_ADL_2x2/Fall/SA19/F04_SA19_R01_T5.0-10.0s.png,1,Fall,SA19
/content/drive/MyDrive/datasets/Mosaic_ADL_2x2/Fall/SA19/F04_SA19_R01_T7.5-12.5s.png,1,Fall,SA19
/content/drive/MyDrive/datasets/Mosaic_ADL_2x2/Fall/SA19/F04_SA19_R01_T10.0-15.0s.png,1,Fall,SA19
/content/drive/MyDrive/datasets/Mosaic_ADL_2x2/Fall/SA19/F04_SA19_R02_T0.0-5.0s.png,1,Fall,SA19
/content/drive/MyDrive/datasets/Mosaic_ADL_2x2/Fall/SA19/F04_SA19_R02_T2.5-7.5s.png,1,Fall,SA19
/content/drive/MyDrive/datasets/Mosaic_ADL_2x2/Fall/SA19/F04_SA19_R02_T5.0-10.0s.png,1,Fall,SA19
/content/drive/MyDrive/datasets/Mosaic_ADL_2x2/Fall/SA19/F04_SA19_R02_T7.5-12.5s.png,1,Fall,SA19
/content/drive/MyDrive/datasets/Mosaic_ADL_2x2/Fall/SA19/F04_SA19_R02_T10.0-15.0s.png,1,Fall,SA19
/content/drive/MyDrive/datasets/Mosaic_ADL_2x2/Fall/SA19/F04_SA19_R03_T0.0-5.0s.png,1,Fall,SA19
/content/drive/MyDrive/datasets/Mosaic_ADL_2x2/Fall/SA19/F04_SA19_R03_T2.5-7.5s.png,1,Fall,SA19
/content/drive/MyDrive/datasets/Mosaic_ADL_2x2/Fall/SA19/F04_SA19_R03_T5.0-10.0s.png,1,Fall,SA19
/content/drive/MyDrive/datasets/Mosaic_ADL_2x2/Fall/SA19/F04_SA19_R03_T7.5-12.5s.png,1,Fall,SA19
/content/drive/MyDrive/datasets/Mosaic_ADL_2x2/Fall/SA19/F04_SA19_R04_T0.0-5.0s.png,1,Fall,SA19
/content/drive/MyDrive/datasets/Mosaic_ADL_2x2/Fall/SA19/F04_SA19_R04_T2.5-7.5s.png,1,Fall,SA19
/content/drive/MyDrive/datasets/Mosaic_ADL_2x2/Fall/SA19/F04_SA19_R04_T5.0-10.0s.png,1,Fall,SA19
/content/drive/MyDrive/datasets/Mosaic_ADL_2x2/Fall/SA19/F04_SA19_R04_T7.5-12.5s.png,1,Fall,SA19
/content/drive/MyDrive/datasets/Mosaic_ADL_2x2/Fall/SA19/F04_SA19_R04_T10.0-15.0s.png,1,Fall,SA19
/content/drive/MyDrive/datasets/Mosaic_ADL_2x2/Fall/SA19/F04_SA19_R05_T0.0-5.0s.png,1,Fall,SA19
/content/drive/MyDrive/datasets/Mosaic_ADL_2x2/Fall/SA19/F04_SA19_R05_T2.5-7.5s.png,1,Fall,SA19
/content/drive/MyDrive/datasets/Mosaic_ADL_2x2/Fall/SA19/F04_SA19_R05_T5.0-10.0s.png,1,Fall,SA19
/content/drive/MyDrive/datasets/Mosaic_ADL_2x2/Fall/SA19/F04_SA19_R05_T7.5-12.5s.png,1,Fall,SA19
/content/drive/MyDrive/datasets/Mosaic_ADL_2x2/Fall/SA19/F04_SA19_R05_T10.0-15.0s.png,1,Fall,SA19
/content/drive/MyDrive/datasets/Mosaic_ADL_2x2/Fall/SA19/F05_SA19_R01_T0.0-5.0s.png,1,Fall,SA19
/content/drive/MyDrive/datasets/Mosaic_ADL_2x2/Fall/SA19/F05_SA19_R01_T2.5-7.5s.png,1,Fall,SA19
/content/drive/MyDrive/datasets/Mosaic_ADL_2x2/Fall/SA19/F05_SA19_R01_T5.0-10.0s.png,1,Fall,SA19
/content/drive/MyDrive/datasets/Mosaic_ADL_2x2/Fall/SA19/F05_SA19_R01_T7.5-12.5s.png,1,Fall,SA19
/content/drive/MyDrive/datasets/Mosaic_ADL_2x2/Fall/SA19/F05_SA19_R01_T10.0-15.0s.png,1,Fall,SA19
/content/drive/MyDrive/datasets/Mosaic_ADL_2x2/Fall/SA19/F05_SA19_R02_T0.0-5.0s.png,1,Fall,SA19
/content/drive/MyDrive/datasets/Mosaic_ADL_2x2/Fall/SA19/F05_SA19_R02_T2.5-7.5s.png,1,Fall,SA19
/content/drive/MyDrive/datasets/Mosaic_ADL_2x2/Fall/SA19/F05_SA19_R02_T5.0-10.0s.png,1,Fall,SA19
/content/drive/MyDrive/datasets/Mosaic_ADL_2x2/Fall/SA19/F05_SA19_R02_T7.5-12.5s.png,1,Fall,SA19
/content/drive/MyDrive/datasets/Mosaic_ADL_2x2/Fall/SA19/F05_SA19_R02_T10.0-15.0s.png,1,Fall,SA19
/content/drive/MyDrive/datasets/Mosaic_ADL_2x2/Fall/SA19/F05_SA19_R03_T0.0-5.0s.png,1,Fall,SA19
/content/drive/MyDrive/datasets/Mosaic_ADL_2x2/Fall/SA19/F05_SA19_R03_T2.5-7.5s.png,1,Fall,SA19
/content/drive/MyDrive/datasets/Mosaic_ADL_2x2/Fall/SA19/F05_SA19_R03_T5.0-10.0s.png,1,Fall,SA19
/content/drive/MyDrive/datasets/Mosaic_ADL_2x2/Fall/SA19/F05_SA19_R03_T7.5-12.5s.png,1,Fall,SA19
/content/drive/MyDrive/datasets/Mosaic_ADL_2x2/Fall/SA19/F05_SA19_R04_T0.0-5.0s.png,1,Fall,SA19
/content/drive/MyDrive/datasets/Mosaic_ADL_2x2/Fall/SA19/F05_SA19_R04_T2.5-7.5s.png,1,Fall,SA19
/content/drive/MyDrive/datasets/Mosaic_ADL_2x2/Fall/SA19/F05_SA19_R04_T5.0-10.0s.png,1,Fall,SA19
/content/drive/MyDrive/datasets/Mosaic_ADL_2x2/Fall/SA19/F05_SA19_R04_T7.5-12.5s.png,1,Fall,SA19
/content/drive/MyDrive/datasets/Mosaic_ADL_2x2/Fall/SA19/F05_SA19_R04_T10.0-15.0s.png,1,Fall,SA19
/content/drive/MyDrive/datasets/Mosaic_ADL_2x2/Fall/SA19/F05_SA19_R05_T0.0-5.0s.png,1,Fall,SA19
/content/drive/MyDrive/datasets/Mosaic_ADL_2x2/Fall/SA19/F05_SA19_R05_T2.5-7.5s.png,1,Fall,SA19
/content/drive/MyDrive/datasets/Mosaic_ADL_2x2/Fall/SA19/F05_SA19_R05_T5.0-10.0s.png,1,Fall,SA19
/content/drive/MyDrive/datasets/Mosaic_ADL_2x2/Fall/SA19/F05_SA19_R05_T7.5-12.5s.png,1,Fall,SA19
/content/drive/MyDrive/datasets/Mosaic_ADL_2x2/Fall/SA19/F05_SA19_R05_T10.0-15.0s.png,1,Fall,SA19
/content/drive/MyDrive/datasets/Mosaic_ADL_2x2/Fall/SA19/F06_SA19_R01_T0.0-5.0s.png,1,Fall,SA19
/content/drive/MyDrive/datasets/Mosaic_ADL_2x2/Fall/SA19/F06_SA19_R01_T2.5-7.5s.png,1,Fall,SA19
/content/drive/MyDrive/datasets/Mosaic_ADL_2x2/Fall/SA19/F06_SA19_R01_T5.0-10.0s.png,1,Fall,SA19
/content/drive/MyDrive/datasets/Mosaic_ADL_2x2/Fall/SA19/F06_SA19_R01_T7.5-12.5s.png,1,Fall,SA19
/content/drive/MyDrive/datasets/Mosaic_ADL_2x2/Fall/SA19/F06_SA19_R02_T0.0-5.0s.png,1,Fall,SA19
/content/drive/MyDrive/datasets/Mosaic_ADL_2x2/Fall/SA19/F06_SA19_R02_T2.5-7.5s.png,1,Fall,SA19
/content/drive/MyDrive/datasets/Mosaic_ADL_2x2/Fall/SA19/F06_SA19_R02_T5.0-10.0s.png,1,Fall,SA19
/content/drive/MyDrive/datasets/Mosaic_ADL_2x2/Fall/SA19/F06_SA19_R02_T7.5-12.5s.png,1,Fall,SA19
/content/drive/MyDrive/datasets/Mosaic_ADL_2x2/Fall/SA19/F06_SA19_R02_T10.0-15.0s.png,1,Fall,SA19
/content/drive/MyDrive/datasets/Mosaic_ADL_2x2/Fall/SA19/F06_SA19_R03_T0.0-5.0s.png,1,Fall,SA19
/content/drive/MyDrive/datasets/Mosaic_ADL_2x2/Fall/SA19/F06_SA19_R03_T2.5-7.5s.png,1,Fall,SA19
/content/drive/MyDrive/datasets/Mosaic_ADL_2x2/Fall/SA19/F06_SA19_R03_T5.0-10.0s.png,1,Fall,SA19
/content/drive/MyDrive/datasets/Mosaic_ADL_2x2/Fall/SA19/F06_SA19_R03_T7.5-12.5s.png,1,Fall,SA19
/content/drive/MyDrive/datasets/Mosaic_ADL_2x2/Fall/SA19/F06_SA19_R03_T10.0-15.0s.png,1,Fall,SA19
/content/drive/MyDrive/datasets/Mosaic_ADL_2x2/Fall/SA19/F06_SA19_R04_T0.0-5.0s.png,1,Fall,SA19
/content/drive/MyDrive/datasets/Mosaic_ADL_2x2/Fall/SA19/F06_SA19_R04_T2.5-7.5s.png,1,Fall,SA19
/content/drive/MyDrive/datasets/Mosaic_ADL_2x2/Fall/SA19/F06_SA19_R04_T5.0-10.0s.png,1,Fall,SA19
/content/drive/MyDrive/datasets/Mosaic_ADL_2x2/Fall/SA19/F06_SA19_R04_T7.5-12.5s.png,1,Fall,SA19
/content/drive/MyDrive/datasets/Mosaic_ADL_2x2/Fall/SA19/F06_SA19_R04_T10.0-15.0s.png,1,Fall,SA19
/content/drive/MyDrive/datasets/Mosaic_ADL_2x2/Fall/SA19/F06_SA19_R05_T0.0-5.0s.png,1,Fall,SA19
/content/drive/MyDrive/datasets/Mosaic_ADL_2x2/Fall/SA19/F06_SA19_R05_T2.5-7.5s.png,1,Fall,SA19
/content/drive/MyDrive/datasets/Mosaic_ADL_2x2/Fall/SA19/F06_SA19_R05_T5.0-10.0s.png,1,Fall,SA19
/content/drive/MyDrive/datasets/Mosaic_ADL_2x2/Fall/SA19/F06_SA19_R05_T7.5-12.5s.png,1,Fall,SA19
/content/drive/MyDrive/datasets/Mosaic_ADL_2x2/Fall/SA19/F06_SA19_R05_T10.0-15.0s.png,1,Fall,SA19
/content/drive/MyDrive/datasets/Mosaic_ADL_2x2/Fall/SA19/F07_SA19_R01_T0.0-5.0s.png,1,Fall,SA19
/content/drive/MyDrive/datasets/Mosaic_ADL_2x2/Fall/SA19/F07_SA19_R01_T2.5-7.5s.png,1,Fall,SA19
/content/drive/MyDrive/datasets/Mosaic_ADL_2x2/Fall/SA19/F07_SA19_R01_T5.0-10.0s.png,1,Fall,SA19
/content/drive/MyDrive/datasets/Mosaic_ADL_2x2/Fall/SA19/F07_SA19_R01_T7.5-12.5s.png,1,Fall,SA19
/content/drive/MyDrive/datasets/Mosaic_ADL_2x2/Fall/SA19/F07_SA19_R02_T0.0-5.0s.png,1,Fall,SA19
/content/drive/MyDrive/datasets/Mosaic_ADL_2x2/Fall/SA19/F07_SA19_R02_T2.5-7.5s.png,1,Fall,SA19
/content/drive/MyDrive/datasets/Mosaic_ADL_2x2/Fall/SA19/F07_SA19_R02_T5.0-10.0s.png,1,Fall,SA19
/content/drive/MyDrive/datasets/Mosaic_ADL_2x2/Fall/SA19/F07_SA19_R02_T7.5-12.5s.png,1,Fall,SA19
/content/drive/MyDrive/datasets/Mosaic_ADL_2x2/Fall/SA19/F07_SA19_R02_T10.0-15.0s.png,1,Fall,SA19
/content/drive/MyDrive/datasets/Mosaic_ADL_2x2/Fall/SA19/F07_SA19_R03_T0.0-5.0s.png,1,Fall,SA19
/content/drive/MyDrive/datasets/Mosaic_ADL_2x2/Fall/SA19/F07_SA19_R03_T2.5-7.5s.png,1,Fall,SA19
/content/drive/MyDrive/datasets/Mosaic_ADL_2x2/Fall/SA19/F07_SA19_R03_T5.0-10.0s.png,1,Fall,SA19
/content/drive/MyDrive/datasets/Mosaic_ADL_2x2/Fall/SA19/F07_SA19_R03_T7.5-12.5s.png,1,Fall,SA19
/content/drive/MyDrive/datasets/Mosaic_ADL_2x2/Fall/SA19/F07_SA19_R03_T10.0-15.0s.png,1,Fall,SA19
/content/drive/MyDrive/datasets/Mosaic_ADL_2x2/Fall/SA19/F07_SA19_R04_T0.0-5.0s.png,1,Fall,SA19
/content/drive/MyDrive/datasets/Mosaic_ADL_2x2/Fall/SA19/F07_SA19_R04_T2.5-7.5s.png,1,Fall,SA19
/content/drive/MyDrive/datasets/Mosaic_ADL_2x2/Fall/SA19/F07_SA19_R04_T5.0-10.0s.png,1,Fall,SA19
/content/drive/MyDrive/datasets/Mosaic_ADL_2x2/Fall/SA19/F07_SA19_R04_T7.5-12.5s.png,1,Fall,SA19
/content/drive/MyDrive/datasets/Mosaic_ADL_2x2/Fall/SA19/F07_SA19_R04_T10.0-15.0s.png,1,Fall,SA19
/content/drive/MyDrive/datasets/Mosaic_ADL_2x2/Fall/SA19/F07_SA19_R05_T0.0-5.0s.png,1,Fall,SA19
/content/drive/MyDrive/datasets/Mosaic_ADL_2x2/Fall/SA19/F07_SA19_R05_T2.5-7.5s.png,1,Fall,SA19
/content/drive/MyDrive/datasets/Mosaic_ADL_2x2/Fall/SA19/F07_SA19_R05_T5.0-10.0s.png,1,Fall,SA19
/content/drive/MyDrive/datasets/Mosaic_ADL_2x2/Fall/SA19/F07_SA19_R05_T7.5-12.5s.png,1,Fall,SA19
/content/drive/MyDrive/datasets/Mosaic_ADL_2x2/Fall/SA19/F08_SA19_R01_T0.0-5.0s.png,1,Fall,SA19
/content/drive/MyDrive/datasets/Mosaic_ADL_2x2/Fall/SA19/F08_SA19_R01_T2.5-7.5s.png,1,Fall,SA19
/content/drive/MyDrive/datasets/Mosaic_ADL_2x2/Fall/SA19/F08_SA19_R01_T5.0-10.0s.png,1,Fall,SA19
/content/drive/MyDrive/datasets/Mosaic_ADL_2x2/Fall/SA19/F08_SA19_R01_T7.5-12.5s.png,1,Fall,SA19
/content/drive/MyDrive/datasets/Mosaic_ADL_2x2/Fall/SA19/F08_SA19_R02_T0.0-5.0s.png,1,Fall,SA19
/content/drive/MyDrive/datasets/Mosaic_ADL_2x2/Fall/SA19/F08_SA19_R02_T2.5-7.5s.png,1,Fall,SA19
/content/drive/MyDrive/datasets/Mosaic_ADL_2x2/Fall/SA19/F08_SA19_R02_T5.0-10.0s.png,1,Fall,SA19
/content/drive/MyDrive/datasets/Mosaic_ADL_2x2/Fall/SA19/F08_SA19_R02_T7.5-12.5s.png,1,Fall,SA19
/content/drive/MyDrive/datasets/Mosaic_ADL_2x2/Fall/SA19/F08_SA19_R02_T10.0-15.0s.png,1,Fall,SA19
/content/drive/MyDrive/datasets/Mosaic_ADL_2x2/Fall/SA19/F08_SA19_R03_T0.0-5.0s.png,1,Fall,SA19
/content/drive/MyDrive/datasets/Mosaic_ADL_2x2/Fall/SA19/F08_SA19_R03_T2.5-7.5s.png,1,Fall,SA19
/content/drive/MyDrive/datasets/Mosaic_ADL_2x2/Fall/SA19/F08_SA19_R03_T5.0-10.0s.png,1,Fall,SA19
/content/drive/MyDrive/datasets/Mosaic_ADL_2x2/Fall/SA19/F08_SA19_R03_T7.5-12.5s.png,1,Fall,SA19
/content/drive/MyDrive/datasets/Mosaic_ADL_2x2/Fall/SA19/F08_SA19_R03_T10.0-15.0s.png,1,Fall,SA19
/content/drive/MyDrive/datasets/Mosaic_ADL_2x2/Fall/SA19/F08_SA19_R04_T0.0-5.0s.png,1,Fall,SA19
/content/drive/MyDrive/datasets/Mosaic_ADL_2x2/Fall/SA19/F08_SA19_R04_T2.5-7.5s.png,1,Fall,SA19
/content/drive/MyDrive/datasets/Mosaic_ADL_2x2/Fall/SA19/F08_SA19_R04_T5.0-10.0s.png,1,Fall,SA19
/content/drive/MyDrive/datasets/Mosaic_ADL_2x2/Fall/SA19/F08_SA19_R04_T7.5-12.5s.png,1,Fall,SA19
/content/drive/MyDrive/datasets/Mosaic_ADL_2x2/Fall/SA19/F08_SA19_R04_T10.0-15.0s.png,1,Fall,SA19
/content/drive/MyDrive/datasets/Mosaic_ADL_2x2/Fall/SA19/F08_SA19_R05_T0.0-5.0s.png,1,Fall,SA19
/content/drive/MyDrive/datasets/Mosaic_ADL_2x2/Fall/SA19/F08_SA19_R05_T2.5-7.5s.png,1,Fall,SA19
/content/drive/MyDrive/datasets/Mosaic_ADL_2x2/Fall/SA19/F08_SA19_R05_T5.0-10.0s.png,1,Fall,SA19
/content/drive/MyDrive/datasets/Mosaic_ADL_2x2/Fall/SA19/F08_SA19_R05_T7.5-12.5s.png,1,Fall,SA19
/content/drive/MyDrive/datasets/Mosaic_ADL_2x2/Fall/SA19/F08_SA19_R05_T10.0-15.0s.png,1,Fall,SA19
/content/drive/MyDrive/datasets/Mosaic_ADL_2x2/Fall/SA19/F09_SA19_R01_T0.0-5.0s.png,1,Fall,SA19
/content/drive/MyDrive/datasets/Mosaic_ADL_2x2/Fall/SA19/F09_SA19_R01_T2.5-7.5s.png,1,Fall,SA19
/content/drive/MyDrive/datasets/Mosaic_ADL_2x2/Fall/SA19/F09_SA19_R01_T5.0-10.0s.png,1,Fall,SA19
/content/drive/MyDrive/datasets/Mosaic_ADL_2x2/Fall/SA19/F09_SA19_R01_T7.5-12.5s.png,1,Fall,SA19
/content/drive/MyDrive/datasets/Mosaic_ADL_2x2/Fall/SA19/F09_SA19_R01_T10.0-15.0s.png,1,Fall,SA19
/content/drive/MyDrive/datasets/Mosaic_ADL_2x2/Fall/SA19/F09_SA19_R02_T0.0-5.0s.png,1,Fall,SA19
/content/drive/MyDrive/datasets/Mosaic_ADL_2x2/Fall/SA19/F09_SA19_R02_T2.5-7.5s.png,1,Fall,SA19
/content/drive/MyDrive/datasets/Mosaic_ADL_2x2/Fall/SA19/F09_SA19_R02_T5.0-10.0s.png,1,Fall,SA19
/content/drive/MyDrive/datasets/Mosaic_ADL_2x2/Fall/SA19/F09_SA19_R02_T7.5-12.5s.png,1,Fall,SA19
/content/drive/MyDrive/datasets/Mosaic_ADL_2x2/Fall/SA19/F09_SA19_R02_T10.0-15.0s.png,1,Fall,SA19
/content/drive/MyDrive/datasets/Mosaic_ADL_2x2/Fall/SA19/F09_SA19_R03_T0.0-5.0s.png,1,Fall,SA19
/content/drive/MyDrive/datasets/Mosaic_ADL_2x2/Fall/SA19/F09_SA19_R03_T2.5-7.5s.png,1,Fall,SA19
/content/drive/MyDrive/datasets/Mosaic_ADL_2x2/Fall/SA19/F09_SA19_R03_T5.0-10.0s.png,1,Fall,SA19
/content/drive/MyDrive/datasets/Mosaic_ADL_2x2/Fall/SA19/F09_SA19_R03_T7.5-12.5s.png,1,Fall,SA19
/content/drive/MyDrive/datasets/Mosaic_ADL_2x2/Fall/SA19/F09_SA19_R03_T10.0-15.0s.png,1,Fall,SA19
/content/drive/MyDrive/datasets/Mosaic_ADL_2x2/Fall/SA19/F09_SA19_R04_T0.0-5.0s.png,1,Fall,SA19
/content/drive/MyDrive/datasets/Mosaic_ADL_2x2/Fall/SA19/F09_SA19_R04_T2.5-7.5s.png,1,Fall,SA19
/content/drive/MyDrive/datasets/Mosaic_ADL_2x2/Fall/SA19/F09_SA19_R04_T5.0-10.0s.png,1,Fall,SA19
/content/drive/MyDrive/datasets/Mosaic_ADL_2x2/Fall/SA19/F09_SA19_R04_T7.5-12.5s.png,1,Fall,SA19
/content/drive/MyDrive/datasets/Mosaic_ADL_2x2/Fall/SA19/F09_SA19_R04_T10.0-15.0s.png,1,Fall,SA19
/content/drive/MyDrive/datasets/Mosaic_ADL_2x2/Fall/SA19/F09_SA19_R05_T0.0-5.0s.png,1,Fall,SA19
/content/drive/MyDrive/datasets/Mosaic_ADL_2x2/Fall/SA19/F09_SA19_R05_T2.5-7.5s.png,1,Fall,SA19
/content/drive/MyDrive/datasets/Mosaic_ADL_2x2/Fall/SA19/F09_SA19_R05_T5.0-10.0s.png,1,Fall,SA19
/content/drive/MyDrive/datasets/Mosaic_ADL_2x2/Fall/SA19/F09_SA19_R05_T7.5-12.5s.png,1,Fall,SA19
/content/drive/MyDrive/datasets/Mosaic_ADL_2x2/Fall/SA19/F09_SA19_R05_T10.0-15.0s.png,1,Fall,SA19
/content/drive/MyDrive/datasets/Mosaic_ADL_2x2/Fall/SA19/F10_SA19_R01_T0.0-5.0s.png,1,Fall,SA19
/content/drive/MyDrive/datasets/Mosaic_ADL_2x2/Fall/SA19/F10_SA19_R01_T2.5-7.5s.png,1,Fall,SA19
/content/drive/MyDrive/datasets/Mosaic_ADL_2x2/Fall/SA19/F10_SA19_R01_T5.0-10.0s.png,1,Fall,SA19
/content/drive/MyDrive/datasets/Mosaic_ADL_2x2/Fall/SA19/F10_SA19_R01_T7.5-12.5s.png,1,Fall,SA19
/content/drive/MyDrive/datasets/Mosaic_ADL_2x2/Fall/SA19/F10_SA19_R01_T10.0-15.0s.png,1,Fall,SA19
/content/drive/MyDrive/datasets/Mosaic_ADL_2x2/Fall/SA19/F10_SA19_R02_T0.0-5.0s.png,1,Fall,SA19
/content/drive/MyDrive/datasets/Mosaic_ADL_2x2/Fall/SA19/F10_SA19_R02_T2.5-7.5s.png,1,Fall,SA19
/content/drive/MyDrive/datasets/Mosaic_ADL_2x2/Fall/SA19/F10_SA19_R02_T5.0-10.0s.png,1,Fall,SA19
/content/drive/MyDrive/datasets/Mosaic_ADL_2x2/Fall/SA19/F10_SA19_R02_T7.5-12.5s.png,1,Fall,SA19
/content/drive/MyDrive/datasets/Mosaic_ADL_2x2/Fall/SA19/F10_SA19_R02_T10.0-15.0s.png,1,Fall,SA19
/content/drive/MyDrive/datasets/Mosaic_ADL_2x2/Fall/SA19/F10_SA19_R03_T0.0-5.0s.png,1,Fall,SA19
/content/drive/MyDrive/datasets/Mosaic_ADL_2x2/Fall/SA19/F10_SA19_R03_T2.5-7.5s.png,1,Fall,SA19
/content/drive/MyDrive/datasets/Mosaic_ADL_2x2/Fall/SA19/F10_SA19_R03_T5.0-10.0s.png,1,Fall,SA19
/content/drive/MyDrive/datasets/Mosaic_ADL_2x2/Fall/SA19/F10_SA19_R03_T7.5-12.5s.png,1,Fall,SA19
/content/drive/MyDrive/datasets/Mosaic_ADL_2x2/Fall/SA19/F10_SA19_R03_T10.0-15.0s.png,1,Fall,SA19
/content/drive/MyDrive/datasets/Mosaic_ADL_2x2/Fall/SA19/F10_SA19_R04_T0.0-5.0s.png,1,Fall,SA19
/content/drive/MyDrive/datasets/Mosaic_ADL_2x2/Fall/SA19/F10_SA19_R04_T2.5-7.5s.png,1,Fall,SA19
/content/drive/MyDrive/datasets/Mosaic_ADL_2x2/Fall/SA19/F10_SA19_R04_T5.0-10.0s.png,1,Fall,SA19
/content/drive/MyDrive/datasets/Mosaic_ADL_2x2/Fall/SA19/F10_SA19_R04_T7.5-12.5s.png,1,Fall,SA19
/content/drive/MyDrive/datasets/Mosaic_ADL_2x2/Fall/SA19/F10_SA19_R04_T10.0-15.0s.png,1,Fall,SA19
/content/drive/MyDrive/datasets/Mosaic_ADL_2x2/Fall/SA19/F10_SA19_R05_T0.0-5.0s.png,1,Fall,SA19
/content/drive/MyDrive/datasets/Mosaic_ADL_2x2/Fall/SA19/F10_SA19_R05_T2.5-7.5s.png,1,Fall,SA19
/content/drive/MyDrive/datasets/Mosaic_ADL_2x2/Fall/SA19/F10_SA19_R05_T5.0-10.0s.png,1,Fall,SA19
/content/drive/MyDrive/datasets/Mosaic_ADL_2x2/Fall/SA19/F10_SA19_R05_T7.5-12.5s.png,1,Fall,SA19
/content/drive/MyDrive/datasets/Mosaic_ADL_2x2/Fall/SA19/F10_SA19_R05_T10.0-15.0s.png,1,Fall,SA19
/content/drive/MyDrive/datasets/Mosaic_ADL_2x2/Fall/SA19/F11_SA19_R01_T0.0-5.0s.png,1,Fall,SA19
/content/drive/MyDrive/datasets/Mosaic_ADL_2x2/Fall/SA19/F11_SA19_R01_T2.5-7.5s.png,1,Fall,SA19
/content/drive/MyDrive/datasets/Mosaic_ADL_2x2/Fall/SA19/F11_SA19_R01_T5.0-10.0s.png,1,Fall,SA19
/content/drive/MyDrive/datasets/Mosaic_ADL_2x2/Fall/SA19/F11_SA19_R01_T7.5-12.5s.png,1,Fall,SA19
/content/drive/MyDrive/datasets/Mosaic_ADL_2x2/Fall/SA19/F11_SA19_R02_T0.0-5.0s.png,1,Fall,SA19
/content/drive/MyDrive/datasets/Mosaic_ADL_2x2/Fall/SA19/F11_SA19_R02_T2.5-7.5s.png,1,Fall,SA19
/content/drive/MyDrive/datasets/Mosaic_ADL_2x2/Fall/SA19/F11_SA19_R02_T5.0-10.0s.png,1,Fall,SA19
/content/drive/MyDrive/datasets/Mosaic_ADL_2x2/Fall/SA19/F11_SA19_R02_T7.5-12.5s.png,1,Fall,SA19
/content/drive/MyDrive/datasets/Mosaic_ADL_2x2/Fall/SA19/F11_SA19_R02_T10.0-15.0s.png,1,Fall,SA19
/content/drive/MyDrive/datasets/Mosaic_ADL_2x2/Fall/SA19/F11_SA19_R03_T0.0-5.0s.png,1,Fall,SA19
/content/drive/MyDrive/datasets/Mosaic_ADL_2x2/Fall/SA19/F11_SA19_R03_T2.5-7.5s.png,1,Fall,SA19
/content/drive/MyDrive/datasets/Mosaic_ADL_2x2/Fall/SA19/F11_SA19_R03_T5.0-10.0s.png,1,Fall,SA19
/content/drive/MyDrive/datasets/Mosaic_ADL_2x2/Fall/SA19/F11_SA19_R03_T7.5-12.5s.png,1,Fall,SA19
/content/drive/MyDrive/datasets/Mosaic_ADL_2x2/Fall/SA19/F11_SA19_R03_T10.0-15.0s.png,1,Fall,SA19
/content/drive/MyDrive/datasets/Mosaic_ADL_2x2/Fall/SA19/F11_SA19_R04_T0.0-5.0s.png,1,Fall,SA19
/content/drive/MyDrive/datasets/Mosaic_ADL_2x2/Fall/SA19/F11_SA19_R04_T2.5-7.5s.png,1,Fall,SA19
/content/drive/MyDrive/datasets/Mosaic_ADL_2x2/Fall/SA19/F11_SA19_R04_T5.0-10.0s.png,1,Fall,SA19
/content/drive/MyDrive/datasets/Mosaic_ADL_2x2/Fall/SA19/F11_SA19_R04_T7.5-12.5s.png,1,Fall,SA19
/content/drive/MyDrive/datasets/Mosaic_ADL_2x2/Fall/SA19/F11_SA19_R04_T10.0-15.0s.png,1,Fall,SA19
/content/drive/MyDrive/datasets/Mosaic_ADL_2x2/Fall/SA19/F11_SA19_R05_T0.0-5.0s.png,1,Fall,SA19
/content/drive/MyDrive/datasets/Mosaic_ADL_2x2/Fall/SA19/F11_SA19_R05_T2.5-7.5s.png,1,Fall,SA19
/content/drive/MyDrive/datasets/Mosaic_ADL_2x2/Fall/SA19/F11_SA19_R05_T5.0-10.0s.png,1,Fall,SA19
/content/drive/MyDrive/datasets/Mosaic_ADL_2x2/Fall/SA19/F11_SA19_R05_T7.5-12.5s.png,1,Fall,SA19
/content/drive/MyDrive/datasets/Mosaic_ADL_2x2/Fall/SA19/F12_SA19_R01_T0.0-5.0s.png,1,Fall,SA19
/content/drive/MyDrive/datasets/Mosaic_ADL_2x2/Fall/SA19/F12_SA19_R01_T2.5-7.5s.png,1,Fall,SA19
/content/drive/MyDrive/datasets/Mosaic_ADL_2x2/Fall/SA19/F12_SA19_R01_T5.0-10.0s.png,1,Fall,SA19
/content/drive/MyDrive/datasets/Mosaic_ADL_2x2/Fall/SA19/F12_SA19_R01_T7.5-12.5s.png,1,Fall,SA19
/content/drive/MyDrive/datasets/Mosaic_ADL_2x2/Fall/SA19/F12_SA19_R01_T10.0-15.0s.png,1,Fall,SA19
/content/drive/MyDrive/datasets/Mosaic_ADL_2x2/Fall/SA19/F12_SA19_R02_T0.0-5.0s.png,1,Fall,SA19
/content/drive/MyDrive/datasets/Mosaic_ADL_2x2/Fall/SA19/F12_SA19_R02_T2.5-7.5s.png,1,Fall,SA19
/content/drive/MyDrive/datasets/Mosaic_ADL_2x2/Fall/SA19/F12_SA19_R02_T5.0-10.0s.png,1,Fall,SA19
/content/drive/MyDrive/datasets/Mosaic_ADL_2x2/Fall/SA19/F12_SA19_R02_T7.5-12.5s.png,1,Fall,SA19
/content/drive/MyDrive/datasets/Mosaic_ADL_2x2/Fall/SA19/F12_SA19_R02_T10.0-15.0s.png,1,Fall,SA19
/content/drive/MyDrive/datasets/Mosaic_ADL_2x2/Fall/SA19/F12_SA19_R03_T0.0-5.0s.png,1,Fall,SA19
/content/drive/MyDrive/datasets/Mosaic_ADL_2x2/Fall/SA19/F12_SA19_R03_T2.5-7.5s.png,1,Fall,SA19
/content/drive/MyDrive/datasets/Mosaic_ADL_2x2/Fall/SA19/F12_SA19_R03_T5.0-10.0s.png,1,Fall,SA19
/content/drive/MyDrive/datasets/Mosaic_ADL_2x2/Fall/SA19/F12_SA19_R03_T7.5-12.5s.png,1,Fall,SA19
/content/drive/MyDrive/datasets/Mosaic_ADL_2x2/Fall/SA19/F12_SA19_R03_T10.0-15.0s.png,1,Fall,SA19
/content/drive/MyDrive/datasets/Mosaic_ADL_2x2/Fall/SA19/F12_SA19_R04_T0.0-5.0s.png,1,Fall,SA19
/content/drive/MyDrive/datasets/Mosaic_ADL_2x2/Fall/SA19/F12_SA19_R04_T2.5-7.5s.png,1,Fall,SA19
/content/drive/MyDrive/datasets/Mosaic_ADL_2x2/Fall/SA19/F12_SA19_R04_T5.0-10.0s.png,1,Fall,SA19
/content/drive/MyDrive/datasets/Mosaic_ADL_2x2/Fall/SA19/F12_SA19_R04_T7.5-12.5s.png,1,Fall,SA19
/content/drive/MyDrive/datasets/Mosaic_ADL_2x2/Fall/SA19/F12_SA19_R05_T0.0-5.0s.png,1,Fall,SA19
/content/drive/MyDrive/datasets/Mosaic_ADL_2x2/Fall/SA19/F12_SA19_R05_T2.5-7.5s.png,1,Fall,SA19
/content/drive/MyDrive/datasets/Mosaic_ADL_2x2/Fall/SA19/F12_SA19_R05_T5.0-10.0s.png,1,Fall,SA19
/content/drive/MyDrive/datasets/Mosaic_ADL_2x2/Fall/SA19/F12_SA19_R05_T7.5-12.5s.png,1,Fall,SA19
/content/drive/MyDrive/datasets/Mosaic_ADL_2x2/Fall/SA19/F12_SA19_R05_T10.0-15.0s.png,1,Fall,SA19
/content/drive/MyDrive/datasets/Mosaic_ADL_2x2/Fall/SA19/F13_SA19_R01_T0.0-5.0s.png,1,Fall,SA19
/content/drive/MyDrive/datasets/Mosaic_ADL_2x2/Fall/SA19/F13_SA19_R01_T2.5-7.5s.png,1,Fall,SA19
/content/drive/MyDrive/datasets/Mosaic_ADL_2x2/Fall/SA19/F13_SA19_R01_T5.0-10.0s.png,1,Fall,SA19
/content/drive/MyDrive/datasets/Mosaic_ADL_2x2/Fall/SA19/F13_SA19_R01_T7.5-12.5s.png,1,Fall,SA19
/content/drive/MyDrive/datasets/Mosaic_ADL_2x2/Fall/SA19/F13_SA19_R01_T10.0-15.0s.png,1,Fall,SA19
/content/drive/MyDrive/datasets/Mosaic_ADL_2x2/Fall/SA19/F13_SA19_R02_T0.0-5.0s.png,1,Fall,SA19
/content/drive/MyDrive/datasets/Mosaic_ADL_2x2/Fall/SA19/F13_SA19_R02_T2.5-7.5s.png,1,Fall,SA19
/content/drive/MyDrive/datasets/Mosaic_ADL_2x2/Fall/SA19/F13_SA19_R02_T5.0-10.0s.png,1,Fall,SA19
/content/drive/MyDrive/datasets/Mosaic_ADL_2x2/Fall/SA19/F13_SA19_R02_T7.5-12.5s.png,1,Fall,SA19
/content/drive/MyDrive/datasets/Mosaic_ADL_2x2/Fall/SA19/F13_SA19_R02_T10.0-15.0s.png,1,Fall,SA19
/content/drive/MyDrive/datasets/Mosaic_ADL_2x2/Fall/SA19/F13_SA19_R03_T0.0-5.0s.png,1,Fall,SA19
/content/drive/MyDrive/datasets/Mosaic_ADL_2x2/Fall/SA19/F13_SA19_R03_T2.5-7.5s.png,1,Fall,SA19
/content/drive/MyDrive/datasets/Mosaic_ADL_2x2/Fall/SA19/F13_SA19_R03_T5.0-10.0s.png,1,Fall,SA19
/content/drive/MyDrive/datasets/Mosaic_ADL_2x2/Fall/SA19/F13_SA19_R03_T7.5-12.5s.png,1,Fall,SA19
/content/drive/MyDrive/datasets/Mosaic_ADL_2x2/Fall/SA19/F13_SA19_R03_T10.0-15.0s.png,1,Fall,SA19
/content/drive/MyDrive/datasets/Mosaic_ADL_2x2/Fall/SA19/F13_SA19_R04_T0.0-5.0s.png,1,Fall,SA19
/content/drive/MyDrive/datasets/Mosaic_ADL_2x2/Fall/SA19/F13_SA19_R04_T2.5-7.5s.png,1,Fall,SA19
/content/drive/MyDrive/datasets/Mosaic_ADL_2x2/Fall/SA19/F13_SA19_R04_T5.0-10.0s.png,1,Fall,SA19
/content/drive/MyDrive/datasets/Mosaic_ADL_2x2/Fall/SA19/F13_SA19_R04_T7.5-12.5s.png,1,Fall,SA19
/content/drive/MyDrive/datasets/Mosaic_ADL_2x2/Fall/SA19/F13_SA19_R04_T10.0-15.0s.png,1,Fall,SA19
/content/drive/MyDrive/datasets/Mosaic_ADL_2x2/Fall/SA19/F13_SA19_R05_T0.0-5.0s.png,1,Fall,SA19
/content/drive/MyDrive/datasets/Mosaic_ADL_2x2/Fall/SA19/F13_SA19_R05_T2.5-7.5s.png,1,Fall,SA19
/content/drive/MyDrive/datasets/Mosaic_ADL_2x2/Fall/SA19/F13_SA19_R05_T5.0-10.0s.png,1,Fall,SA19
/content/drive/MyDrive/datasets/Mosaic_ADL_2x2/Fall/SA19/F13_SA19_R05_T7.5-12.5s.png,1,Fall,SA19
/content/drive/MyDrive/datasets/Mosaic_ADL_2x2/Fall/SA19/F13_SA19_R05_T10.0-15.0s.png,1,Fall,SA19
/content/drive/MyDrive/datasets/Mosaic_ADL_2x2/Fall/SA19/F14_SA19_R01_T0.0-5.0s.png,1,Fall,SA19
/content/drive/MyDrive/datasets/Mosaic_ADL_2x2/Fall/SA19/F14_SA19_R01_T2.5-7.5s.png,1,Fall,SA19
/content/drive/MyDrive/datasets/Mosaic_ADL_2x2/Fall/SA19/F14_SA19_R01_T5.0-10.0s.png,1,Fall,SA19
/content/drive/MyDrive/datasets/Mosaic_ADL_2x2/Fall/SA19/F14_SA19_R01_T7.5-12.5s.png,1,Fall,SA19
/content/drive/MyDrive/datasets/Mosaic_ADL_2x2/Fall/SA19/F14_SA19_R01_T10.0-15.0s.png,1,Fall,SA19
/content/drive/MyDrive/datasets/Mosaic_ADL_2x2/Fall/SA19/F14_SA19_R02_T0.0-5.0s.png,1,Fall,SA19
/content/drive/MyDrive/datasets/Mosaic_ADL_2x2/Fall/SA19/F14_SA19_R02_T2.5-7.5s.png,1,Fall,SA19
/content/drive/MyDrive/datasets/Mosaic_ADL_2x2/Fall/SA19/F14_SA19_R02_T5.0-10.0s.png,1,Fall,SA19
/content/drive/MyDrive/datasets/Mosaic_ADL_2x2/Fall/SA19/F14_SA19_R02_T7.5-12.5s.png,1,Fall,SA19
/content/drive/MyDrive/datasets/Mosaic_ADL_2x2/Fall/SA19/F14_SA19_R02_T10.0-15.0s.png,1,Fall,SA19
/content/drive/MyDrive/datasets/Mosaic_ADL_2x2/Fall/SA19/F14_SA19_R03_T0.0-5.0s.png,1,Fall,SA19
/content/drive/MyDrive/datasets/Mosaic_ADL_2x2/Fall/SA19/F14_SA19_R03_T2.5-7.5s.png,1,Fall,SA19
/content/drive/MyDrive/datasets/Mosaic_ADL_2x2/Fall/SA19/F14_SA19_R03_T5.0-10.0s.png,1,Fall,SA19
/content/drive/MyDrive/datasets/Mosaic_ADL_2x2/Fall/SA19/F14_SA19_R03_T7.5-12.5s.png,1,Fall,SA19
/content/drive/MyDrive/datasets/Mosaic_ADL_2x2/Fall/SA19/F14_SA19_R03_T10.0-15.0s.png,1,Fall,SA19
/content/drive/MyDrive/datasets/Mosaic_ADL_2x2/Fall/SA19/F14_SA19_R04_T0.0-5.0s.png,1,Fall,SA19
/content/drive/MyDrive/datasets/Mosaic_ADL_2x2/Fall/SA19/F14_SA19_R04_T2.5-7.5s.png,1,Fall,SA19
/content/drive/MyDrive/datasets/Mosaic_ADL_2x2/Fall/SA19/F14_SA19_R04_T5.0-10.0s.png,1,Fall,SA19
/content/drive/MyDrive/datasets/Mosaic_ADL_2x2/Fall/SA19/F14_SA19_R04_T7.5-12.5s.png,1,Fall,SA19
/content/drive/MyDrive/datasets/Mosaic_ADL_2x2/Fall/SA19/F14_SA19_R04_T10.0-15.0s.png,1,Fall,SA19
/content/drive/MyDrive/datasets/Mosaic_ADL_2x2/Fall/SA19/F14_SA19_R05_T0.0-5.0s.png,1,Fall,SA19
/content/drive/MyDrive/datasets/Mosaic_ADL_2x2/Fall/SA19/F14_SA19_R05_T2.5-7.5s.png,1,Fall,SA19
/content/drive/MyDrive/datasets/Mosaic_ADL_2x2/Fall/SA19/F14_SA19_R05_T5.0-10.0s.png,1,Fall,SA19
/content/drive/MyDrive/datasets/Mosaic_ADL_2x2/Fall/SA19/F14_SA19_R05_T7.5-12.5s.png,1,Fall,SA19
/content/drive/MyDrive/datasets/Mosaic_ADL_2x2/Fall/SA19/F14_SA19_R05_T10.0-15.0s.png,1,Fall,SA19
/content/drive/MyDrive/datasets/Mosaic_ADL_2x2/Fall/SA19/F15_SA19_R01_T0.0-5.0s.png,1,Fall,SA19
/content/drive/MyDrive/datasets/Mosaic_ADL_2x2/Fall/SA19/F15_SA19_R01_T2.5-7.5s.png,1,Fall,SA19
/content/drive/MyDrive/datasets/Mosaic_ADL_2x2/Fall/SA19/F15_SA19_R01_T5.0-10.0s.png,1,Fall,SA19
/content/drive/MyDrive/datasets/Mosaic_ADL_2x2/Fall/SA19/F15_SA19_R01_T7.5-12.5s.png,1,Fall,SA19
/content/drive/MyDrive/datasets/Mosaic_ADL_2x2/Fall/SA19/F15_SA19_R01_T10.0-15.0s.png,1,Fall,SA19
/content/drive/MyDrive/datasets/Mosaic_ADL_2x2/Fall/SA19/F15_SA19_R02_T0.0-5.0s.png,1,Fall,SA19
/content/drive/MyDrive/datasets/Mosaic_ADL_2x2/Fall/SA19/F15_SA19_R02_T2.5-7.5s.png,1,Fall,SA19
/content/drive/MyDrive/datasets/Mosaic_ADL_2x2/Fall/SA19/F15_SA19_R02_T5.0-10.0s.png,1,Fall,SA19
/content/drive/MyDrive/datasets/Mosaic_ADL_2x2/Fall/SA19/F15_SA19_R02_T7.5-12.5s.png,1,Fall,SA19
/content/drive/MyDrive/datasets/Mosaic_ADL_2x2/Fall/SA19/F15_SA19_R02_T10.0-15.0s.png,1,Fall,SA19
/content/drive/MyDrive/datasets/Mosaic_ADL_2x2/Fall/SA19/F15_SA19_R03_T0.0-5.0s.png,1,Fall,SA19
/content/drive/MyDrive/datasets/Mosaic_ADL_2x2/Fall/SA19/F15_SA19_R03_T2.5-7.5s.png,1,Fall,SA19
/content/drive/MyDrive/datasets/Mosaic_ADL_2x2/Fall/SA19/F15_SA19_R03_T5.0-10.0s.png,1,Fall,SA19
/content/drive/MyDrive/datasets/Mosaic_ADL_2x2/Fall/SA19/F15_SA19_R03_T7.5-12.5s.png,1,Fall,SA19
/content/drive/MyDrive/datasets/Mosaic_ADL_2x2/Fall/SA19/F15_SA19_R03_T10.0-15.0s.png,1,Fall,SA19
/content/drive/MyDrive/datasets/Mosaic_ADL_2x2/Fall/SA19/F15_SA19_R04_T0.0-5.0s.png,1,Fall,SA19
/content/drive/MyDrive/datasets/Mosaic_ADL_2x2/Fall/SA19/F15_SA19_R04_T2.5-7.5s.png,1,Fall,SA19
/content/drive/MyDrive/datasets/Mosaic_ADL_2x2/Fall/SA19/F15_SA19_R04_T5.0-10.0s.png,1,Fall,SA19
/content/drive/MyDrive/datasets/Mosaic_ADL_2x2/Fall/SA19/F15_SA19_R04_T7.5-12.5s.png,1,Fall,SA19
/content/drive/MyDrive/datasets/Mosaic_ADL_2x2/Fall/SA19/F15_SA19_R04_T10.0-15.0s.png,1,Fall,SA19
/content/drive/MyDrive/datasets/Mosaic_ADL_2x2/Fall/SA19/F15_SA19_R05_T0.0-5.0s.png,1,Fall,SA19
/content/drive/MyDrive/datasets/Mosaic_ADL_2x2/Fall/SA19/F15_SA19_R05_T2.5-7.5s.png,1,Fall,SA19
/content/drive/MyDrive/datasets/Mosaic_ADL_2x2/Fall/SA19/F15_SA19_R05_T5.0-10.0s.png,1,Fall,SA19
/content/drive/MyDrive/datasets/Mosaic_ADL_2x2/Fall/SA19/F15_SA19_R05_T7.5-12.5s.png,1,Fall,SA19
/content/drive/MyDrive/datasets/Mosaic_ADL_2x2/Fall/SA19/F15_SA19_R05_T10.0-15.0s.png,1,Fall,SA19
/content/drive/MyDrive/datasets/Mosaic_ADL_2x2/Fall/SA10/F01_SA10_R01_T0.0-5.0s.png,1,Fall,SA10
/content/drive/MyDrive/datasets/Mosaic_ADL_2x2/Fall/SA10/F01_SA10_R01_T2.5-7.5s.png,1,Fall,SA10
/content/drive/MyDrive/datasets/Mosaic_ADL_2x2/Fall/SA10/F01_SA10_R01_T5.0-10.0s.png,1,Fall,SA10
/content/drive/MyDrive/datasets/Mosaic_ADL_2x2/Fall/SA10/F01_SA10_R01_T7.5-12.5s.png,1,Fall,SA10
/content/drive/MyDrive/datasets/Mosaic_ADL_2x2/Fall/SA10/F01_SA10_R02_T0.0-5.0s.png,1,Fall,SA10
/content/drive/MyDrive/datasets/Mosaic_ADL_2x2/Fall/SA10/F01_SA10_R02_T2.5-7.5s.png,1,Fall,SA10
/content/drive/MyDrive/datasets/Mosaic_ADL_2x2/Fall/SA10/F01_SA10_R02_T5.0-10.0s.png,1,Fall,SA10
/content/drive/MyDrive/datasets/Mosaic_ADL_2x2/Fall/SA10/F01_SA10_R02_T7.5-12.5s.png,1,Fall,SA10
/content/drive/MyDrive/datasets/Mosaic_ADL_2x2/Fall/SA10/F01_SA10_R02_T10.0-15.0s.png,1,Fall,SA10
/content/drive/MyDrive/datasets/Mosaic_ADL_2x2/Fall/SA10/F01_SA10_R03_T0.0-5.0s.png,1,Fall,SA10
/content/drive/MyDrive/datasets/Mosaic_ADL_2x2/Fall/SA10/F01_SA10_R03_T2.5-7.5s.png,1,Fall,SA10
/content/drive/MyDrive/datasets/Mosaic_ADL_2x2/Fall/SA10/F01_SA10_R03_T5.0-10.0s.png,1,Fall,SA10
/content/drive/MyDrive/datasets/Mosaic_ADL_2x2/Fall/SA10/F01_SA10_R03_T7.5-12.5s.png,1,Fall,SA10
/content/drive/MyDrive/datasets/Mosaic_ADL_2x2/Fall/SA10/F01_SA10_R03_T10.0-15.0s.png,1,Fall,SA10
/content/drive/MyDrive/datasets/Mosaic_ADL_2x2/Fall/SA10/F01_SA10_R04_T0.0-5.0s.png,1,Fall,SA10
/content/drive/MyDrive/datasets/Mosaic_ADL_2x2/Fall/SA10/F01_SA10_R04_T2.5-7.5s.png,1,Fall,SA10
/content/drive/MyDrive/datasets/Mosaic_ADL_2x2/Fall/SA10/F01_SA10_R04_T5.0-10.0s.png,1,Fall,SA10
/content/drive/MyDrive/datasets/Mosaic_ADL_2x2/Fall/SA10/F01_SA10_R04_T7.5-12.5s.png,1,Fall,SA10
/content/drive/MyDrive/datasets/Mosaic_ADL_2x2/Fall/SA10/F01_SA10_R04_T10.0-15.0s.png,1,Fall,SA10
/content/drive/MyDrive/datasets/Mosaic_ADL_2x2/Fall/SA10/F01_SA10_R05_T0.0-5.0s.png,1,Fall,SA10
/content/drive/MyDrive/datasets/Mosaic_ADL_2x2/Fall/SA10/F01_SA10_R05_T2.5-7.5s.png,1,Fall,SA10
/content/drive/MyDrive/datasets/Mosaic_ADL_2x2/Fall/SA10/F01_SA10_R05_T5.0-10.0s.png,1,Fall,SA10
/content/drive/MyDrive/datasets/Mosaic_ADL_2x2/Fall/SA10/F01_SA10_R05_T7.5-12.5s.png,1,Fall,SA10
/content/drive/MyDrive/datasets/Mosaic_ADL_2x2/Fall/SA10/F01_SA10_R05_T10.0-15.0s.png,1,Fall,SA10
/content/drive/MyDrive/datasets/Mosaic_ADL_2x2/Fall/SA10/F02_SA10_R01_T0.0-5.0s.png,1,Fall,SA10
/content/drive/MyDrive/datasets/Mosaic_ADL_2x2/Fall/SA10/F02_SA10_R01_T2.5-7.5s.png,1,Fall,SA10
/content/drive/MyDrive/datasets/Mosaic_ADL_2x2/Fall/SA10/F02_SA10_R01_T5.0-10.0s.png,1,Fall,SA10
/content/drive/MyDrive/datasets/Mosaic_ADL_2x2/Fall/SA10/F02_SA10_R01_T7.5-12.5s.png,1,Fall,SA10
/content/drive/MyDrive/datasets/Mosaic_ADL_2x2/Fall/SA10/F02_SA10_R01_T10.0-15.0s.png,1,Fall,SA10
/content/drive/MyDrive/datasets/Mosaic_ADL_2x2/Fall/SA10/F02_SA10_R02_T0.0-5.0s.png,1,Fall,SA10
/content/drive/MyDrive/datasets/Mosaic_ADL_2x2/Fall/SA10/F02_SA10_R02_T2.5-7.5s.png,1,Fall,SA10
/content/drive/MyDrive/datasets/Mosaic_ADL_2x2/Fall/SA10/F02_SA10_R02_T5.0-10.0s.png,1,Fall,SA10
/content/drive/MyDrive/datasets/Mosaic_ADL_2x2/Fall/SA10/F02_SA10_R02_T7.5-12.5s.png,1,Fall,SA10
/content/drive/MyDrive/datasets/Mosaic_ADL_2x2/Fall/SA10/F02_SA10_R02_T10.0-15.0s.png,1,Fall,SA10
/content/drive/MyDrive/datasets/Mosaic_ADL_2x2/Fall/SA10/F02_SA10_R03_T0.0-5.0s.png,1,Fall,SA10
/content/drive/MyDrive/datasets/Mosaic_ADL_2x2/Fall/SA10/F02_SA10_R03_T2.5-7.5s.png,1,Fall,SA10
/content/drive/MyDrive/datasets/Mosaic_ADL_2x2/Fall/SA10/F02_SA10_R03_T5.0-10.0s.png,1,Fall,SA10
/content/drive/MyDrive/datasets/Mosaic_ADL_2x2/Fall/SA10/F02_SA10_R03_T7.5-12.5s.png,1,Fall,SA10
/content/drive/MyDrive/datasets/Mosaic_ADL_2x2/Fall/SA10/F02_SA10_R03_T10.0-15.0s.png,1,Fall,SA10
/content/drive/MyDrive/datasets/Mosaic_ADL_2x2/Fall/SA10/F02_SA10_R04_T0.0-5.0s.png,1,Fall,SA10
/content/drive/MyDrive/datasets/Mosaic_ADL_2x2/Fall/SA10/F02_SA10_R04_T2.5-7.5s.png,1,Fall,SA10
/content/drive/MyDrive/datasets/Mosaic_ADL_2x2/Fall/SA10/F02_SA10_R04_T5.0-10.0s.png,1,Fall,SA10
/content/drive/MyDrive/datasets/Mosaic_ADL_2x2/Fall/SA10/F02_SA10_R04_T7.5-12.5s.png,1,Fall,SA10
/content/drive/MyDrive/datasets/Mosaic_ADL_2x2/Fall/SA10/F02_SA10_R04_T10.0-15.0s.png,1,Fall,SA10
/content/drive/MyDrive/datasets/Mosaic_ADL_2x2/Fall/SA10/F02_SA10_R05_T0.0-5.0s.png,1,Fall,SA10
/content/drive/MyDrive/datasets/Mosaic_ADL_2x2/Fall/SA10/F02_SA10_R05_T2.5-7.5s.png,1,Fall,SA10
/content/drive/MyDrive/datasets/Mosaic_ADL_2x2/Fall/SA10/F02_SA10_R05_T5.0-10.0s.png,1,Fall,SA10
/content/drive/MyDrive/datasets/Mosaic_ADL_2x2/Fall/SA10/F02_SA10_R05_T7.5-12.5s.png,1,Fall,SA10
/content/drive/MyDrive/datasets/Mosaic_ADL_2x2/Fall/SA10/F02_SA10_R05_T10.0-15.0s.png,1,Fall,SA10
/content/drive/MyDrive/datasets/Mosaic_ADL_2x2/Fall/SA10/F03_SA10_R01_T0.0-5.0s.png,1,Fall,SA10
/content/drive/MyDrive/datasets/Mosaic_ADL_2x2/Fall/SA10/F03_SA10_R01_T2.5-7.5s.png,1,Fall,SA10
/content/drive/MyDrive/datasets/Mosaic_ADL_2x2/Fall/SA10/F03_SA10_R01_T5.0-10.0s.png,1,Fall,SA10
/content/drive/MyDrive/datasets/Mosaic_ADL_2x2/Fall/SA10/F03_SA10_R01_T7.5-12.5s.png,1,Fall,SA10
/content/drive/MyDrive/datasets/Mosaic_ADL_2x2/Fall/SA10/F03_SA10_R01_T10.0-15.0s.png,1,Fall,SA10
/content/drive/MyDrive/datasets/Mosaic_ADL_2x2/Fall/SA10/F03_SA10_R02_T0.0-5.0s.png,1,Fall,SA10
/content/drive/MyDrive/datasets/Mosaic_ADL_2x2/Fall/SA10/F03_SA10_R02_T2.5-7.5s.png,1,Fall,SA10
/content/drive/MyDrive/datasets/Mosaic_ADL_2x2/Fall/SA10/F03_SA10_R02_T5.0-10.0s.png,1,Fall,SA10
/content/drive/MyDrive/datasets/Mosaic_ADL_2x2/Fall/SA10/F03_SA10_R02_T7.5-12.5s.png,1,Fall,SA10
/content/drive/MyDrive/datasets/Mosaic_ADL_2x2/Fall/SA10/F03_SA10_R02_T10.0-15.0s.png,1,Fall,SA10
/content/drive/MyDrive/datasets/Mosaic_ADL_2x2/Fall/SA10/F03_SA10_R03_T0.0-5.0s.png,1,Fall,SA10
/content/drive/MyDrive/datasets/Mosaic_ADL_2x2/Fall/SA10/F03_SA10_R03_T2.5-7.5s.png,1,Fall,SA10
/content/drive/MyDrive/datasets/Mosaic_ADL_2x2/Fall/SA10/F03_SA10_R03_T5.0-10.0s.png,1,Fall,SA10
/content/drive/MyDrive/datasets/Mosaic_ADL_2x2/Fall/SA10/F03_SA10_R03_T7.5-12.5s.png,1,Fall,SA10
/content/drive/MyDrive/datasets/Mosaic_ADL_2x2/Fall/SA10/F03_SA10_R03_T10.0-15.0s.png,1,Fall,SA10
/content/drive/MyDrive/datasets/Mosaic_ADL_2x2/Fall/SA10/F03_SA10_R04_T0.0-5.0s.png,1,Fall,SA10
/content/drive/MyDrive/datasets/Mosaic_ADL_2x2/Fall/SA10/F03_SA10_R04_T2.5-7.5s.png,1,Fall,SA10
/content/drive/MyDrive/datasets/Mosaic_ADL_2x2/Fall/SA10/F03_SA10_R04_T5.0-10.0s.png,1,Fall,SA10
/content/drive/MyDrive/datasets/Mosaic_ADL_2x2/Fall/SA10/F03_SA10_R04_T7.5-12.5s.png,1,Fall,SA10
/content/drive/MyDrive/datasets/Mosaic_ADL_2x2/Fall/SA10/F03_SA10_R04_T10.0-15.0s.png,1,Fall,SA10
/content/drive/MyDrive/datasets/Mosaic_ADL_2x2/Fall/SA10/F03_SA10_R05_T0.0-5.0s.png,1,Fall,SA10
/content/drive/MyDrive/datasets/Mosaic_ADL_2x2/Fall/SA10/F03_SA10_R05_T2.5-7.5s.png,1,Fall,SA10
/content/drive/MyDrive/datasets/Mosaic_ADL_2x2/Fall/SA10/F03_SA10_R05_T5.0-10.0s.png,1,Fall,SA10
/content/drive/MyDrive/datasets/Mosaic_ADL_2x2/Fall/SA10/F03_SA10_R05_T7.5-12.5s.png,1,Fall,SA10
/content/drive/MyDrive/datasets/Mosaic_ADL_2x2/Fall/SA10/F03_SA10_R05_T10.0-15.0s.png,1,Fall,SA10
/content/drive/MyDrive/datasets/Mosaic_ADL_2x2/Fall/SA10/F04_SA10_R01_T0.0-5.0s.png,1,Fall,SA10
/content/drive/MyDrive/datasets/Mosaic_ADL_2x2/Fall/SA10/F04_SA10_R01_T2.5-7.5s.png,1,Fall,SA10
/content/drive/MyDrive/datasets/Mosaic_ADL_2x2/Fall/SA10/F04_SA10_R01_T5.0-10.0s.png,1,Fall,SA10
/content/drive/MyDrive/datasets/Mosaic_ADL_2x2/Fall/SA10/F04_SA10_R01_T7.5-12.5s.png,1,Fall,SA10
/content/drive/MyDrive/datasets/Mosaic_ADL_2x2/Fall/SA10/F04_SA10_R01_T10.0-15.0s.png,1,Fall,SA10
/content/drive/MyDrive/datasets/Mosaic_ADL_2x2/Fall/SA10/F04_SA10_R02_T0.0-5.0s.png,1,Fall,SA10
/content/drive/MyDrive/datasets/Mosaic_ADL_2x2/Fall/SA10/F04_SA10_R02_T2.5-7.5s.png,1,Fall,SA10
/content/drive/MyDrive/datasets/Mosaic_ADL_2x2/Fall/SA10/F04_SA10_R02_T5.0-10.0s.png,1,Fall,SA10
/content/drive/MyDrive/datasets/Mosaic_ADL_2x2/Fall/SA10/F04_SA10_R02_T7.5-12.5s.png,1,Fall,SA10
/content/drive/MyDrive/datasets/Mosaic_ADL_2x2/Fall/SA10/F04_SA10_R02_T10.0-15.0s.png,1,Fall,SA10
/content/drive/MyDrive/datasets/Mosaic_ADL_2x2/Fall/SA10/F04_SA10_R03_T0.0-5.0s.png,1,Fall,SA10
/content/drive/MyDrive/datasets/Mosaic_ADL_2x2/Fall/SA10/F04_SA10_R03_T2.5-7.5s.png,1,Fall,SA10
/content/drive/MyDrive/datasets/Mosaic_ADL_2x2/Fall/SA10/F04_SA10_R03_T5.0-10.0s.png,1,Fall,SA10
/content/drive/MyDrive/datasets/Mosaic_ADL_2x2/Fall/SA10/F04_SA10_R03_T7.5-12.5s.png,1,Fall,SA10
/content/drive/MyDrive/datasets/Mosaic_ADL_2x2/Fall/SA10/F04_SA10_R03_T10.0-15.0s.png,1,Fall,SA10
/content/drive/MyDrive/datasets/Mosaic_ADL_2x2/Fall/SA10/F04_SA10_R04_T0.0-5.0s.png,1,Fall,SA10
/content/drive/MyDrive/datasets/Mosaic_ADL_2x2/Fall/SA10/F04_SA10_R04_T2.5-7.5s.png,1,Fall,SA10
/content/drive/MyDrive/datasets/Mosaic_ADL_2x2/Fall/SA10/F04_SA10_R04_T5.0-10.0s.png,1,Fall,SA10
/content/drive/MyDrive/datasets/Mosaic_ADL_2x2/Fall/SA10/F04_SA10_R04_T7.5-12.5s.png,1,Fall,SA10
/content/drive/MyDrive/datasets/Mosaic_ADL_2x2/Fall/SA10/F04_SA10_R04_T10.0-15.0s.png,1,Fall,SA10
/content/drive/MyDrive/datasets/Mosaic_ADL_2x2/Fall/SA10/F04_SA10_R05_T0.0-5.0s.png,1,Fall,SA10
/content/drive/MyDrive/datasets/Mosaic_ADL_2x2/Fall/SA10/F04_SA10_R05_T2.5-7.5s.png,1,Fall,SA10
/content/drive/MyDrive/datasets/Mosaic_ADL_2x2/Fall/SA10/F04_SA10_R05_T5.0-10.0s.png,1,Fall,SA10
/content/drive/MyDrive/datasets/Mosaic_ADL_2x2/Fall/SA10/F04_SA10_R05_T7.5-12.5s.png,1,Fall,SA10
/content/drive/MyDrive/datasets/Mosaic_ADL_2x2/Fall/SA10/F04_SA10_R05_T10.0-15.0s.png,1,Fall,SA10
/content/drive/MyDrive/datasets/Mosaic_ADL_2x2/Fall/SA10/F05_SA10_R01_T0.0-5.0s.png,1,Fall,SA10
/content/drive/MyDrive/datasets/Mosaic_ADL_2x2/Fall/SA10/F05_SA10_R01_T2.5-7.5s.png,1,Fall,SA10
/content/drive/MyDrive/datasets/Mosaic_ADL_2x2/Fall/SA10/F05_SA10_R01_T5.0-10.0s.png,1,Fall,SA10
/content/drive/MyDrive/datasets/Mosaic_ADL_2x2/Fall/SA10/F05_SA10_R01_T7.5-12.5s.png,1,Fall,SA10
/content/drive/MyDrive/datasets/Mosaic_ADL_2x2/Fall/SA10/F05_SA10_R01_T10.0-15.0s.png,1,Fall,SA10
/content/drive/MyDrive/datasets/Mosaic_ADL_2x2/Fall/SA10/F05_SA10_R02_T0.0-5.0s.png,1,Fall,SA10
/content/drive/MyDrive/datasets/Mosaic_ADL_2x2/Fall/SA10/F05_SA10_R02_T2.5-7.5s.png,1,Fall,SA10
/content/drive/MyDrive/datasets/Mosaic_ADL_2x2/Fall/SA10/F05_SA10_R02_T5.0-10.0s.png,1,Fall,SA10
/content/drive/MyDrive/datasets/Mosaic_ADL_2x2/Fall/SA10/F05_SA10_R02_T7.5-12.5s.png,1,Fall,SA10
/content/drive/MyDrive/datasets/Mosaic_ADL_2x2/Fall/SA10/F05_SA10_R02_T10.0-15.0s.png,1,Fall,SA10
/content/drive/MyDrive/datasets/Mosaic_ADL_2x2/Fall/SA10/F05_SA10_R03_T0.0-5.0s.png,1,Fall,SA10
/content/drive/MyDrive/datasets/Mosaic_ADL_2x2/Fall/SA10/F05_SA10_R03_T2.5-7.5s.png,1,Fall,SA10
/content/drive/MyDrive/datasets/Mosaic_ADL_2x2/Fall/SA10/F05_SA10_R03_T5.0-10.0s.png,1,Fall,SA10
/content/drive/MyDrive/datasets/Mosaic_ADL_2x2/Fall/SA10/F05_SA10_R03_T7.5-12.5s.png,1,Fall,SA10
/content/drive/MyDrive/datasets/Mosaic_ADL_2x2/Fall/SA10/F05_SA10_R03_T10.0-15.0s.png,1,Fall,SA10
/content/drive/MyDrive/datasets/Mosaic_ADL_2x2/Fall/SA10/F05_SA10_R04_T0.0-5.0s.png,1,Fall,SA10
/content/drive/MyDrive/datasets/Mosaic_ADL_2x2/Fall/SA10/F05_SA10_R04_T2.5-7.5s.png,1,Fall,SA10
/content/drive/MyDrive/datasets/Mosaic_ADL_2x2/Fall/SA10/F05_SA10_R04_T5.0-10.0s.png,1,Fall,SA10
/content/drive/MyDrive/datasets/Mosaic_ADL_2x2/Fall/SA10/F05_SA10_R04_T7.5-12.5s.png,1,Fall,SA10
/content/drive/MyDrive/datasets/Mosaic_ADL_2x2/Fall/SA10/F05_SA10_R04_T10.0-15.0s.png,1,Fall,SA10
/content/drive/MyDrive/datasets/Mosaic_ADL_2x2/Fall/SA10/F05_SA10_R05_T0.0-5.0s.png,1,Fall,SA10
/content/drive/MyDrive/datasets/Mosaic_ADL_2x2/Fall/SA10/F05_SA10_R05_T2.5-7.5s.png,1,Fall,SA10
/content/drive/MyDrive/datasets/Mosaic_ADL_2x2/Fall/SA10/F05_SA10_R05_T5.0-10.0s.png,1,Fall,SA10
/content/drive/MyDrive/datasets/Mosaic_ADL_2x2/Fall/SA10/F05_SA10_R05_T7.5-12.5s.png,1,Fall,SA10
/content/drive/MyDrive/datasets/Mosaic_ADL_2x2/Fall/SA10/F05_SA10_R05_T10.0-15.0s.png,1,Fall,SA10
/content/drive/MyDrive/datasets/Mosaic_ADL_2x2/Fall/SA10/F06_SA10_R01_T0.0-5.0s.png,1,Fall,SA10
/content/drive/MyDrive/datasets/Mosaic_ADL_2x2/Fall/SA10/F06_SA10_R01_T2.5-7.5s.png,1,Fall,SA10
/content/drive/MyDrive/datasets/Mosaic_ADL_2x2/Fall/SA10/F06_SA10_R01_T5.0-10.0s.png,1,Fall,SA10
/content/drive/MyDrive/datasets/Mosaic_ADL_2x2/Fall/SA10/F06_SA10_R01_T7.5-12.5s.png,1,Fall,SA10
/content/drive/MyDrive/datasets/Mosaic_ADL_2x2/Fall/SA10/F06_SA10_R02_T0.0-5.0s.png,1,Fall,SA10
/content/drive/MyDrive/datasets/Mosaic_ADL_2x2/Fall/SA10/F06_SA10_R02_T2.5-7.5s.png,1,Fall,SA10
/content/drive/MyDrive/datasets/Mosaic_ADL_2x2/Fall/SA10/F06_SA10_R02_T5.0-10.0s.png,1,Fall,SA10
/content/drive/MyDrive/datasets/Mosaic_ADL_2x2/Fall/SA10/F06_SA10_R02_T7.5-12.5s.png,1,Fall,SA10
/content/drive/MyDrive/datasets/Mosaic_ADL_2x2/Fall/SA10/F06_SA10_R02_T10.0-15.0s.png,1,Fall,SA10
/content/drive/MyDrive/datasets/Mosaic_ADL_2x2/Fall/SA10/F06_SA10_R03_T0.0-5.0s.png,1,Fall,SA10
/content/drive/MyDrive/datasets/Mosaic_ADL_2x2/Fall/SA10/F06_SA10_R03_T2.5-7.5s.png,1,Fall,SA10
/content/drive/MyDrive/datasets/Mosaic_ADL_2x2/Fall/SA10/F06_SA10_R03_T5.0-10.0s.png,1,Fall,SA10
/content/drive/MyDrive/datasets/Mosaic_ADL_2x2/Fall/SA10/F06_SA10_R03_T7.5-12.5s.png,1,Fall,SA10
/content/drive/MyDrive/datasets/Mosaic_ADL_2x2/Fall/SA10/F06_SA10_R03_T10.0-15.0s.png,1,Fall,SA10
/content/drive/MyDrive/datasets/Mosaic_ADL_2x2/Fall/SA10/F06_SA10_R04_T0.0-5.0s.png,1,Fall,SA10
/content/drive/MyDrive/datasets/Mosaic_ADL_2x2/Fall/SA10/F06_SA10_R04_T2.5-7.5s.png,1,Fall,SA10
/content/drive/MyDrive/datasets/Mosaic_ADL_2x2/Fall/SA10/F06_SA10_R04_T5.0-10.0s.png,1,Fall,SA10
/content/drive/MyDrive/datasets/Mosaic_ADL_2x2/Fall/SA10/F06_SA10_R04_T7.5-12.5s.png,1,Fall,SA10
/content/drive/MyDrive/datasets/Mosaic_ADL_2x2/Fall/SA10/F06_SA10_R04_T10.0-15.0s.png,1,Fall,SA10
/content/drive/MyDrive/datasets/Mosaic_ADL_2x2/Fall/SA10/F06_SA10_R05_T0.0-5.0s.png,1,Fall,SA10
/content/drive/MyDrive/datasets/Mosaic_ADL_2x2/Fall/SA10/F06_SA10_R05_T2.5-7.5s.png,1,Fall,SA10
/content/drive/MyDrive/datasets/Mosaic_ADL_2x2/Fall/SA10/F06_SA10_R05_T5.0-10.0s.png,1,Fall,SA10
/content/drive/MyDrive/datasets/Mosaic_ADL_2x2/Fall/SA10/F06_SA10_R05_T7.5-12.5s.png,1,Fall,SA10
/content/drive/MyDrive/datasets/Mosaic_ADL_2x2/Fall/SA10/F06_SA10_R05_T10.0-15.0s.png,1,Fall,SA10
/content/drive/MyDrive/datasets/Mosaic_ADL_2x2/Fall/SA10/F07_SA10_R01_T0.0-5.0s.png,1,Fall,SA10
/content/drive/MyDrive/datasets/Mosaic_ADL_2x2/Fall/SA10/F07_SA10_R01_T2.5-7.5s.png,1,Fall,SA10
/content/drive/MyDrive/datasets/Mosaic_ADL_2x2/Fall/SA10/F07_SA10_R01_T5.0-10.0s.png,1,Fall,SA10
/content/drive/MyDrive/datasets/Mosaic_ADL_2x2/Fall/SA10/F07_SA10_R01_T7.5-12.5s.png,1,Fall,SA10
/content/drive/MyDrive/datasets/Mosaic_ADL_2x2/Fall/SA10/F07_SA10_R01_T10.0-15.0s.png,1,Fall,SA10
/content/drive/MyDrive/datasets/Mosaic_ADL_2x2/Fall/SA10/F07_SA10_R02_T0.0-5.0s.png,1,Fall,SA10
/content/drive/MyDrive/datasets/Mosaic_ADL_2x2/Fall/SA10/F07_SA10_R02_T2.5-7.5s.png,1,Fall,SA10
/content/drive/MyDrive/datasets/Mosaic_ADL_2x2/Fall/SA10/F07_SA10_R02_T5.0-10.0s.png,1,Fall,SA10
/content/drive/MyDrive/datasets/Mosaic_ADL_2x2/Fall/SA10/F07_SA10_R02_T7.5-12.5s.png,1,Fall,SA10
/content/drive/MyDrive/datasets/Mosaic_ADL_2x2/Fall/SA10/F07_SA10_R02_T10.0-15.0s.png,1,Fall,SA10
/content/drive/MyDrive/datasets/Mosaic_ADL_2x2/Fall/SA10/F07_SA10_R03_T0.0-5.0s.png,1,Fall,SA10
/content/drive/MyDrive/datasets/Mosaic_ADL_2x2/Fall/SA10/F07_SA10_R03_T2.5-7.5s.png,1,Fall,SA10
/content/drive/MyDrive/datasets/Mosaic_ADL_2x2/Fall/SA10/F07_SA10_R03_T5.0-10.0s.png,1,Fall,SA10
/content/drive/MyDrive/datasets/Mosaic_ADL_2x2/Fall/SA10/F07_SA10_R03_T7.5-12.5s.png,1,Fall,SA10
/content/drive/MyDrive/datasets/Mosaic_ADL_2x2/Fall/SA10/F07_SA10_R03_T10.0-15.0s.png,1,Fall,SA10
/content/drive/MyDrive/datasets/Mosaic_ADL_2x2/Fall/SA10/F07_SA10_R04_T0.0-5.0s.png,1,Fall,SA10
/content/drive/MyDrive/datasets/Mosaic_ADL_2x2/Fall/SA10/F07_SA10_R04_T2.5-7.5s.png,1,Fall,SA10
/content/drive/MyDrive/datasets/Mosaic_ADL_2x2/Fall/SA10/F07_SA10_R04_T5.0-10.0s.png,1,Fall,SA10
/content/drive/MyDrive/datasets/Mosaic_ADL_2x2/Fall/SA10/F07_SA10_R04_T7.5-12.5s.png,1,Fall,SA10
/content/drive/MyDrive/datasets/Mosaic_ADL_2x2/Fall/SA10/F07_SA10_R04_T10.0-15.0s.png,1,Fall,SA10
/content/drive/MyDrive/datasets/Mosaic_ADL_2x2/Fall/SA10/F07_SA10_R05_T0.0-5.0s.png,1,Fall,SA10
/content/drive/MyDrive/datasets/Mosaic_ADL_2x2/Fall/SA10/F07_SA10_R05_T2.5-7.5s.png,1,Fall,SA10
/content/drive/MyDrive/datasets/Mosaic_ADL_2x2/Fall/SA10/F07_SA10_R05_T5.0-10.0s.png,1,Fall,SA10
/content/drive/MyDrive/datasets/Mosaic_ADL_2x2/Fall/SA10/F07_SA10_R05_T7.5-12.5s.png,1,Fall,SA10
/content/drive/MyDrive/datasets/Mosaic_ADL_2x2/Fall/SA10/F07_SA10_R05_T10.0-15.0s.png,1,Fall,SA10
/content/drive/MyDrive/datasets/Mosaic_ADL_2x2/Fall/SA10/F08_SA10_R01_T0.0-5.0s.png,1,Fall,SA10
/content/drive/MyDrive/datasets/Mosaic_ADL_2x2/Fall/SA10/F08_SA10_R01_T2.5-7.5s.png,1,Fall,SA10
/content/drive/MyDrive/datasets/Mosaic_ADL_2x2/Fall/SA10/F08_SA10_R01_T5.0-10.0s.png,1,Fall,SA10
/content/drive/MyDrive/datasets/Mosaic_ADL_2x2/Fall/SA10/F08_SA10_R01_T7.5-12.5s.png,1,Fall,SA10
/content/drive/MyDrive/datasets/Mosaic_ADL_2x2/Fall/SA10/F08_SA10_R02_T0.0-5.0s.png,1,Fall,SA10
/content/drive/MyDrive/datasets/Mosaic_ADL_2x2/Fall/SA10/F08_SA10_R02_T2.5-7.5s.png,1,Fall,SA10
/content/drive/MyDrive/datasets/Mosaic_ADL_2x2/Fall/SA10/F08_SA10_R02_T5.0-10.0s.png,1,Fall,SA10
/content/drive/MyDrive/datasets/Mosaic_ADL_2x2/Fall/SA10/F08_SA10_R02_T7.5-12.5s.png,1,Fall,SA10
/content/drive/MyDrive/datasets/Mosaic_ADL_2x2/Fall/SA10/F08_SA10_R02_T10.0-15.0s.png,1,Fall,SA10
/content/drive/MyDrive/datasets/Mosaic_ADL_2x2/Fall/SA10/F08_SA10_R03_T0.0-5.0s.png,1,Fall,SA10
/content/drive/MyDrive/datasets/Mosaic_ADL_2x2/Fall/SA10/F08_SA10_R03_T2.5-7.5s.png,1,Fall,SA10
/content/drive/MyDrive/datasets/Mosaic_ADL_2x2/Fall/SA10/F08_SA10_R03_T5.0-10.0s.png,1,Fall,SA10
/content/drive/MyDrive/datasets/Mosaic_ADL_2x2/Fall/SA10/F08_SA10_R03_T7.5-12.5s.png,1,Fall,SA10
/content/drive/MyDrive/datasets/Mosaic_ADL_2x2/Fall/SA10/F08_SA10_R04_T0.0-5.0s.png,1,Fall,SA10
/content/drive/MyDrive/datasets/Mosaic_ADL_2x2/Fall/SA10/F08_SA10_R04_T2.5-7.5s.png,1,Fall,SA10
/content/drive/MyDrive/datasets/Mosaic_ADL_2x2/Fall/SA10/F08_SA10_R04_T5.0-10.0s.png,1,Fall,SA10
/content/drive/MyDrive/datasets/Mosaic_ADL_2x2/Fall/SA10/F08_SA10_R04_T7.5-12.5s.png,1,Fall,SA10
/content/drive/MyDrive/datasets/Mosaic_ADL_2x2/Fall/SA10/F08_SA10_R04_T10.0-15.0s.png,1,Fall,SA10
/content/drive/MyDrive/datasets/Mosaic_ADL_2x2/Fall/SA10/F08_SA10_R05_T0.0-5.0s.png,1,Fall,SA10
/content/drive/MyDrive/datasets/Mosaic_ADL_2x2/Fall/SA10/F08_SA10_R05_T2.5-7.5s.png,1,Fall,SA10
/content/drive/MyDrive/datasets/Mosaic_ADL_2x2/Fall/SA10/F08_SA10_R05_T5.0-10.0s.png,1,Fall,SA10
/content/drive/MyDrive/datasets/Mosaic_ADL_2x2/Fall/SA10/F08_SA10_R05_T7.5-12.5s.png,1,Fall,SA10
/content/drive/MyDrive/datasets/Mosaic_ADL_2x2/Fall/SA10/F08_SA10_R05_T10.0-15.0s.png,1,Fall,SA10
/content/drive/MyDrive/datasets/Mosaic_ADL_2x2/Fall/SA10/F09_SA10_R01_T0.0-5.0s.png,1,Fall,SA10
/content/drive/MyDrive/datasets/Mosaic_ADL_2x2/Fall/SA10/F09_SA10_R01_T2.5-7.5s.png,1,Fall,SA10
/content/drive/MyDrive/datasets/Mosaic_ADL_2x2/Fall/SA10/F09_SA10_R01_T5.0-10.0s.png,1,Fall,SA10
/content/drive/MyDrive/datasets/Mosaic_ADL_2x2/Fall/SA10/F09_SA10_R01_T7.5-12.5s.png,1,Fall,SA10
/content/drive/MyDrive/datasets/Mosaic_ADL_2x2/Fall/SA10/F09_SA10_R01_T10.0-15.0s.png,1,Fall,SA10
/content/drive/MyDrive/datasets/Mosaic_ADL_2x2/Fall/SA10/F09_SA10_R02_T0.0-5.0s.png,1,Fall,SA10
/content/drive/MyDrive/datasets/Mosaic_ADL_2x2/Fall/SA10/F09_SA10_R02_T2.5-7.5s.png,1,Fall,SA10
/content/drive/MyDrive/datasets/Mosaic_ADL_2x2/Fall/SA10/F09_SA10_R02_T5.0-10.0s.png,1,Fall,SA10
/content/drive/MyDrive/datasets/Mosaic_ADL_2x2/Fall/SA10/F09_SA10_R02_T7.5-12.5s.png,1,Fall,SA10
/content/drive/MyDrive/datasets/Mosaic_ADL_2x2/Fall/SA10/F09_SA10_R02_T10.0-15.0s.png,1,Fall,SA10
/content/drive/MyDrive/datasets/Mosaic_ADL_2x2/Fall/SA10/F09_SA10_R03_T0.0-5.0s.png,1,Fall,SA10
/content/drive/MyDrive/datasets/Mosaic_ADL_2x2/Fall/SA10/F09_SA10_R03_T2.5-7.5s.png,1,Fall,SA10
/content/drive/MyDrive/datasets/Mosaic_ADL_2x2/Fall/SA10/F09_SA10_R03_T5.0-10.0s.png,1,Fall,SA10
/content/drive/MyDrive/datasets/Mosaic_ADL_2x2/Fall/SA10/F09_SA10_R03_T7.5-12.5s.png,1,Fall,SA10
/content/drive/MyDrive/datasets/Mosaic_ADL_2x2/Fall/SA10/F09_SA10_R03_T10.0-15.0s.png,1,Fall,SA10
/content/drive/MyDrive/datasets/Mosaic_ADL_2x2/Fall/SA10/F09_SA10_R04_T0.0-5.0s.png,1,Fall,SA10
/content/drive/MyDrive/datasets/Mosaic_ADL_2x2/Fall/SA10/F09_SA10_R04_T2.5-7.5s.png,1,Fall,SA10
/content/drive/MyDrive/datasets/Mosaic_ADL_2x2/Fall/SA10/F09_SA10_R04_T5.0-10.0s.png,1,Fall,SA10
/content/drive/MyDrive/datasets/Mosaic_ADL_2x2/Fall/SA10/F09_SA10_R04_T7.5-12.5s.png,1,Fall,SA10
/content/drive/MyDrive/datasets/Mosaic_ADL_2x2/Fall/SA10/F09_SA10_R04_T10.0-15.0s.png,1,Fall,SA10
/content/drive/MyDrive/datasets/Mosaic_ADL_2x2/Fall/SA10/F09_SA10_R05_T0.0-5.0s.png,1,Fall,SA10
/content/drive/MyDrive/datasets/Mosaic_ADL_2x2/Fall/SA10/F09_SA10_R05_T2.5-7.5s.png,1,Fall,SA10
/content/drive/MyDrive/datasets/Mosaic_ADL_2x2/Fall/SA10/F09_SA10_R05_T5.0-10.0s.png,1,Fall,SA10
/content/drive/MyDrive/datasets/Mosaic_ADL_2x2/Fall/SA10/F09_SA10_R05_T7.5-12.5s.png,1,Fall,SA10
/content/drive/MyDrive/datasets/Mosaic_ADL_2x2/Fall/SA10/F09_SA10_R05_T10.0-15.0s.png,1,Fall,SA10
/content/drive/MyDrive/datasets/Mosaic_ADL_2x2/Fall/SA10/F10_SA10_R01_T0.0-5.0s.png,1,Fall,SA10
/content/drive/MyDrive/datasets/Mosaic_ADL_2x2/Fall/SA10/F10_SA10_R01_T2.5-7.5s.png,1,Fall,SA10
/content/drive/MyDrive/datasets/Mosaic_ADL_2x2/Fall/SA10/F10_SA10_R01_T5.0-10.0s.png,1,Fall,SA10
/content/drive/MyDrive/datasets/Mosaic_ADL_2x2/Fall/SA10/F10_SA10_R01_T7.5-12.5s.png,1,Fall,SA10
/content/drive/MyDrive/datasets/Mosaic_ADL_2x2/Fall/SA10/F10_SA10_R01_T10.0-15.0s.png,1,Fall,SA10
/content/drive/MyDrive/datasets/Mosaic_ADL_2x2/Fall/SA10/F10_SA10_R02_T0.0-5.0s.png,1,Fall,SA10
/content/drive/MyDrive/datasets/Mosaic_ADL_2x2/Fall/SA10/F10_SA10_R02_T2.5-7.5s.png,1,Fall,SA10
/content/drive/MyDrive/datasets/Mosaic_ADL_2x2/Fall/SA10/F10_SA10_R02_T5.0-10.0s.png,1,Fall,SA10
/content/drive/MyDrive/datasets/Mosaic_ADL_2x2/Fall/SA10/F10_SA10_R02_T7.5-12.5s.png,1,Fall,SA10
/content/drive/MyDrive/datasets/Mosaic_ADL_2x2/Fall/SA10/F10_SA10_R02_T10.0-15.0s.png,1,Fall,SA10
/content/drive/MyDrive/datasets/Mosaic_ADL_2x2/Fall/SA10/F10_SA10_R03_T0.0-5.0s.png,1,Fall,SA10
/content/drive/MyDrive/datasets/Mosaic_ADL_2x2/Fall/SA10/F10_SA10_R03_T2.5-7.5s.png,1,Fall,SA10
/content/drive/MyDrive/datasets/Mosaic_ADL_2x2/Fall/SA10/F10_SA10_R03_T5.0-10.0s.png,1,Fall,SA10
/content/drive/MyDrive/datasets/Mosaic_ADL_2x2/Fall/SA10/F10_SA10_R03_T7.5-12.5s.png,1,Fall,SA10
/content/drive/MyDrive/datasets/Mosaic_ADL_2x2/Fall/SA10/F10_SA10_R03_T10.0-15.0s.png,1,Fall,SA10
/content/drive/MyDrive/datasets/Mosaic_ADL_2x2/Fall/SA10/F10_SA10_R04_T0.0-5.0s.png,1,Fall,SA10
/content/drive/MyDrive/datasets/Mosaic_ADL_2x2/Fall/SA10/F10_SA10_R04_T2.5-7.5s.png,1,Fall,SA10
/content/drive/MyDrive/datasets/Mosaic_ADL_2x2/Fall/SA10/F10_SA10_R04_T5.0-10.0s.png,1,Fall,SA10
/content/drive/MyDrive/datasets/Mosaic_ADL_2x2/Fall/SA10/F10_SA10_R04_T7.5-12.5s.png,1,Fall,SA10
/content/drive/MyDrive/datasets/Mosaic_ADL_2x2/Fall/SA10/F10_SA10_R04_T10.0-15.0s.png,1,Fall,SA10
/content/drive/MyDrive/datasets/Mosaic_ADL_2x2/Fall/SA10/F10_SA10_R05_T0.0-5.0s.png,1,Fall,SA10
/content/drive/MyDrive/datasets/Mosaic_ADL_2x2/Fall/SA10/F10_SA10_R05_T2.5-7.5s.png,1,Fall,SA10
/content/drive/MyDrive/datasets/Mosaic_ADL_2x2/Fall/SA10/F10_SA10_R05_T5.0-10.0s.png,1,Fall,SA10
/content/drive/MyDrive/datasets/Mosaic_ADL_2x2/Fall/SA10/F10_SA10_R05_T7.5-12.5s.png,1,Fall,SA10
/content/drive/MyDrive/datasets/Mosaic_ADL_2x2/Fall/SA10/F10_SA10_R05_T10.0-15.0s.png,1,Fall,SA10
/content/drive/MyDrive/datasets/Mosaic_ADL_2x2/Fall/SA10/F11_SA10_R01_T0.0-5.0s.png,1,Fall,SA10
/content/drive/MyDrive/datasets/Mosaic_ADL_2x2/Fall/SA10/F11_SA10_R01_T2.5-7.5s.png,1,Fall,SA10
/content/drive/MyDrive/datasets/Mosaic_ADL_2x2/Fall/SA10/F11_SA10_R01_T5.0-10.0s.png,1,Fall,SA10
/content/drive/MyDrive/datasets/Mosaic_ADL_2x2/Fall/SA10/F11_SA10_R01_T7.5-12.5s.png,1,Fall,SA10
/content/drive/MyDrive/datasets/Mosaic_ADL_2x2/Fall/SA10/F11_SA10_R02_T0.0-5.0s.png,1,Fall,SA10
/content/drive/MyDrive/datasets/Mosaic_ADL_2x2/Fall/SA10/F11_SA10_R02_T2.5-7.5s.png,1,Fall,SA10
/content/drive/MyDrive/datasets/Mosaic_ADL_2x2/Fall/SA10/F11_SA10_R02_T5.0-10.0s.png,1,Fall,SA10
/content/drive/MyDrive/datasets/Mosaic_ADL_2x2/Fall/SA10/F11_SA10_R02_T7.5-12.5s.png,1,Fall,SA10
/content/drive/MyDrive/datasets/Mosaic_ADL_2x2/Fall/SA10/F11_SA10_R02_T10.0-15.0s.png,1,Fall,SA10
/content/drive/MyDrive/datasets/Mosaic_ADL_2x2/Fall/SA10/F11_SA10_R03_T0.0-5.0s.png,1,Fall,SA10
/content/drive/MyDrive/datasets/Mosaic_ADL_2x2/Fall/SA10/F11_SA10_R03_T2.5-7.5s.png,1,Fall,SA10
/content/drive/MyDrive/datasets/Mosaic_ADL_2x2/Fall/SA10/F11_SA10_R03_T5.0-10.0s.png,1,Fall,SA10
/content/drive/MyDrive/datasets/Mosaic_ADL_2x2/Fall/SA10/F11_SA10_R03_T7.5-12.5s.png,1,Fall,SA10
/content/drive/MyDrive/datasets/Mosaic_ADL_2x2/Fall/SA10/F11_SA10_R03_T10.0-15.0s.png,1,Fall,SA10
/content/drive/MyDrive/datasets/Mosaic_ADL_2x2/Fall/SA10/F11_SA10_R04_T0.0-5.0s.png,1,Fall,SA10
/content/drive/MyDrive/datasets/Mosaic_ADL_2x2/Fall/SA10/F11_SA10_R04_T2.5-7.5s.png,1,Fall,SA10
/content/drive/MyDrive/datasets/Mosaic_ADL_2x2/Fall/SA10/F11_SA10_R04_T5.0-10.0s.png,1,Fall,SA10
/content/drive/MyDrive/datasets/Mosaic_ADL_2x2/Fall/SA10/F11_SA10_R04_T7.5-12.5s.png,1,Fall,SA10
/content/drive/MyDrive/datasets/Mosaic_ADL_2x2/Fall/SA10/F11_SA10_R04_T10.0-15.0s.png,1,Fall,SA10
/content/drive/MyDrive/datasets/Mosaic_ADL_2x2/Fall/SA10/F11_SA10_R05_T0.0-5.0s.png,1,Fall,SA10
/content/drive/MyDrive/datasets/Mosaic_ADL_2x2/Fall/SA10/F11_SA10_R05_T2.5-7.5s.png,1,Fall,SA10
/content/drive/MyDrive/datasets/Mosaic_ADL_2x2/Fall/SA10/F11_SA10_R05_T5.0-10.0s.png,1,Fall,SA10
/content/drive/MyDrive/datasets/Mosaic_ADL_2x2/Fall/SA10/F11_SA10_R05_T7.5-12.5s.png,1,Fall,SA10
/content/drive/MyDrive/datasets/Mosaic_ADL_2x2/Fall/SA10/F11_SA10_R05_T10.0-15.0s.png,1,Fall,SA10
/content/drive/MyDrive/datasets/Mosaic_ADL_2x2/Fall/SA10/F12_SA10_R01_T0.0-5.0s.png,1,Fall,SA10
/content/drive/MyDrive/datasets/Mosaic_ADL_2x2/Fall/SA10/F12_SA10_R01_T2.5-7.5s.png,1,Fall,SA10
/content/drive/MyDrive/datasets/Mosaic_ADL_2x2/Fall/SA10/F12_SA10_R01_T5.0-10.0s.png,1,Fall,SA10
/content/drive/MyDrive/datasets/Mosaic_ADL_2x2/Fall/SA10/F12_SA10_R01_T7.5-12.5s.png,1,Fall,SA10
/content/drive/MyDrive/datasets/Mosaic_ADL_2x2/Fall/SA10/F12_SA10_R02_T0.0-5.0s.png,1,Fall,SA10
/content/drive/MyDrive/datasets/Mosaic_ADL_2x2/Fall/SA10/F12_SA10_R02_T2.5-7.5s.png,1,Fall,SA10
/content/drive/MyDrive/datasets/Mosaic_ADL_2x2/Fall/SA10/F12_SA10_R02_T5.0-10.0s.png,1,Fall,SA10
/content/drive/MyDrive/datasets/Mosaic_ADL_2x2/Fall/SA10/F12_SA10_R02_T7.5-12.5s.png,1,Fall,SA10
/content/drive/MyDrive/datasets/Mosaic_ADL_2x2/Fall/SA10/F12_SA10_R02_T10.0-15.0s.png,1,Fall,SA10
/content/drive/MyDrive/datasets/Mosaic_ADL_2x2/Fall/SA10/F12_SA10_R03_T0.0-5.0s.png,1,Fall,SA10
/content/drive/MyDrive/datasets/Mosaic_ADL_2x2/Fall/SA10/F12_SA10_R03_T2.5-7.5s.png,1,Fall,SA10
/content/drive/MyDrive/datasets/Mosaic_ADL_2x2/Fall/SA10/F12_SA10_R03_T5.0-10.0s.png,1,Fall,SA10
/content/drive/MyDrive/datasets/Mosaic_ADL_2x2/Fall/SA10/F12_SA10_R03_T7.5-12.5s.png,1,Fall,SA10
/content/drive/MyDrive/datasets/Mosaic_ADL_2x2/Fall/SA10/F12_SA10_R03_T10.0-15.0s.png,1,Fall,SA10
/content/drive/MyDrive/datasets/Mosaic_ADL_2x2/Fall/SA10/F12_SA10_R04_T0.0-5.0s.png,1,Fall,SA10
/content/drive/MyDrive/datasets/Mosaic_ADL_2x2/Fall/SA10/F12_SA10_R04_T2.5-7.5s.png,1,Fall,SA10
/content/drive/MyDrive/datasets/Mosaic_ADL_2x2/Fall/SA10/F12_SA10_R04_T5.0-10.0s.png,1,Fall,SA10
/content/drive/MyDrive/datasets/Mosaic_ADL_2x2/Fall/SA10/F12_SA10_R04_T7.5-12.5s.png,1,Fall,SA10
/content/drive/MyDrive/datasets/Mosaic_ADL_2x2/Fall/SA10/F12_SA10_R04_T10.0-15.0s.png,1,Fall,SA10
/content/drive/MyDrive/datasets/Mosaic_ADL_2x2/Fall/SA10/F12_SA10_R05_T0.0-5.0s.png,1,Fall,SA10
/content/drive/MyDrive/datasets/Mosaic_ADL_2x2/Fall/SA10/F12_SA10_R05_T2.5-7.5s.png,1,Fall,SA10
/content/drive/MyDrive/datasets/Mosaic_ADL_2x2/Fall/SA10/F12_SA10_R05_T5.0-10.0s.png,1,Fall,SA10
/content/drive/MyDrive/datasets/Mosaic_ADL_2x2/Fall/SA10/F12_SA10_R05_T7.5-12.5s.png,1,Fall,SA10
/content/drive/MyDrive/datasets/Mosaic_ADL_2x2/Fall/SA10/F12_SA10_R05_T10.0-15.0s.png,1,Fall,SA10
/content/drive/MyDrive/datasets/Mosaic_ADL_2x2/Fall/SA10/F13_SA10_R01_T0.0-5.0s.png,1,Fall,SA10
/content/drive/MyDrive/datasets/Mosaic_ADL_2x2/Fall/SA10/F13_SA10_R01_T2.5-7.5s.png,1,Fall,SA10
/content/drive/MyDrive/datasets/Mosaic_ADL_2x2/Fall/SA10/F13_SA10_R01_T5.0-10.0s.png,1,Fall,SA10
/content/drive/MyDrive/datasets/Mosaic_ADL_2x2/Fall/SA10/F13_SA10_R01_T7.5-12.5s.png,1,Fall,SA10
/content/drive/MyDrive/datasets/Mosaic_ADL_2x2/Fall/SA10/F13_SA10_R01_T10.0-15.0s.png,1,Fall,SA10
/content/drive/MyDrive/datasets/Mosaic_ADL_2x2/Fall/SA10/F13_SA10_R02_T0.0-5.0s.png,1,Fall,SA10
/content/drive/MyDrive/datasets/Mosaic_ADL_2x2/Fall/SA10/F13_SA10_R02_T2.5-7.5s.png,1,Fall,SA10
/content/drive/MyDrive/datasets/Mosaic_ADL_2x2/Fall/SA10/F13_SA10_R02_T5.0-10.0s.png,1,Fall,SA10
/content/drive/MyDrive/datasets/Mosaic_ADL_2x2/Fall/SA10/F13_SA10_R02_T7.5-12.5s.png,1,Fall,SA10
/content/drive/MyDrive/datasets/Mosaic_ADL_2x2/Fall/SA10/F13_SA10_R02_T10.0-15.0s.png,1,Fall,SA10
/content/drive/MyDrive/datasets/Mosaic_ADL_2x2/Fall/SA10/F13_SA10_R03_T0.0-5.0s.png,1,Fall,SA10
/content/drive/MyDrive/datasets/Mosaic_ADL_2x2/Fall/SA10/F13_SA10_R03_T2.5-7.5s.png,1,Fall,SA10
/content/drive/MyDrive/datasets/Mosaic_ADL_2x2/Fall/SA10/F13_SA10_R03_T5.0-10.0s.png,1,Fall,SA10
/content/drive/MyDrive/datasets/Mosaic_ADL_2x2/Fall/SA10/F13_SA10_R03_T7.5-12.5s.png,1,Fall,SA10
/content/drive/MyDrive/datasets/Mosaic_ADL_2x2/Fall/SA10/F13_SA10_R03_T10.0-15.0s.png,1,Fall,SA10
/content/drive/MyDrive/datasets/Mosaic_ADL_2x2/Fall/SA10/F13_SA10_R04_T0.0-5.0s.png,1,Fall,SA10
/content/drive/MyDrive/datasets/Mosaic_ADL_2x2/Fall/SA10/F13_SA10_R04_T2.5-7.5s.png,1,Fall,SA10
/content/drive/MyDrive/datasets/Mosaic_ADL_2x2/Fall/SA10/F13_SA10_R04_T5.0-10.0s.png,1,Fall,SA10
/content/drive/MyDrive/datasets/Mosaic_ADL_2x2/Fall/SA10/F13_SA10_R04_T7.5-12.5s.png,1,Fall,SA10
/content/drive/MyDrive/datasets/Mosaic_ADL_2x2/Fall/SA10/F13_SA10_R04_T10.0-15.0s.png,1,Fall,SA10
/content/drive/MyDrive/datasets/Mosaic_ADL_2x2/Fall/SA10/F13_SA10_R05_T0.0-5.0s.png,1,Fall,SA10
/content/drive/MyDrive/datasets/Mosaic_ADL_2x2/Fall/SA10/F13_SA10_R05_T2.5-7.5s.png,1,Fall,SA10
/content/drive/MyDrive/datasets/Mosaic_ADL_2x2/Fall/SA10/F13_SA10_R05_T5.0-10.0s.png,1,Fall,SA10
/content/drive/MyDrive/datasets/Mosaic_ADL_2x2/Fall/SA10/F13_SA10_R05_T7.5-12.5s.png,1,Fall,SA10
/content/drive/MyDrive/datasets/Mosaic_ADL_2x2/Fall/SA10/F13_SA10_R05_T10.0-15.0s.png,1,Fall,SA10
/content/drive/MyDrive/datasets/Mosaic_ADL_2x2/Fall/SA10/F14_SA10_R01_T0.0-5.0s.png,1,Fall,SA10
/content/drive/MyDrive/datasets/Mosaic_ADL_2x2/Fall/SA10/F14_SA10_R01_T2.5-7.5s.png,1,Fall,SA10
/content/drive/MyDrive/datasets/Mosaic_ADL_2x2/Fall/SA10/F14_SA10_R01_T5.0-10.0s.png,1,Fall,SA10
/content/drive/MyDrive/datasets/Mosaic_ADL_2x2/Fall/SA10/F14_SA10_R01_T7.5-12.5s.png,1,Fall,SA10
/content/drive/MyDrive/datasets/Mosaic_ADL_2x2/Fall/SA10/F14_SA10_R01_T10.0-15.0s.png,1,Fall,SA10
/content/drive/MyDrive/datasets/Mosaic_ADL_2x2/Fall/SA10/F14_SA10_R02_T0.0-5.0s.png,1,Fall,SA10
/content/drive/MyDrive/datasets/Mosaic_ADL_2x2/Fall/SA10/F14_SA10_R02_T2.5-7.5s.png,1,Fall,SA10
/content/drive/MyDrive/datasets/Mosaic_ADL_2x2/Fall/SA10/F14_SA10_R02_T5.0-10.0s.png,1,Fall,SA10
/content/drive/MyDrive/datasets/Mosaic_ADL_2x2/Fall/SA10/F14_SA10_R02_T7.5-12.5s.png,1,Fall,SA10
/content/drive/MyDrive/datasets/Mosaic_ADL_2x2/Fall/SA10/F14_SA10_R02_T10.0-15.0s.png,1,Fall,SA10
/content/drive/MyDrive/datasets/Mosaic_ADL_2x2/Fall/SA10/F14_SA10_R03_T0.0-5.0s.png,1,Fall,SA10
/content/drive/MyDrive/datasets/Mosaic_ADL_2x2/Fall/SA10/F14_SA10_R03_T2.5-7.5s.png,1,Fall,SA10
/content/drive/MyDrive/datasets/Mosaic_ADL_2x2/Fall/SA10/F14_SA10_R03_T5.0-10.0s.png,1,Fall,SA10
/content/drive/MyDrive/datasets/Mosaic_ADL_2x2/Fall/SA10/F14_SA10_R03_T7.5-12.5s.png,1,Fall,SA10
/content/drive/MyDrive/datasets/Mosaic_ADL_2x2/Fall/SA10/F14_SA10_R03_T10.0-15.0s.png,1,Fall,SA10
/content/drive/MyDrive/datasets/Mosaic_ADL_2x2/Fall/SA10/F14_SA10_R04_T0.0-5.0s.png,1,Fall,SA10
/content/drive/MyDrive/datasets/Mosaic_ADL_2x2/Fall/SA10/F14_SA10_R04_T2.5-7.5s.png,1,Fall,SA10
/content/drive/MyDrive/datasets/Mosaic_ADL_2x2/Fall/SA10/F14_SA10_R04_T5.0-10.0s.png,1,Fall,SA10
/content/drive/MyDrive/datasets/Mosaic_ADL_2x2/Fall/SA10/F14_SA10_R04_T7.5-12.5s.png,1,Fall,SA10
/content/drive/MyDrive/datasets/Mosaic_ADL_2x2/Fall/SA10/F14_SA10_R04_T10.0-15.0s.png,1,Fall,SA10
/content/drive/MyDrive/datasets/Mosaic_ADL_2x2/Fall/SA10/F14_SA10_R05_T0.0-5.0s.png,1,Fall,SA10
/content/drive/MyDrive/datasets/Mosaic_ADL_2x2/Fall/SA10/F14_SA10_R05_T2.5-7.5s.png,1,Fall,SA10
/content/drive/MyDrive/datasets/Mosaic_ADL_2x2/Fall/SA10/F14_SA10_R05_T5.0-10.0s.png,1,Fall,SA10
/content/drive/MyDrive/datasets/Mosaic_ADL_2x2/Fall/SA10/F14_SA10_R05_T7.5-12.5s.png,1,Fall,SA10
/content/drive/MyDrive/datasets/Mosaic_ADL_2x2/Fall/SA10/F14_SA10_R05_T10.0-15.0s.png,1,Fall,SA10
/content/drive/MyDrive/datasets/Mosaic_ADL_2x2/Fall/SA10/F15_SA10_R01_T0.0-5.0s.png,1,Fall,SA10
/content/drive/MyDrive/datasets/Mosaic_ADL_2x2/Fall/SA10/F15_SA10_R01_T2.5-7.5s.png,1,Fall,SA10
/content/drive/MyDrive/datasets/Mosaic_ADL_2x2/Fall/SA10/F15_SA10_R01_T5.0-10.0s.png,1,Fall,SA10
/content/drive/MyDrive/datasets/Mosaic_ADL_2x2/Fall/SA10/F15_SA10_R01_T7.5-12.5s.png,1,Fall,SA10
/content/drive/MyDrive/datasets/Mosaic_ADL_2x2/Fall/SA10/F15_SA10_R01_T10.0-15.0s.png,1,Fall,SA10
/content/drive/MyDrive/datasets/Mosaic_ADL_2x2/Fall/SA10/F15_SA10_R02_T0.0-5.0s.png,1,Fall,SA10
/content/drive/MyDrive/datasets/Mosaic_ADL_2x2/Fall/SA10/F15_SA10_R02_T2.5-7.5s.png,1,Fall,SA10
/content/drive/MyDrive/datasets/Mosaic_ADL_2x2/Fall/SA10/F15_SA10_R02_T5.0-10.0s.png,1,Fall,SA10
/content/drive/MyDrive/datasets/Mosaic_ADL_2x2/Fall/SA10/F15_SA10_R02_T7.5-12.5s.png,1,Fall,SA10
/content/drive/MyDrive/datasets/Mosaic_ADL_2x2/Fall/SA10/F15_SA10_R02_T10.0-15.0s.png,1,Fall,SA10
/content/drive/MyDrive/datasets/Mosaic_ADL_2x2/Fall/SA10/F15_SA10_R03_T0.0-5.0s.png,1,Fall,SA10
/content/drive/MyDrive/datasets/Mosaic_ADL_2x2/Fall/SA10/F15_SA10_R03_T2.5-7.5s.png,1,Fall,SA10
/content/drive/MyDrive/datasets/Mosaic_ADL_2x2/Fall/SA10/F15_SA10_R03_T5.0-10.0s.png,1,Fall,SA10
/content/drive/MyDrive/datasets/Mosaic_ADL_2x2/Fall/SA10/F15_SA10_R03_T7.5-12.5s.png,1,Fall,SA10
/content/drive/MyDrive/datasets/Mosaic_ADL_2x2/Fall/SA10/F15_SA10_R04_T0.0-5.0s.png,1,Fall,SA10
/content/drive/MyDrive/datasets/Mosaic_ADL_2x2/Fall/SA10/F15_SA10_R04_T2.5-7.5s.png,1,Fall,SA10
/content/drive/MyDrive/datasets/Mosaic_ADL_2x2/Fall/SA10/F15_SA10_R04_T5.0-10.0s.png,1,Fall,SA10
/content/drive/MyDrive/datasets/Mosaic_ADL_2x2/Fall/SA10/F15_SA10_R04_T7.5-12.5s.png,1,Fall,SA10
/content/drive/MyDrive/datasets/Mosaic_ADL_2x2/Fall/SA10/F15_SA10_R04_T10.0-15.0s.png,1,Fall,SA10
/content/drive/MyDrive/datasets/Mosaic_ADL_2x2/Fall/SA10/F15_SA10_R05_T0.0-5.0s.png,1,Fall,SA10
/content/drive/MyDrive/datasets/Mosaic_ADL_2x2/Fall/SA10/F15_SA10_R05_T2.5-7.5s.png,1,Fall,SA10
/content/drive/MyDrive/datasets/Mosaic_ADL_2x2/Fall/SA10/F15_SA10_R05_T5.0-10.0s.png,1,Fall,SA10
/content/drive/MyDrive/datasets/Mosaic_ADL_2x2/Fall/SA10/F15_SA10_R05_T7.5-12.5s.png,1,Fall,SA10
/content/drive/MyDrive/datasets/Mosaic_ADL_2x2/Fall/SA10/F15_SA10_R05_T10.0-15.0s.png,1,Fall,SA10
/content/drive/MyDrive/datasets/Mosaic_ADL_2x2/Fall/SA11/F01_SA11_R01_T0.0-5.0s.png,1,Fall,SA11
/content/drive/MyDrive/datasets/Mosaic_ADL_2x2/Fall/SA11/F01_SA11_R01_T2.5-7.5s.png,1,Fall,SA11
/content/drive/MyDrive/datasets/Mosaic_ADL_2x2/Fall/SA11/F01_SA11_R01_T5.0-10.0s.png,1,Fall,SA11
/content/drive/MyDrive/datasets/Mosaic_ADL_2x2/Fall/SA11/F01_SA11_R01_T7.5-12.5s.png,1,Fall,SA11
/content/drive/MyDrive/datasets/Mosaic_ADL_2x2/Fall/SA11/F01_SA11_R01_T10.0-15.0s.png,1,Fall,SA11
/content/drive/MyDrive/datasets/Mosaic_ADL_2x2/Fall/SA11/F01_SA11_R02_T0.0-5.0s.png,1,Fall,SA11
/content/drive/MyDrive/datasets/Mosaic_ADL_2x2/Fall/SA11/F01_SA11_R02_T2.5-7.5s.png,1,Fall,SA11
/content/drive/MyDrive/datasets/Mosaic_ADL_2x2/Fall/SA11/F01_SA11_R02_T5.0-10.0s.png,1,Fall,SA11
/content/drive/MyDrive/datasets/Mosaic_ADL_2x2/Fall/SA11/F01_SA11_R02_T7.5-12.5s.png,1,Fall,SA11
/content/drive/MyDrive/datasets/Mosaic_ADL_2x2/Fall/SA11/F01_SA11_R02_T10.0-15.0s.png,1,Fall,SA11
/content/drive/MyDrive/datasets/Mosaic_ADL_2x2/Fall/SA11/F01_SA11_R03_T0.0-5.0s.png,1,Fall,SA11
/content/drive/MyDrive/datasets/Mosaic_ADL_2x2/Fall/SA11/F01_SA11_R03_T2.5-7.5s.png,1,Fall,SA11
/content/drive/MyDrive/datasets/Mosaic_ADL_2x2/Fall/SA11/F01_SA11_R03_T5.0-10.0s.png,1,Fall,SA11
/content/drive/MyDrive/datasets/Mosaic_ADL_2x2/Fall/SA11/F01_SA11_R03_T7.5-12.5s.png,1,Fall,SA11
/content/drive/MyDrive/datasets/Mosaic_ADL_2x2/Fall/SA11/F01_SA11_R03_T10.0-15.0s.png,1,Fall,SA11
/content/drive/MyDrive/datasets/Mosaic_ADL_2x2/Fall/SA11/F01_SA11_R04_T0.0-5.0s.png,1,Fall,SA11
/content/drive/MyDrive/datasets/Mosaic_ADL_2x2/Fall/SA11/F01_SA11_R04_T2.5-7.5s.png,1,Fall,SA11
/content/drive/MyDrive/datasets/Mosaic_ADL_2x2/Fall/SA11/F01_SA11_R04_T5.0-10.0s.png,1,Fall,SA11
/content/drive/MyDrive/datasets/Mosaic_ADL_2x2/Fall/SA11/F01_SA11_R04_T7.5-12.5s.png,1,Fall,SA11
/content/drive/MyDrive/datasets/Mosaic_ADL_2x2/Fall/SA11/F01_SA11_R04_T10.0-15.0s.png,1,Fall,SA11
/content/drive/MyDrive/datasets/Mosaic_ADL_2x2/Fall/SA11/F01_SA11_R05_T0.0-5.0s.png,1,Fall,SA11
/content/drive/MyDrive/datasets/Mosaic_ADL_2x2/Fall/SA11/F01_SA11_R05_T2.5-7.5s.png,1,Fall,SA11
/content/drive/MyDrive/datasets/Mosaic_ADL_2x2/Fall/SA11/F01_SA11_R05_T5.0-10.0s.png,1,Fall,SA11
/content/drive/MyDrive/datasets/Mosaic_ADL_2x2/Fall/SA11/F01_SA11_R05_T7.5-12.5s.png,1,Fall,SA11
/content/drive/MyDrive/datasets/Mosaic_ADL_2x2/Fall/SA11/F02_SA11_R01_T0.0-5.0s.png,1,Fall,SA11
/content/drive/MyDrive/datasets/Mosaic_ADL_2x2/Fall/SA11/F02_SA11_R01_T2.5-7.5s.png,1,Fall,SA11
/content/drive/MyDrive/datasets/Mosaic_ADL_2x2/Fall/SA11/F02_SA11_R01_T5.0-10.0s.png,1,Fall,SA11
/content/drive/MyDrive/datasets/Mosaic_ADL_2x2/Fall/SA11/F02_SA11_R01_T7.5-12.5s.png,1,Fall,SA11
/content/drive/MyDrive/datasets/Mosaic_ADL_2x2/Fall/SA11/F02_SA11_R01_T10.0-15.0s.png,1,Fall,SA11
/content/drive/MyDrive/datasets/Mosaic_ADL_2x2/Fall/SA11/F02_SA11_R02_T0.0-5.0s.png,1,Fall,SA11
/content/drive/MyDrive/datasets/Mosaic_ADL_2x2/Fall/SA11/F02_SA11_R02_T2.5-7.5s.png,1,Fall,SA11
/content/drive/MyDrive/datasets/Mosaic_ADL_2x2/Fall/SA11/F02_SA11_R02_T5.0-10.0s.png,1,Fall,SA11
/content/drive/MyDrive/datasets/Mosaic_ADL_2x2/Fall/SA11/F02_SA11_R02_T7.5-12.5s.png,1,Fall,SA11
/content/drive/MyDrive/datasets/Mosaic_ADL_2x2/Fall/SA11/F02_SA11_R02_T10.0-15.0s.png,1,Fall,SA11
/content/drive/MyDrive/datasets/Mosaic_ADL_2x2/Fall/SA11/F02_SA11_R03_T0.0-5.0s.png,1,Fall,SA11
/content/drive/MyDrive/datasets/Mosaic_ADL_2x2/Fall/SA11/F02_SA11_R03_T2.5-7.5s.png,1,Fall,SA11
/content/drive/MyDrive/datasets/Mosaic_ADL_2x2/Fall/SA11/F02_SA11_R03_T5.0-10.0s.png,1,Fall,SA11
/content/drive/MyDrive/datasets/Mosaic_ADL_2x2/Fall/SA11/F02_SA11_R03_T7.5-12.5s.png,1,Fall,SA11
/content/drive/MyDrive/datasets/Mosaic_ADL_2x2/Fall/SA11/F02_SA11_R03_T10.0-15.0s.png,1,Fall,SA11
/content/drive/MyDrive/datasets/Mosaic_ADL_2x2/Fall/SA11/F02_SA11_R04_T0.0-5.0s.png,1,Fall,SA11
/content/drive/MyDrive/datasets/Mosaic_ADL_2x2/Fall/SA11/F02_SA11_R04_T2.5-7.5s.png,1,Fall,SA11
/content/drive/MyDrive/datasets/Mosaic_ADL_2x2/Fall/SA11/F02_SA11_R04_T5.0-10.0s.png,1,Fall,SA11
/content/drive/MyDrive/datasets/Mosaic_ADL_2x2/Fall/SA11/F02_SA11_R04_T7.5-12.5s.png,1,Fall,SA11
/content/drive/MyDrive/datasets/Mosaic_ADL_2x2/Fall/SA11/F02_SA11_R04_T10.0-15.0s.png,1,Fall,SA11
/content/drive/MyDrive/datasets/Mosaic_ADL_2x2/Fall/SA11/F02_SA11_R05_T0.0-5.0s.png,1,Fall,SA11
/content/drive/MyDrive/datasets/Mosaic_ADL_2x2/Fall/SA11/F02_SA11_R05_T2.5-7.5s.png,1,Fall,SA11
/content/drive/MyDrive/datasets/Mosaic_ADL_2x2/Fall/SA11/F02_SA11_R05_T5.0-10.0s.png,1,Fall,SA11
/content/drive/MyDrive/datasets/Mosaic_ADL_2x2/Fall/SA11/F02_SA11_R05_T7.5-12.5s.png,1,Fall,SA11
/content/drive/MyDrive/datasets/Mosaic_ADL_2x2/Fall/SA11/F02_SA11_R05_T10.0-15.0s.png,1,Fall,SA11
/content/drive/MyDrive/datasets/Mosaic_ADL_2x2/Fall/SA11/F03_SA11_R01_T0.0-5.0s.png,1,Fall,SA11
/content/drive/MyDrive/datasets/Mosaic_ADL_2x2/Fall/SA11/F03_SA11_R01_T2.5-7.5s.png,1,Fall,SA11
/content/drive/MyDrive/datasets/Mosaic_ADL_2x2/Fall/SA11/F03_SA11_R01_T5.0-10.0s.png,1,Fall,SA11
/content/drive/MyDrive/datasets/Mosaic_ADL_2x2/Fall/SA11/F03_SA11_R01_T7.5-12.5s.png,1,Fall,SA11
/content/drive/MyDrive/datasets/Mosaic_ADL_2x2/Fall/SA11/F03_SA11_R01_T10.0-15.0s.png,1,Fall,SA11
/content/drive/MyDrive/datasets/Mosaic_ADL_2x2/Fall/SA11/F03_SA11_R02_T0.0-5.0s.png,1,Fall,SA11
/content/drive/MyDrive/datasets/Mosaic_ADL_2x2/Fall/SA11/F03_SA11_R02_T2.5-7.5s.png,1,Fall,SA11
/content/drive/MyDrive/datasets/Mosaic_ADL_2x2/Fall/SA11/F03_SA11_R02_T5.0-10.0s.png,1,Fall,SA11
/content/drive/MyDrive/datasets/Mosaic_ADL_2x2/Fall/SA11/F03_SA11_R02_T7.5-12.5s.png,1,Fall,SA11
/content/drive/MyDrive/datasets/Mosaic_ADL_2x2/Fall/SA11/F03_SA11_R02_T10.0-15.0s.png,1,Fall,SA11
/content/drive/MyDrive/datasets/Mosaic_ADL_2x2/Fall/SA11/F03_SA11_R03_T0.0-5.0s.png,1,Fall,SA11
/content/drive/MyDrive/datasets/Mosaic_ADL_2x2/Fall/SA11/F03_SA11_R03_T2.5-7.5s.png,1,Fall,SA11
/content/drive/MyDrive/datasets/Mosaic_ADL_2x2/Fall/SA11/F03_SA11_R03_T5.0-10.0s.png,1,Fall,SA11
/content/drive/MyDrive/datasets/Mosaic_ADL_2x2/Fall/SA11/F03_SA11_R03_T7.5-12.5s.png,1,Fall,SA11
/content/drive/MyDrive/datasets/Mosaic_ADL_2x2/Fall/SA11/F03_SA11_R03_T10.0-15.0s.png,1,Fall,SA11
/content/drive/MyDrive/datasets/Mosaic_ADL_2x2/Fall/SA11/F03_SA11_R04_T0.0-5.0s.png,1,Fall,SA11
/content/drive/MyDrive/datasets/Mosaic_ADL_2x2/Fall/SA11/F03_SA11_R04_T2.5-7.5s.png,1,Fall,SA11
/content/drive/MyDrive/datasets/Mosaic_ADL_2x2/Fall/SA11/F03_SA11_R04_T5.0-10.0s.png,1,Fall,SA11
/content/drive/MyDrive/datasets/Mosaic_ADL_2x2/Fall/SA11/F03_SA11_R04_T7.5-12.5s.png,1,Fall,SA11
/content/drive/MyDrive/datasets/Mosaic_ADL_2x2/Fall/SA11/F03_SA11_R04_T10.0-15.0s.png,1,Fall,SA11
/content/drive/MyDrive/datasets/Mosaic_ADL_2x2/Fall/SA11/F03_SA11_R05_T0.0-5.0s.png,1,Fall,SA11
/content/drive/MyDrive/datasets/Mosaic_ADL_2x2/Fall/SA11/F03_SA11_R05_T2.5-7.5s.png,1,Fall,SA11
/content/drive/MyDrive/datasets/Mosaic_ADL_2x2/Fall/SA11/F03_SA11_R05_T5.0-10.0s.png,1,Fall,SA11
/content/drive/MyDrive/datasets/Mosaic_ADL_2x2/Fall/SA11/F03_SA11_R05_T7.5-12.5s.png,1,Fall,SA11
/content/drive/MyDrive/datasets/Mosaic_ADL_2x2/Fall/SA11/F03_SA11_R05_T10.0-15.0s.png,1,Fall,SA11
/content/drive/MyDrive/datasets/Mosaic_ADL_2x2/Fall/SA11/F04_SA11_R01_T0.0-5.0s.png,1,Fall,SA11
/content/drive/MyDrive/datasets/Mosaic_ADL_2x2/Fall/SA11/F04_SA11_R01_T2.5-7.5s.png,1,Fall,SA11
/content/drive/MyDrive/datasets/Mosaic_ADL_2x2/Fall/SA11/F04_SA11_R01_T5.0-10.0s.png,1,Fall,SA11
/content/drive/MyDrive/datasets/Mosaic_ADL_2x2/Fall/SA11/F04_SA11_R01_T7.5-12.5s.png,1,Fall,SA11
/content/drive/MyDrive/datasets/Mosaic_ADL_2x2/Fall/SA11/F04_SA11_R01_T10.0-15.0s.png,1,Fall,SA11
/content/drive/MyDrive/datasets/Mosaic_ADL_2x2/Fall/SA11/F04_SA11_R02_T0.0-5.0s.png,1,Fall,SA11
/content/drive/MyDrive/datasets/Mosaic_ADL_2x2/Fall/SA11/F04_SA11_R02_T2.5-7.5s.png,1,Fall,SA11
/content/drive/MyDrive/datasets/Mosaic_ADL_2x2/Fall/SA11/F04_SA11_R02_T5.0-10.0s.png,1,Fall,SA11
/content/drive/MyDrive/datasets/Mosaic_ADL_2x2/Fall/SA11/F04_SA11_R02_T7.5-12.5s.png,1,Fall,SA11
/content/drive/MyDrive/datasets/Mosaic_ADL_2x2/Fall/SA11/F04_SA11_R02_T10.0-15.0s.png,1,Fall,SA11
/content/drive/MyDrive/datasets/Mosaic_ADL_2x2/Fall/SA11/F04_SA11_R03_T0.0-5.0s.png,1,Fall,SA11
/content/drive/MyDrive/datasets/Mosaic_ADL_2x2/Fall/SA11/F04_SA11_R03_T2.5-7.5s.png,1,Fall,SA11
/content/drive/MyDrive/datasets/Mosaic_ADL_2x2/Fall/SA11/F04_SA11_R03_T5.0-10.0s.png,1,Fall,SA11
/content/drive/MyDrive/datasets/Mosaic_ADL_2x2/Fall/SA11/F04_SA11_R03_T7.5-12.5s.png,1,Fall,SA11
/content/drive/MyDrive/datasets/Mosaic_ADL_2x2/Fall/SA11/F04_SA11_R03_T10.0-15.0s.png,1,Fall,SA11
/content/drive/MyDrive/datasets/Mosaic_ADL_2x2/Fall/SA11/F04_SA11_R04_T0.0-5.0s.png,1,Fall,SA11
/content/drive/MyDrive/datasets/Mosaic_ADL_2x2/Fall/SA11/F04_SA11_R04_T2.5-7.5s.png,1,Fall,SA11
/content/drive/MyDrive/datasets/Mosaic_ADL_2x2/Fall/SA11/F04_SA11_R04_T5.0-10.0s.png,1,Fall,SA11
/content/drive/MyDrive/datasets/Mosaic_ADL_2x2/Fall/SA11/F04_SA11_R04_T7.5-12.5s.png,1,Fall,SA11
/content/drive/MyDrive/datasets/Mosaic_ADL_2x2/Fall/SA11/F04_SA11_R04_T10.0-15.0s.png,1,Fall,SA11
/content/drive/MyDrive/datasets/Mosaic_ADL_2x2/Fall/SA11/F04_SA11_R05_T0.0-5.0s.png,1,Fall,SA11
/content/drive/MyDrive/datasets/Mosaic_ADL_2x2/Fall/SA11/F04_SA11_R05_T2.5-7.5s.png,1,Fall,SA11
/content/drive/MyDrive/datasets/Mosaic_ADL_2x2/Fall/SA11/F04_SA11_R05_T5.0-10.0s.png,1,Fall,SA11
/content/drive/MyDrive/datasets/Mosaic_ADL_2x2/Fall/SA11/F04_SA11_R05_T7.5-12.5s.png,1,Fall,SA11
/content/drive/MyDrive/datasets/Mosaic_ADL_2x2/Fall/SA11/F04_SA11_R05_T10.0-15.0s.png,1,Fall,SA11
/content/drive/MyDrive/datasets/Mosaic_ADL_2x2/Fall/SA11/F05_SA11_R01_T0.0-5.0s.png,1,Fall,SA11
/content/drive/MyDrive/datasets/Mosaic_ADL_2x2/Fall/SA11/F05_SA11_R01_T2.5-7.5s.png,1,Fall,SA11
/content/drive/MyDrive/datasets/Mosaic_ADL_2x2/Fall/SA11/F05_SA11_R01_T5.0-10.0s.png,1,Fall,SA11
/content/drive/MyDrive/datasets/Mosaic_ADL_2x2/Fall/SA11/F05_SA11_R01_T7.5-12.5s.png,1,Fall,SA11
/content/drive/MyDrive/datasets/Mosaic_ADL_2x2/Fall/SA11/F05_SA11_R01_T10.0-15.0s.png,1,Fall,SA11
/content/drive/MyDrive/datasets/Mosaic_ADL_2x2/Fall/SA11/F05_SA11_R02_T0.0-5.0s.png,1,Fall,SA11
/content/drive/MyDrive/datasets/Mosaic_ADL_2x2/Fall/SA11/F05_SA11_R02_T2.5-7.5s.png,1,Fall,SA11
/content/drive/MyDrive/datasets/Mosaic_ADL_2x2/Fall/SA11/F05_SA11_R02_T5.0-10.0s.png,1,Fall,SA11
/content/drive/MyDrive/datasets/Mosaic_ADL_2x2/Fall/SA11/F05_SA11_R02_T7.5-12.5s.png,1,Fall,SA11
/content/drive/MyDrive/datasets/Mosaic_ADL_2x2/Fall/SA11/F05_SA11_R03_T0.0-5.0s.png,1,Fall,SA11
/content/drive/MyDrive/datasets/Mosaic_ADL_2x2/Fall/SA11/F05_SA11_R03_T2.5-7.5s.png,1,Fall,SA11
/content/drive/MyDrive/datasets/Mosaic_ADL_2x2/Fall/SA11/F05_SA11_R03_T5.0-10.0s.png,1,Fall,SA11
/content/drive/MyDrive/datasets/Mosaic_ADL_2x2/Fall/SA11/F05_SA11_R03_T7.5-12.5s.png,1,Fall,SA11
/content/drive/MyDrive/datasets/Mosaic_ADL_2x2/Fall/SA11/F05_SA11_R03_T10.0-15.0s.png,1,Fall,SA11
/content/drive/MyDrive/datasets/Mosaic_ADL_2x2/Fall/SA11/F05_SA11_R04_T0.0-5.0s.png,1,Fall,SA11
/content/drive/MyDrive/datasets/Mosaic_ADL_2x2/Fall/SA11/F05_SA11_R04_T2.5-7.5s.png,1,Fall,SA11
/content/drive/MyDrive/datasets/Mosaic_ADL_2x2/Fall/SA11/F05_SA11_R04_T5.0-10.0s.png,1,Fall,SA11
/content/drive/MyDrive/datasets/Mosaic_ADL_2x2/Fall/SA11/F05_SA11_R04_T7.5-12.5s.png,1,Fall,SA11
/content/drive/MyDrive/datasets/Mosaic_ADL_2x2/Fall/SA11/F05_SA11_R04_T10.0-15.0s.png,1,Fall,SA11
/content/drive/MyDrive/datasets/Mosaic_ADL_2x2/Fall/SA11/F05_SA11_R05_T0.0-5.0s.png,1,Fall,SA11
/content/drive/MyDrive/datasets/Mosaic_ADL_2x2/Fall/SA11/F05_SA11_R05_T2.5-7.5s.png,1,Fall,SA11
/content/drive/MyDrive/datasets/Mosaic_ADL_2x2/Fall/SA11/F05_SA11_R05_T5.0-10.0s.png,1,Fall,SA11
/content/drive/MyDrive/datasets/Mosaic_ADL_2x2/Fall/SA11/F05_SA11_R05_T7.5-12.5s.png,1,Fall,SA11
/content/drive/MyDrive/datasets/Mosaic_ADL_2x2/Fall/SA11/F05_SA11_R05_T10.0-15.0s.png,1,Fall,SA11
/content/drive/MyDrive/datasets/Mosaic_ADL_2x2/Fall/SA11/F06_SA11_R01_T0.0-5.0s.png,1,Fall,SA11
/content/drive/MyDrive/datasets/Mosaic_ADL_2x2/Fall/SA11/F06_SA11_R01_T2.5-7.5s.png,1,Fall,SA11
/content/drive/MyDrive/datasets/Mosaic_ADL_2x2/Fall/SA11/F06_SA11_R01_T5.0-10.0s.png,1,Fall,SA11
/content/drive/MyDrive/datasets/Mosaic_ADL_2x2/Fall/SA11/F06_SA11_R01_T7.5-12.5s.png,1,Fall,SA11
/content/drive/MyDrive/datasets/Mosaic_ADL_2x2/Fall/SA11/F06_SA11_R02_T0.0-5.0s.png,1,Fall,SA11
/content/drive/MyDrive/datasets/Mosaic_ADL_2x2/Fall/SA11/F06_SA11_R02_T2.5-7.5s.png,1,Fall,SA11
/content/drive/MyDrive/datasets/Mosaic_ADL_2x2/Fall/SA11/F06_SA11_R02_T5.0-10.0s.png,1,Fall,SA11
/content/drive/MyDrive/datasets/Mosaic_ADL_2x2/Fall/SA11/F06_SA11_R02_T7.5-12.5s.png,1,Fall,SA11
/content/drive/MyDrive/datasets/Mosaic_ADL_2x2/Fall/SA11/F06_SA11_R02_T10.0-15.0s.png,1,Fall,SA11
/content/drive/MyDrive/datasets/Mosaic_ADL_2x2/Fall/SA11/F06_SA11_R03_T0.0-5.0s.png,1,Fall,SA11
/content/drive/MyDrive/datasets/Mosaic_ADL_2x2/Fall/SA11/F06_SA11_R03_T2.5-7.5s.png,1,Fall,SA11
/content/drive/MyDrive/datasets/Mosaic_ADL_2x2/Fall/SA11/F06_SA11_R03_T5.0-10.0s.png,1,Fall,SA11
/content/drive/MyDrive/datasets/Mosaic_ADL_2x2/Fall/SA11/F06_SA11_R03_T7.5-12.5s.png,1,Fall,SA11
/content/drive/MyDrive/datasets/Mosaic_ADL_2x2/Fall/SA11/F06_SA11_R03_T10.0-15.0s.png,1,Fall,SA11
/content/drive/MyDrive/datasets/Mosaic_ADL_2x2/Fall/SA11/F06_SA11_R04_T0.0-5.0s.png,1,Fall,SA11
/content/drive/MyDrive/datasets/Mosaic_ADL_2x2/Fall/SA11/F06_SA11_R04_T2.5-7.5s.png,1,Fall,SA11
/content/drive/MyDrive/datasets/Mosaic_ADL_2x2/Fall/SA11/F06_SA11_R04_T5.0-10.0s.png,1,Fall,SA11
/content/drive/MyDrive/datasets/Mosaic_ADL_2x2/Fall/SA11/F06_SA11_R04_T7.5-12.5s.png,1,Fall,SA11
/content/drive/MyDrive/datasets/Mosaic_ADL_2x2/Fall/SA11/F06_SA11_R04_T10.0-15.0s.png,1,Fall,SA11
/content/drive/MyDrive/datasets/Mosaic_ADL_2x2/Fall/SA11/F06_SA11_R05_T0.0-5.0s.png,1,Fall,SA11
/content/drive/MyDrive/datasets/Mosaic_ADL_2x2/Fall/SA11/F06_SA11_R05_T2.5-7.5s.png,1,Fall,SA11
/content/drive/MyDrive/datasets/Mosaic_ADL_2x2/Fall/SA11/F06_SA11_R05_T5.0-10.0s.png,1,Fall,SA11
/content/drive/MyDrive/datasets/Mosaic_ADL_2x2/Fall/SA11/F06_SA11_R05_T7.5-12.5s.png,1,Fall,SA11
/content/drive/MyDrive/datasets/Mosaic_ADL_2x2/Fall/SA11/F06_SA11_R05_T10.0-15.0s.png,1,Fall,SA11
/content/drive/MyDrive/datasets/Mosaic_ADL_2x2/Fall/SA11/F07_SA11_R01_T0.0-5.0s.png,1,Fall,SA11
/content/drive/MyDrive/datasets/Mosaic_ADL_2x2/Fall/SA11/F07_SA11_R01_T2.5-7.5s.png,1,Fall,SA11
/content/drive/MyDrive/datasets/Mosaic_ADL_2x2/Fall/SA11/F07_SA11_R01_T5.0-10.0s.png,1,Fall,SA11
/content/drive/MyDrive/datasets/Mosaic_ADL_2x2/Fall/SA11/F07_SA11_R01_T7.5-12.5s.png,1,Fall,SA11
/content/drive/MyDrive/datasets/Mosaic_ADL_2x2/Fall/SA11/F07_SA11_R01_T10.0-15.0s.png,1,Fall,SA11
/content/drive/MyDrive/datasets/Mosaic_ADL_2x2/Fall/SA11/F07_SA11_R02_T0.0-5.0s.png,1,Fall,SA11
/content/drive/MyDrive/datasets/Mosaic_ADL_2x2/Fall/SA11/F07_SA11_R02_T2.5-7.5s.png,1,Fall,SA11
/content/drive/MyDrive/datasets/Mosaic_ADL_2x2/Fall/SA11/F07_SA11_R02_T5.0-10.0s.png,1,Fall,SA11
/content/drive/MyDrive/datasets/Mosaic_ADL_2x2/Fall/SA11/F07_SA11_R02_T7.5-12.5s.png,1,Fall,SA11
/content/drive/MyDrive/datasets/Mosaic_ADL_2x2/Fall/SA11/F07_SA11_R02_T10.0-15.0s.png,1,Fall,SA11
/content/drive/MyDrive/datasets/Mosaic_ADL_2x2/Fall/SA11/F07_SA11_R03_T0.0-5.0s.png,1,Fall,SA11
/content/drive/MyDrive/datasets/Mosaic_ADL_2x2/Fall/SA11/F07_SA11_R03_T2.5-7.5s.png,1,Fall,SA11
/content/drive/MyDrive/datasets/Mosaic_ADL_2x2/Fall/SA11/F07_SA11_R03_T5.0-10.0s.png,1,Fall,SA11
/content/drive/MyDrive/datasets/Mosaic_ADL_2x2/Fall/SA11/F07_SA11_R03_T7.5-12.5s.png,1,Fall,SA11
/content/drive/MyDrive/datasets/Mosaic_ADL_2x2/Fall/SA11/F07_SA11_R03_T10.0-15.0s.png,1,Fall,SA11
/content/drive/MyDrive/datasets/Mosaic_ADL_2x2/Fall/SA11/F07_SA11_R04_T0.0-5.0s.png,1,Fall,SA11
/content/drive/MyDrive/datasets/Mosaic_ADL_2x2/Fall/SA11/F07_SA11_R04_T2.5-7.5s.png,1,Fall,SA11
/content/drive/MyDrive/datasets/Mosaic_ADL_2x2/Fall/SA11/F07_SA11_R04_T5.0-10.0s.png,1,Fall,SA11
/content/drive/MyDrive/datasets/Mosaic_ADL_2x2/Fall/SA11/F07_SA11_R04_T7.5-12.5s.png,1,Fall,SA11
/content/drive/MyDrive/datasets/Mosaic_ADL_2x2/Fall/SA11/F07_SA11_R04_T10.0-15.0s.png,1,Fall,SA11
/content/drive/MyDrive/datasets/Mosaic_ADL_2x2/Fall/SA11/F07_SA11_R05_T0.0-5.0s.png,1,Fall,SA11
/content/drive/MyDrive/datasets/Mosaic_ADL_2x2/Fall/SA11/F07_SA11_R05_T2.5-7.5s.png,1,Fall,SA11
/content/drive/MyDrive/datasets/Mosaic_ADL_2x2/Fall/SA11/F07_SA11_R05_T5.0-10.0s.png,1,Fall,SA11
/content/drive/MyDrive/datasets/Mosaic_ADL_2x2/Fall/SA11/F07_SA11_R05_T7.5-12.5s.png,1,Fall,SA11
/content/drive/MyDrive/datasets/Mosaic_ADL_2x2/Fall/SA11/F07_SA11_R05_T10.0-15.0s.png,1,Fall,SA11
/content/drive/MyDrive/datasets/Mosaic_ADL_2x2/Fall/SA11/F08_SA11_R01_T0.0-5.0s.png,1,Fall,SA11
/content/drive/MyDrive/datasets/Mosaic_ADL_2x2/Fall/SA11/F08_SA11_R01_T2.5-7.5s.png,1,Fall,SA11
/content/drive/MyDrive/datasets/Mosaic_ADL_2x2/Fall/SA11/F08_SA11_R01_T5.0-10.0s.png,1,Fall,SA11
/content/drive/MyDrive/datasets/Mosaic_ADL_2x2/Fall/SA11/F08_SA11_R01_T7.5-12.5s.png,1,Fall,SA11
/content/drive/MyDrive/datasets/Mosaic_ADL_2x2/Fall/SA11/F08_SA11_R01_T10.0-15.0s.png,1,Fall,SA11
/content/drive/MyDrive/datasets/Mosaic_ADL_2x2/Fall/SA11/F08_SA11_R02_T0.0-5.0s.png,1,Fall,SA11
/content/drive/MyDrive/datasets/Mosaic_ADL_2x2/Fall/SA11/F08_SA11_R02_T2.5-7.5s.png,1,Fall,SA11
/content/drive/MyDrive/datasets/Mosaic_ADL_2x2/Fall/SA11/F08_SA11_R02_T5.0-10.0s.png,1,Fall,SA11
/content/drive/MyDrive/datasets/Mosaic_ADL_2x2/Fall/SA11/F08_SA11_R02_T7.5-12.5s.png,1,Fall,SA11
/content/drive/MyDrive/datasets/Mosaic_ADL_2x2/Fall/SA11/F08_SA11_R02_T10.0-15.0s.png,1,Fall,SA11
/content/drive/MyDrive/datasets/Mosaic_ADL_2x2/Fall/SA11/F08_SA11_R03_T0.0-5.0s.png,1,Fall,SA11
/content/drive/MyDrive/datasets/Mosaic_ADL_2x2/Fall/SA11/F08_SA11_R03_T2.5-7.5s.png,1,Fall,SA11
/content/drive/MyDrive/datasets/Mosaic_ADL_2x2/Fall/SA11/F08_SA11_R03_T5.0-10.0s.png,1,Fall,SA11
/content/drive/MyDrive/datasets/Mosaic_ADL_2x2/Fall/SA11/F08_SA11_R03_T7.5-12.5s.png,1,Fall,SA11
/content/drive/MyDrive/datasets/Mosaic_ADL_2x2/Fall/SA11/F08_SA11_R03_T10.0-15.0s.png,1,Fall,SA11
/content/drive/MyDrive/datasets/Mosaic_ADL_2x2/Fall/SA11/F08_SA11_R04_T0.0-5.0s.png,1,Fall,SA11
/content/drive/MyDrive/datasets/Mosaic_ADL_2x2/Fall/SA11/F08_SA11_R04_T2.5-7.5s.png,1,Fall,SA11
/content/drive/MyDrive/datasets/Mosaic_ADL_2x2/Fall/SA11/F08_SA11_R04_T5.0-10.0s.png,1,Fall,SA11
/content/drive/MyDrive/datasets/Mosaic_ADL_2x2/Fall/SA11/F08_SA11_R04_T7.5-12.5s.png,1,Fall,SA11
/content/drive/MyDrive/datasets/Mosaic_ADL_2x2/Fall/SA11/F08_SA11_R04_T10.0-15.0s.png,1,Fall,SA11
/content/drive/MyDrive/datasets/Mosaic_ADL_2x2/Fall/SA11/F08_SA11_R05_T0.0-5.0s.png,1,Fall,SA11
/content/drive/MyDrive/datasets/Mosaic_ADL_2x2/Fall/SA11/F08_SA11_R05_T2.5-7.5s.png,1,Fall,SA11
/content/drive/MyDrive/datasets/Mosaic_ADL_2x2/Fall/SA11/F08_SA11_R05_T5.0-10.0s.png,1,Fall,SA11
/content/drive/MyDrive/datasets/Mosaic_ADL_2x2/Fall/SA11/F08_SA11_R05_T7.5-12.5s.png,1,Fall,SA11
/content/drive/MyDrive/datasets/Mosaic_ADL_2x2/Fall/SA11/F08_SA11_R05_T10.0-15.0s.png,1,Fall,SA11
/content/drive/MyDrive/datasets/Mosaic_ADL_2x2/Fall/SA11/F09_SA11_R01_T0.0-5.0s.png,1,Fall,SA11
/content/drive/MyDrive/datasets/Mosaic_ADL_2x2/Fall/SA11/F09_SA11_R01_T2.5-7.5s.png,1,Fall,SA11
/content/drive/MyDrive/datasets/Mosaic_ADL_2x2/Fall/SA11/F09_SA11_R01_T5.0-10.0s.png,1,Fall,SA11
/content/drive/MyDrive/datasets/Mosaic_ADL_2x2/Fall/SA11/F09_SA11_R01_T7.5-12.5s.png,1,Fall,SA11
/content/drive/MyDrive/datasets/Mosaic_ADL_2x2/Fall/SA11/F09_SA11_R01_T10.0-15.0s.png,1,Fall,SA11
/content/drive/MyDrive/datasets/Mosaic_ADL_2x2/Fall/SA11/F09_SA11_R02_T0.0-5.0s.png,1,Fall,SA11
/content/drive/MyDrive/datasets/Mosaic_ADL_2x2/Fall/SA11/F09_SA11_R02_T2.5-7.5s.png,1,Fall,SA11
/content/drive/MyDrive/datasets/Mosaic_ADL_2x2/Fall/SA11/F09_SA11_R02_T5.0-10.0s.png,1,Fall,SA11
/content/drive/MyDrive/datasets/Mosaic_ADL_2x2/Fall/SA11/F09_SA11_R02_T7.5-12.5s.png,1,Fall,SA11
/content/drive/MyDrive/datasets/Mosaic_ADL_2x2/Fall/SA11/F09_SA11_R02_T10.0-15.0s.png,1,Fall,SA11
/content/drive/MyDrive/datasets/Mosaic_ADL_2x2/Fall/SA11/F09_SA11_R03_T0.0-5.0s.png,1,Fall,SA11
/content/drive/MyDrive/datasets/Mosaic_ADL_2x2/Fall/SA11/F09_SA11_R03_T2.5-7.5s.png,1,Fall,SA11
/content/drive/MyDrive/datasets/Mosaic_ADL_2x2/Fall/SA11/F09_SA11_R03_T5.0-10.0s.png,1,Fall,SA11
/content/drive/MyDrive/datasets/Mosaic_ADL_2x2/Fall/SA11/F09_SA11_R03_T7.5-12.5s.png,1,Fall,SA11
/content/drive/MyDrive/datasets/Mosaic_ADL_2x2/Fall/SA11/F09_SA11_R03_T10.0-15.0s.png,1,Fall,SA11
/content/drive/MyDrive/datasets/Mosaic_ADL_2x2/Fall/SA11/F09_SA11_R04_T0.0-5.0s.png,1,Fall,SA11
/content/drive/MyDrive/datasets/Mosaic_ADL_2x2/Fall/SA11/F09_SA11_R04_T2.5-7.5s.png,1,Fall,SA11
/content/drive/MyDrive/datasets/Mosaic_ADL_2x2/Fall/SA11/F09_SA11_R04_T5.0-10.0s.png,1,Fall,SA11
/content/drive/MyDrive/datasets/Mosaic_ADL_2x2/Fall/SA11/F09_SA11_R04_T7.5-12.5s.png,1,Fall,SA11
/content/drive/MyDrive/datasets/Mosaic_ADL_2x2/Fall/SA11/F09_SA11_R04_T10.0-15.0s.png,1,Fall,SA11
/content/drive/MyDrive/datasets/Mosaic_ADL_2x2/Fall/SA11/F09_SA11_R05_T0.0-5.0s.png,1,Fall,SA11
/content/drive/MyDrive/datasets/Mosaic_ADL_2x2/Fall/SA11/F09_SA11_R05_T2.5-7.5s.png,1,Fall,SA11
/content/drive/MyDrive/datasets/Mosaic_ADL_2x2/Fall/SA11/F09_SA11_R05_T5.0-10.0s.png,1,Fall,SA11
/content/drive/MyDrive/datasets/Mosaic_ADL_2x2/Fall/SA11/F09_SA11_R05_T7.5-12.5s.png,1,Fall,SA11
/content/drive/MyDrive/datasets/Mosaic_ADL_2x2/Fall/SA11/F09_SA11_R05_T10.0-15.0s.png,1,Fall,SA11
/content/drive/MyDrive/datasets/Mosaic_ADL_2x2/Fall/SA11/F10_SA11_R01_T0.0-5.0s.png,1,Fall,SA11
/content/drive/MyDrive/datasets/Mosaic_ADL_2x2/Fall/SA11/F10_SA11_R01_T2.5-7.5s.png,1,Fall,SA11
/content/drive/MyDrive/datasets/Mosaic_ADL_2x2/Fall/SA11/F10_SA11_R01_T5.0-10.0s.png,1,Fall,SA11
/content/drive/MyDrive/datasets/Mosaic_ADL_2x2/Fall/SA11/F10_SA11_R01_T7.5-12.5s.png,1,Fall,SA11
/content/drive/MyDrive/datasets/Mosaic_ADL_2x2/Fall/SA11/F10_SA11_R01_T10.0-15.0s.png,1,Fall,SA11
/content/drive/MyDrive/datasets/Mosaic_ADL_2x2/Fall/SA11/F10_SA11_R02_T0.0-5.0s.png,1,Fall,SA11
/content/drive/MyDrive/datasets/Mosaic_ADL_2x2/Fall/SA11/F10_SA11_R02_T2.5-7.5s.png,1,Fall,SA11
/content/drive/MyDrive/datasets/Mosaic_ADL_2x2/Fall/SA11/F10_SA11_R02_T5.0-10.0s.png,1,Fall,SA11
/content/drive/MyDrive/datasets/Mosaic_ADL_2x2/Fall/SA11/F10_SA11_R02_T7.5-12.5s.png,1,Fall,SA11
/content/drive/MyDrive/datasets/Mosaic_ADL_2x2/Fall/SA11/F10_SA11_R02_T10.0-15.0s.png,1,Fall,SA11
/content/drive/MyDrive/datasets/Mosaic_ADL_2x2/Fall/SA11/F10_SA11_R03_T0.0-5.0s.png,1,Fall,SA11
/content/drive/MyDrive/datasets/Mosaic_ADL_2x2/Fall/SA11/F10_SA11_R03_T2.5-7.5s.png,1,Fall,SA11
/content/drive/MyDrive/datasets/Mosaic_ADL_2x2/Fall/SA11/F10_SA11_R03_T5.0-10.0s.png,1,Fall,SA11
/content/drive/MyDrive/datasets/Mosaic_ADL_2x2/Fall/SA11/F10_SA11_R03_T7.5-12.5s.png,1,Fall,SA11
/content/drive/MyDrive/datasets/Mosaic_ADL_2x2/Fall/SA11/F10_SA11_R03_T10.0-15.0s.png,1,Fall,SA11
/content/drive/MyDrive/datasets/Mosaic_ADL_2x2/Fall/SA11/F10_SA11_R04_T0.0-5.0s.png,1,Fall,SA11
/content/drive/MyDrive/datasets/Mosaic_ADL_2x2/Fall/SA11/F10_SA11_R04_T2.5-7.5s.png,1,Fall,SA11
/content/drive/MyDrive/datasets/Mosaic_ADL_2x2/Fall/SA11/F10_SA11_R04_T5.0-10.0s.png,1,Fall,SA11
/content/drive/MyDrive/datasets/Mosaic_ADL_2x2/Fall/SA11/F10_SA11_R04_T7.5-12.5s.png,1,Fall,SA11
/content/drive/MyDrive/datasets/Mosaic_ADL_2x2/Fall/SA11/F10_SA11_R04_T10.0-15.0s.png,1,Fall,SA11
/content/drive/MyDrive/datasets/Mosaic_ADL_2x2/Fall/SA11/F10_SA11_R05_T0.0-5.0s.png,1,Fall,SA11
/content/drive/MyDrive/datasets/Mosaic_ADL_2x2/Fall/SA11/F10_SA11_R05_T2.5-7.5s.png,1,Fall,SA11
/content/drive/MyDrive/datasets/Mosaic_ADL_2x2/Fall/SA11/F10_SA11_R05_T5.0-10.0s.png,1,Fall,SA11
/content/drive/MyDrive/datasets/Mosaic_ADL_2x2/Fall/SA11/F10_SA11_R05_T7.5-12.5s.png,1,Fall,SA11
/content/drive/MyDrive/datasets/Mosaic_ADL_2x2/Fall/SA11/F10_SA11_R05_T10.0-15.0s.png,1,Fall,SA11
/content/drive/MyDrive/datasets/Mosaic_ADL_2x2/Fall/SA11/F11_SA11_R01_T0.0-5.0s.png,1,Fall,SA11
/content/drive/MyDrive/datasets/Mosaic_ADL_2x2/Fall/SA11/F11_SA11_R01_T2.5-7.5s.png,1,Fall,SA11
/content/drive/MyDrive/datasets/Mosaic_ADL_2x2/Fall/SA11/F11_SA11_R01_T5.0-10.0s.png,1,Fall,SA11
/content/drive/MyDrive/datasets/Mosaic_ADL_2x2/Fall/SA11/F11_SA11_R01_T7.5-12.5s.png,1,Fall,SA11
/content/drive/MyDrive/datasets/Mosaic_ADL_2x2/Fall/SA11/F11_SA11_R02_T0.0-5.0s.png,1,Fall,SA11
/content/drive/MyDrive/datasets/Mosaic_ADL_2x2/Fall/SA11/F11_SA11_R02_T2.5-7.5s.png,1,Fall,SA11
/content/drive/MyDrive/datasets/Mosaic_ADL_2x2/Fall/SA11/F11_SA11_R02_T5.0-10.0s.png,1,Fall,SA11
/content/drive/MyDrive/datasets/Mosaic_ADL_2x2/Fall/SA11/F11_SA11_R02_T7.5-12.5s.png,1,Fall,SA11
/content/drive/MyDrive/datasets/Mosaic_ADL_2x2/Fall/SA11/F11_SA11_R02_T10.0-15.0s.png,1,Fall,SA11
/content/drive/MyDrive/datasets/Mosaic_ADL_2x2/Fall/SA11/F11_SA11_R03_T0.0-5.0s.png,1,Fall,SA11
/content/drive/MyDrive/datasets/Mosaic_ADL_2x2/Fall/SA11/F11_SA11_R03_T2.5-7.5s.png,1,Fall,SA11
/content/drive/MyDrive/datasets/Mosaic_ADL_2x2/Fall/SA11/F11_SA11_R03_T5.0-10.0s.png,1,Fall,SA11
/content/drive/MyDrive/datasets/Mosaic_ADL_2x2/Fall/SA11/F11_SA11_R03_T7.5-12.5s.png,1,Fall,SA11
/content/drive/MyDrive/datasets/Mosaic_ADL_2x2/Fall/SA11/F11_SA11_R03_T10.0-15.0s.png,1,Fall,SA11
/content/drive/MyDrive/datasets/Mosaic_ADL_2x2/Fall/SA11/F11_SA11_R04_T0.0-5.0s.png,1,Fall,SA11
/content/drive/MyDrive/datasets/Mosaic_ADL_2x2/Fall/SA11/F11_SA11_R04_T2.5-7.5s.png,1,Fall,SA11
/content/drive/MyDrive/datasets/Mosaic_ADL_2x2/Fall/SA11/F11_SA11_R04_T5.0-10.0s.png,1,Fall,SA11
/content/drive/MyDrive/datasets/Mosaic_ADL_2x2/Fall/SA11/F11_SA11_R04_T7.5-12.5s.png,1,Fall,SA11
/content/drive/MyDrive/datasets/Mosaic_ADL_2x2/Fall/SA11/F11_SA11_R04_T10.0-15.0s.png,1,Fall,SA11
/content/drive/MyDrive/datasets/Mosaic_ADL_2x2/Fall/SA11/F11_SA11_R05_T0.0-5.0s.png,1,Fall,SA11
/content/drive/MyDrive/datasets/Mosaic_ADL_2x2/Fall/SA11/F11_SA11_R05_T2.5-7.5s.png,1,Fall,SA11
/content/drive/MyDrive/datasets/Mosaic_ADL_2x2/Fall/SA11/F11_SA11_R05_T5.0-10.0s.png,1,Fall,SA11
/content/drive/MyDrive/datasets/Mosaic_ADL_2x2/Fall/SA11/F11_SA11_R05_T7.5-12.5s.png,1,Fall,SA11
/content/drive/MyDrive/datasets/Mosaic_ADL_2x2/Fall/SA11/F11_SA11_R05_T10.0-15.0s.png,1,Fall,SA11
/content/drive/MyDrive/datasets/Mosaic_ADL_2x2/Fall/SA11/F12_SA11_R01_T0.0-5.0s.png,1,Fall,SA11
/content/drive/MyDrive/datasets/Mosaic_ADL_2x2/Fall/SA11/F12_SA11_R01_T2.5-7.5s.png,1,Fall,SA11
/content/drive/MyDrive/datasets/Mosaic_ADL_2x2/Fall/SA11/F12_SA11_R01_T5.0-10.0s.png,1,Fall,SA11
/content/drive/MyDrive/datasets/Mosaic_ADL_2x2/Fall/SA11/F12_SA11_R01_T7.5-12.5s.png,1,Fall,SA11
/content/drive/MyDrive/datasets/Mosaic_ADL_2x2/Fall/SA11/F12_SA11_R01_T10.0-15.0s.png,1,Fall,SA11
/content/drive/MyDrive/datasets/Mosaic_ADL_2x2/Fall/SA11/F12_SA11_R02_T0.0-5.0s.png,1,Fall,SA11
/content/drive/MyDrive/datasets/Mosaic_ADL_2x2/Fall/SA11/F12_SA11_R02_T2.5-7.5s.png,1,Fall,SA11
/content/drive/MyDrive/datasets/Mosaic_ADL_2x2/Fall/SA11/F12_SA11_R02_T5.0-10.0s.png,1,Fall,SA11
/content/drive/MyDrive/datasets/Mosaic_ADL_2x2/Fall/SA11/F12_SA11_R02_T7.5-12.5s.png,1,Fall,SA11
/content/drive/MyDrive/datasets/Mosaic_ADL_2x2/Fall/SA11/F12_SA11_R02_T10.0-15.0s.png,1,Fall,SA11
/content/drive/MyDrive/datasets/Mosaic_ADL_2x2/Fall/SA11/F12_SA11_R03_T0.0-5.0s.png,1,Fall,SA11
/content/drive/MyDrive/datasets/Mosaic_ADL_2x2/Fall/SA11/F12_SA11_R03_T2.5-7.5s.png,1,Fall,SA11
/content/drive/MyDrive/datasets/Mosaic_ADL_2x2/Fall/SA11/F12_SA11_R03_T5.0-10.0s.png,1,Fall,SA11
/content/drive/MyDrive/datasets/Mosaic_ADL_2x2/Fall/SA11/F12_SA11_R03_T7.5-12.5s.png,1,Fall,SA11
/content/drive/MyDrive/datasets/Mosaic_ADL_2x2/Fall/SA11/F12_SA11_R03_T10.0-15.0s.png,1,Fall,SA11
/content/drive/MyDrive/datasets/Mosaic_ADL_2x2/Fall/SA11/F12_SA11_R04_T0.0-5.0s.png,1,Fall,SA11
/content/drive/MyDrive/datasets/Mosaic_ADL_2x2/Fall/SA11/F12_SA11_R04_T2.5-7.5s.png,1,Fall,SA11
/content/drive/MyDrive/datasets/Mosaic_ADL_2x2/Fall/SA11/F12_SA11_R04_T5.0-10.0s.png,1,Fall,SA11
/content/drive/MyDrive/datasets/Mosaic_ADL_2x2/Fall/SA11/F12_SA11_R04_T7.5-12.5s.png,1,Fall,SA11
/content/drive/MyDrive/datasets/Mosaic_ADL_2x2/Fall/SA11/F12_SA11_R04_T10.0-15.0s.png,1,Fall,SA11
/content/drive/MyDrive/datasets/Mosaic_ADL_2x2/Fall/SA11/F12_SA11_R05_T0.0-5.0s.png,1,Fall,SA11
/content/drive/MyDrive/datasets/Mosaic_ADL_2x2/Fall/SA11/F12_SA11_R05_T2.5-7.5s.png,1,Fall,SA11
/content/drive/MyDrive/datasets/Mosaic_ADL_2x2/Fall/SA11/F12_SA11_R05_T5.0-10.0s.png,1,Fall,SA11
/content/drive/MyDrive/datasets/Mosaic_ADL_2x2/Fall/SA11/F12_SA11_R05_T7.5-12.5s.png,1,Fall,SA11
/content/drive/MyDrive/datasets/Mosaic_ADL_2x2/Fall/SA11/F12_SA11_R05_T10.0-15.0s.png,1,Fall,SA11
/content/drive/MyDrive/datasets/Mosaic_ADL_2x2/Fall/SA11/F13_SA11_R01_T0.0-5.0s.png,1,Fall,SA11
/content/drive/MyDrive/datasets/Mosaic_ADL_2x2/Fall/SA11/F13_SA11_R01_T2.5-7.5s.png,1,Fall,SA11
/content/drive/MyDrive/datasets/Mosaic_ADL_2x2/Fall/SA11/F13_SA11_R01_T5.0-10.0s.png,1,Fall,SA11
/content/drive/MyDrive/datasets/Mosaic_ADL_2x2/Fall/SA11/F13_SA11_R01_T7.5-12.5s.png,1,Fall,SA11
/content/drive/MyDrive/datasets/Mosaic_ADL_2x2/Fall/SA11/F13_SA11_R02_T0.0-5.0s.png,1,Fall,SA11
/content/drive/MyDrive/datasets/Mosaic_ADL_2x2/Fall/SA11/F13_SA11_R02_T2.5-7.5s.png,1,Fall,SA11
/content/drive/MyDrive/datasets/Mosaic_ADL_2x2/Fall/SA11/F13_SA11_R02_T5.0-10.0s.png,1,Fall,SA11
/content/drive/MyDrive/datasets/Mosaic_ADL_2x2/Fall/SA11/F13_SA11_R02_T7.5-12.5s.png,1,Fall,SA11
/content/drive/MyDrive/datasets/Mosaic_ADL_2x2/Fall/SA11/F13_SA11_R02_T10.0-15.0s.png,1,Fall,SA11
/content/drive/MyDrive/datasets/Mosaic_ADL_2x2/Fall/SA11/F13_SA11_R03_T0.0-5.0s.png,1,Fall,SA11
/content/drive/MyDrive/datasets/Mosaic_ADL_2x2/Fall/SA11/F13_SA11_R03_T2.5-7.5s.png,1,Fall,SA11
/content/drive/MyDrive/datasets/Mosaic_ADL_2x2/Fall/SA11/F13_SA11_R03_T5.0-10.0s.png,1,Fall,SA11
/content/drive/MyDrive/datasets/Mosaic_ADL_2x2/Fall/SA11/F13_SA11_R03_T7.5-12.5s.png,1,Fall,SA11
/content/drive/MyDrive/datasets/Mosaic_ADL_2x2/Fall/SA11/F13_SA11_R03_T10.0-15.0s.png,1,Fall,SA11
/content/drive/MyDrive/datasets/Mosaic_ADL_2x2/Fall/SA11/F13_SA11_R04_T0.0-5.0s.png,1,Fall,SA11
/content/drive/MyDrive/datasets/Mosaic_ADL_2x2/Fall/SA11/F13_SA11_R04_T2.5-7.5s.png,1,Fall,SA11
/content/drive/MyDrive/datasets/Mosaic_ADL_2x2/Fall/SA11/F13_SA11_R04_T5.0-10.0s.png,1,Fall,SA11
/content/drive/MyDrive/datasets/Mosaic_ADL_2x2/Fall/SA11/F13_SA11_R04_T7.5-12.5s.png,1,Fall,SA11
/content/drive/MyDrive/datasets/Mosaic_ADL_2x2/Fall/SA11/F13_SA11_R04_T10.0-15.0s.png,1,Fall,SA11
/content/drive/MyDrive/datasets/Mosaic_ADL_2x2/Fall/SA11/F13_SA11_R05_T0.0-5.0s.png,1,Fall,SA11
/content/drive/MyDrive/datasets/Mosaic_ADL_2x2/Fall/SA11/F13_SA11_R05_T2.5-7.5s.png,1,Fall,SA11
/content/drive/MyDrive/datasets/Mosaic_ADL_2x2/Fall/SA11/F13_SA11_R05_T5.0-10.0s.png,1,Fall,SA11
/content/drive/MyDrive/datasets/Mosaic_ADL_2x2/Fall/SA11/F13_SA11_R05_T7.5-12.5s.png,1,Fall,SA11
/content/drive/MyDrive/datasets/Mosaic_ADL_2x2/Fall/SA11/F13_SA11_R05_T10.0-15.0s.png,1,Fall,SA11
/content/drive/MyDrive/datasets/Mosaic_ADL_2x2/Fall/SA11/F14_SA11_R01_T0.0-5.0s.png,1,Fall,SA11
/content/drive/MyDrive/datasets/Mosaic_ADL_2x2/Fall/SA11/F14_SA11_R01_T2.5-7.5s.png,1,Fall,SA11
/content/drive/MyDrive/datasets/Mosaic_ADL_2x2/Fall/SA11/F14_SA11_R01_T5.0-10.0s.png,1,Fall,SA11
/content/drive/MyDrive/datasets/Mosaic_ADL_2x2/Fall/SA11/F14_SA11_R01_T7.5-12.5s.png,1,Fall,SA11
/content/drive/MyDrive/datasets/Mosaic_ADL_2x2/Fall/SA11/F14_SA11_R01_T10.0-15.0s.png,1,Fall,SA11
/content/drive/MyDrive/datasets/Mosaic_ADL_2x2/Fall/SA11/F14_SA11_R02_T0.0-5.0s.png,1,Fall,SA11
/content/drive/MyDrive/datasets/Mosaic_ADL_2x2/Fall/SA11/F14_SA11_R02_T2.5-7.5s.png,1,Fall,SA11
/content/drive/MyDrive/datasets/Mosaic_ADL_2x2/Fall/SA11/F14_SA11_R02_T5.0-10.0s.png,1,Fall,SA11
/content/drive/MyDrive/datasets/Mosaic_ADL_2x2/Fall/SA11/F14_SA11_R02_T7.5-12.5s.png,1,Fall,SA11
/content/drive/MyDrive/datasets/Mosaic_ADL_2x2/Fall/SA11/F14_SA11_R02_T10.0-15.0s.png,1,Fall,SA11
/content/drive/MyDrive/datasets/Mosaic_ADL_2x2/Fall/SA11/F14_SA11_R03_T0.0-5.0s.png,1,Fall,SA11
/content/drive/MyDrive/datasets/Mosaic_ADL_2x2/Fall/SA11/F14_SA11_R03_T2.5-7.5s.png,1,Fall,SA11
/content/drive/MyDrive/datasets/Mosaic_ADL_2x2/Fall/SA11/F14_SA11_R03_T5.0-10.0s.png,1,Fall,SA11
/content/drive/MyDrive/datasets/Mosaic_ADL_2x2/Fall/SA11/F14_SA11_R03_T7.5-12.5s.png,1,Fall,SA11
/content/drive/MyDrive/datasets/Mosaic_ADL_2x2/Fall/SA11/F14_SA11_R03_T10.0-15.0s.png,1,Fall,SA11
/content/drive/MyDrive/datasets/Mosaic_ADL_2x2/Fall/SA11/F14_SA11_R04_T0.0-5.0s.png,1,Fall,SA11
/content/drive/MyDrive/datasets/Mosaic_ADL_2x2/Fall/SA11/F14_SA11_R04_T2.5-7.5s.png,1,Fall,SA11
/content/drive/MyDrive/datasets/Mosaic_ADL_2x2/Fall/SA11/F14_SA11_R04_T5.0-10.0s.png,1,Fall,SA11
/content/drive/MyDrive/datasets/Mosaic_ADL_2x2/Fall/SA11/F14_SA11_R04_T7.5-12.5s.png,1,Fall,SA11
/content/drive/MyDrive/datasets/Mosaic_ADL_2x2/Fall/SA11/F14_SA11_R04_T10.0-15.0s.png,1,Fall,SA11
/content/drive/MyDrive/datasets/Mosaic_ADL_2x2/Fall/SA11/F14_SA11_R05_T0.0-5.0s.png,1,Fall,SA11
/content/drive/MyDrive/datasets/Mosaic_ADL_2x2/Fall/SA11/F14_SA11_R05_T2.5-7.5s.png,1,Fall,SA11
/content/drive/MyDrive/datasets/Mosaic_ADL_2x2/Fall/SA11/F14_SA11_R05_T5.0-10.0s.png,1,Fall,SA11
/content/drive/MyDrive/datasets/Mosaic_ADL_2x2/Fall/SA11/F14_SA11_R05_T7.5-12.5s.png,1,Fall,SA11
/content/drive/MyDrive/datasets/Mosaic_ADL_2x2/Fall/SA11/F14_SA11_R05_T10.0-15.0s.png,1,Fall,SA11
/content/drive/MyDrive/datasets/Mosaic_ADL_2x2/Fall/SA11/F15_SA11_R01_T0.0-5.0s.png,1,Fall,SA11
/content/drive/MyDrive/datasets/Mosaic_ADL_2x2/Fall/SA11/F15_SA11_R01_T2.5-7.5s.png,1,Fall,SA11
/content/drive/MyDrive/datasets/Mosaic_ADL_2x2/Fall/SA11/F15_SA11_R01_T5.0-10.0s.png,1,Fall,SA11
/content/drive/MyDrive/datasets/Mosaic_ADL_2x2/Fall/SA11/F15_SA11_R01_T7.5-12.5s.png,1,Fall,SA11
/content/drive/MyDrive/datasets/Mosaic_ADL_2x2/Fall/SA11/F15_SA11_R01_T10.0-15.0s.png,1,Fall,SA11
/content/drive/MyDrive/datasets/Mosaic_ADL_2x2/Fall/SA11/F15_SA11_R02_T0.0-5.0s.png,1,Fall,SA11
/content/drive/MyDrive/datasets/Mosaic_ADL_2x2/Fall/SA11/F15_SA11_R02_T2.5-7.5s.png,1,Fall,SA11
/content/drive/MyDrive/datasets/Mosaic_ADL_2x2/Fall/SA11/F15_SA11_R02_T5.0-10.0s.png,1,Fall,SA11
/content/drive/MyDrive/datasets/Mosaic_ADL_2x2/Fall/SA11/F15_SA11_R02_T7.5-12.5s.png,1,Fall,SA11
/content/drive/MyDrive/datasets/Mosaic_ADL_2x2/Fall/SA11/F15_SA11_R02_T10.0-15.0s.png,1,Fall,SA11
/content/drive/MyDrive/datasets/Mosaic_ADL_2x2/Fall/SA11/F15_SA11_R03_T0.0-5.0s.png,1,Fall,SA11
/content/drive/MyDrive/datasets/Mosaic_ADL_2x2/Fall/SA11/F15_SA11_R03_T2.5-7.5s.png,1,Fall,SA11
/content/drive/MyDrive/datasets/Mosaic_ADL_2x2/Fall/SA11/F15_SA11_R03_T5.0-10.0s.png,1,Fall,SA11
/content/drive/MyDrive/datasets/Mosaic_ADL_2x2/Fall/SA11/F15_SA11_R03_T7.5-12.5s.png,1,Fall,SA11
/content/drive/MyDrive/datasets/Mosaic_ADL_2x2/Fall/SA11/F15_SA11_R03_T10.0-15.0s.png,1,Fall,SA11
/content/drive/MyDrive/datasets/Mosaic_ADL_2x2/Fall/SA11/F15_SA11_R04_T0.0-5.0s.png,1,Fall,SA11
/content/drive/MyDrive/datasets/Mosaic_ADL_2x2/Fall/SA11/F15_SA11_R04_T2.5-7.5s.png,1,Fall,SA11
/content/drive/MyDrive/datasets/Mosaic_ADL_2x2/Fall/SA11/F15_SA11_R04_T5.0-10.0s.png,1,Fall,SA11
/content/drive/MyDrive/datasets/Mosaic_ADL_2x2/Fall/SA11/F15_SA11_R04_T7.5-12.5s.png,1,Fall,SA11
/content/drive/MyDrive/datasets/Mosaic_ADL_2x2/Fall/SA11/F15_SA11_R04_T10.0-15.0s.png,1,Fall,SA11
/content/drive/MyDrive/datasets/Mosaic_ADL_2x2/Fall/SA11/F15_SA11_R05_T0.0-5.0s.png,1,Fall,SA11
/content/drive/MyDrive/datasets/Mosaic_ADL_2x2/Fall/SA11/F15_SA11_R05_T2.5-7.5s.png,1,Fall,SA11
/content/drive/MyDrive/datasets/Mosaic_ADL_2x2/Fall/SA11/F15_SA11_R05_T5.0-10.0s.png,1,Fall,SA11
/content/drive/MyDrive/datasets/Mosaic_ADL_2x2/Fall/SA11/F15_SA11_R05_T7.5-12.5s.png,1,Fall,SA11
/content/drive/MyDrive/datasets/Mosaic_ADL_2x2/Fall/SA11/F15_SA11_R05_T10.0-15.0s.png,1,Fall,SA11
/content/drive/MyDrive/datasets/Mosaic_ADL_2x2/Fall/SA18/F01_SA18_R01_T0.0-5.0s.png,1,Fall,SA18
/content/drive/MyDrive/datasets/Mosaic_ADL_2x2/Fall/SA18/F01_SA18_R01_T2.5-7.5s.png,1,Fall,SA18
/content/drive/MyDrive/datasets/Mosaic_ADL_2x2/Fall/SA18/F01_SA18_R01_T5.0-10.0s.png,1,Fall,SA18
/content/drive/MyDrive/datasets/Mosaic_ADL_2x2/Fall/SA18/F01_SA18_R01_T7.5-12.5s.png,1,Fall,SA18
/content/drive/MyDrive/datasets/Mosaic_ADL_2x2/Fall/SA18/F01_SA18_R02_T0.0-5.0s.png,1,Fall,SA18
/content/drive/MyDrive/datasets/Mosaic_ADL_2x2/Fall/SA18/F01_SA18_R02_T2.5-7.5s.png,1,Fall,SA18
/content/drive/MyDrive/datasets/Mosaic_ADL_2x2/Fall/SA18/F01_SA18_R02_T5.0-10.0s.png,1,Fall,SA18
/content/drive/MyDrive/datasets/Mosaic_ADL_2x2/Fall/SA18/F01_SA18_R02_T7.5-12.5s.png,1,Fall,SA18
/content/drive/MyDrive/datasets/Mosaic_ADL_2x2/Fall/SA18/F01_SA18_R02_T10.0-15.0s.png,1,Fall,SA18
/content/drive/MyDrive/datasets/Mosaic_ADL_2x2/Fall/SA18/F01_SA18_R03_T0.0-5.0s.png,1,Fall,SA18
/content/drive/MyDrive/datasets/Mosaic_ADL_2x2/Fall/SA18/F01_SA18_R03_T2.5-7.5s.png,1,Fall,SA18
/content/drive/MyDrive/datasets/Mosaic_ADL_2x2/Fall/SA18/F01_SA18_R03_T5.0-10.0s.png,1,Fall,SA18
/content/drive/MyDrive/datasets/Mosaic_ADL_2x2/Fall/SA18/F01_SA18_R03_T7.5-12.5s.png,1,Fall,SA18
/content/drive/MyDrive/datasets/Mosaic_ADL_2x2/Fall/SA18/F01_SA18_R03_T10.0-15.0s.png,1,Fall,SA18
/content/drive/MyDrive/datasets/Mosaic_ADL_2x2/Fall/SA18/F01_SA18_R04_T0.0-5.0s.png,1,Fall,SA18
/content/drive/MyDrive/datasets/Mosaic_ADL_2x2/Fall/SA18/F01_SA18_R04_T2.5-7.5s.png,1,Fall,SA18
/content/drive/MyDrive/datasets/Mosaic_ADL_2x2/Fall/SA18/F01_SA18_R04_T5.0-10.0s.png,1,Fall,SA18
/content/drive/MyDrive/datasets/Mosaic_ADL_2x2/Fall/SA18/F01_SA18_R04_T7.5-12.5s.png,1,Fall,SA18
/content/drive/MyDrive/datasets/Mosaic_ADL_2x2/Fall/SA18/F01_SA18_R04_T10.0-15.0s.png,1,Fall,SA18
/content/drive/MyDrive/datasets/Mosaic_ADL_2x2/Fall/SA18/F01_SA18_R05_T0.0-5.0s.png,1,Fall,SA18
/content/drive/MyDrive/datasets/Mosaic_ADL_2x2/Fall/SA18/F01_SA18_R05_T2.5-7.5s.png,1,Fall,SA18
/content/drive/MyDrive/datasets/Mosaic_ADL_2x2/Fall/SA18/F01_SA18_R05_T5.0-10.0s.png,1,Fall,SA18
/content/drive/MyDrive/datasets/Mosaic_ADL_2x2/Fall/SA18/F01_SA18_R05_T7.5-12.5s.png,1,Fall,SA18
/content/drive/MyDrive/datasets/Mosaic_ADL_2x2/Fall/SA18/F01_SA18_R05_T10.0-15.0s.png,1,Fall,SA18
/content/drive/MyDrive/datasets/Mosaic_ADL_2x2/Fall/SA18/F02_SA18_R01_T0.0-5.0s.png,1,Fall,SA18
/content/drive/MyDrive/datasets/Mosaic_ADL_2x2/Fall/SA18/F02_SA18_R01_T2.5-7.5s.png,1,Fall,SA18
/content/drive/MyDrive/datasets/Mosaic_ADL_2x2/Fall/SA18/F02_SA18_R01_T5.0-10.0s.png,1,Fall,SA18
/content/drive/MyDrive/datasets/Mosaic_ADL_2x2/Fall/SA18/F02_SA18_R01_T7.5-12.5s.png,1,Fall,SA18
/content/drive/MyDrive/datasets/Mosaic_ADL_2x2/Fall/SA18/F02_SA18_R01_T10.0-15.0s.png,1,Fall,SA18
/content/drive/MyDrive/datasets/Mosaic_ADL_2x2/Fall/SA18/F02_SA18_R02_T0.0-5.0s.png,1,Fall,SA18
/content/drive/MyDrive/datasets/Mosaic_ADL_2x2/Fall/SA18/F02_SA18_R02_T2.5-7.5s.png,1,Fall,SA18
/content/drive/MyDrive/datasets/Mosaic_ADL_2x2/Fall/SA18/F02_SA18_R02_T5.0-10.0s.png,1,Fall,SA18
/content/drive/MyDrive/datasets/Mosaic_ADL_2x2/Fall/SA18/F02_SA18_R02_T7.5-12.5s.png,1,Fall,SA18
/content/drive/MyDrive/datasets/Mosaic_ADL_2x2/Fall/SA18/F02_SA18_R02_T10.0-15.0s.png,1,Fall,SA18
/content/drive/MyDrive/datasets/Mosaic_ADL_2x2/Fall/SA18/F02_SA18_R03_T0.0-5.0s.png,1,Fall,SA18
/content/drive/MyDrive/datasets/Mosaic_ADL_2x2/Fall/SA18/F02_SA18_R03_T2.5-7.5s.png,1,Fall,SA18
/content/drive/MyDrive/datasets/Mosaic_ADL_2x2/Fall/SA18/F02_SA18_R03_T5.0-10.0s.png,1,Fall,SA18
/content/drive/MyDrive/datasets/Mosaic_ADL_2x2/Fall/SA18/F02_SA18_R03_T7.5-12.5s.png,1,Fall,SA18
/content/drive/MyDrive/datasets/Mosaic_ADL_2x2/Fall/SA18/F02_SA18_R03_T10.0-15.0s.png,1,Fall,SA18
/content/drive/MyDrive/datasets/Mosaic_ADL_2x2/Fall/SA18/F02_SA18_R04_T0.0-5.0s.png,1,Fall,SA18
/content/drive/MyDrive/datasets/Mosaic_ADL_2x2/Fall/SA18/F02_SA18_R04_T2.5-7.5s.png,1,Fall,SA18
/content/drive/MyDrive/datasets/Mosaic_ADL_2x2/Fall/SA18/F02_SA18_R04_T5.0-10.0s.png,1,Fall,SA18
/content/drive/MyDrive/datasets/Mosaic_ADL_2x2/Fall/SA18/F02_SA18_R04_T7.5-12.5s.png,1,Fall,SA18
/content/drive/MyDrive/datasets/Mosaic_ADL_2x2/Fall/SA18/F02_SA18_R04_T10.0-15.0s.png,1,Fall,SA18
/content/drive/MyDrive/datasets/Mosaic_ADL_2x2/Fall/SA18/F02_SA18_R05_T0.0-5.0s.png,1,Fall,SA18
/content/drive/MyDrive/datasets/Mosaic_ADL_2x2/Fall/SA18/F02_SA18_R05_T2.5-7.5s.png,1,Fall,SA18
/content/drive/MyDrive/datasets/Mosaic_ADL_2x2/Fall/SA18/F02_SA18_R05_T5.0-10.0s.png,1,Fall,SA18
/content/drive/MyDrive/datasets/Mosaic_ADL_2x2/Fall/SA18/F02_SA18_R05_T7.5-12.5s.png,1,Fall,SA18
/content/drive/MyDrive/datasets/Mosaic_ADL_2x2/Fall/SA18/F02_SA18_R05_T10.0-15.0s.png,1,Fall,SA18
/content/drive/MyDrive/datasets/Mosaic_ADL_2x2/Fall/SA18/F03_SA18_R01_T0.0-5.0s.png,1,Fall,SA18
/content/drive/MyDrive/datasets/Mosaic_ADL_2x2/Fall/SA18/F03_SA18_R01_T2.5-7.5s.png,1,Fall,SA18
/content/drive/MyDrive/datasets/Mosaic_ADL_2x2/Fall/SA18/F03_SA18_R01_T5.0-10.0s.png,1,Fall,SA18
/content/drive/MyDrive/datasets/Mosaic_ADL_2x2/Fall/SA18/F03_SA18_R01_T7.5-12.5s.png,1,Fall,SA18
/content/drive/MyDrive/datasets/Mosaic_ADL_2x2/Fall/SA18/F03_SA18_R01_T10.0-15.0s.png,1,Fall,SA18
/content/drive/MyDrive/datasets/Mosaic_ADL_2x2/Fall/SA18/F03_SA18_R02_T0.0-5.0s.png,1,Fall,SA18
/content/drive/MyDrive/datasets/Mosaic_ADL_2x2/Fall/SA18/F03_SA18_R02_T2.5-7.5s.png,1,Fall,SA18
/content/drive/MyDrive/datasets/Mosaic_ADL_2x2/Fall/SA18/F03_SA18_R02_T5.0-10.0s.png,1,Fall,SA18
/content/drive/MyDrive/datasets/Mosaic_ADL_2x2/Fall/SA18/F03_SA18_R02_T7.5-12.5s.png,1,Fall,SA18
/content/drive/MyDrive/datasets/Mosaic_ADL_2x2/Fall/SA18/F03_SA18_R02_T10.0-15.0s.png,1,Fall,SA18
/content/drive/MyDrive/datasets/Mosaic_ADL_2x2/Fall/SA18/F03_SA18_R03_T0.0-5.0s.png,1,Fall,SA18
/content/drive/MyDrive/datasets/Mosaic_ADL_2x2/Fall/SA18/F03_SA18_R03_T2.5-7.5s.png,1,Fall,SA18
/content/drive/MyDrive/datasets/Mosaic_ADL_2x2/Fall/SA18/F03_SA18_R03_T5.0-10.0s.png,1,Fall,SA18
/content/drive/MyDrive/datasets/Mosaic_ADL_2x2/Fall/SA18/F03_SA18_R03_T7.5-12.5s.png,1,Fall,SA18
/content/drive/MyDrive/datasets/Mosaic_ADL_2x2/Fall/SA18/F03_SA18_R03_T10.0-15.0s.png,1,Fall,SA18
/content/drive/MyDrive/datasets/Mosaic_ADL_2x2/Fall/SA18/F03_SA18_R04_T0.0-5.0s.png,1,Fall,SA18
/content/drive/MyDrive/datasets/Mosaic_ADL_2x2/Fall/SA18/F03_SA18_R04_T2.5-7.5s.png,1,Fall,SA18
/content/drive/MyDrive/datasets/Mosaic_ADL_2x2/Fall/SA18/F03_SA18_R04_T5.0-10.0s.png,1,Fall,SA18
/content/drive/MyDrive/datasets/Mosaic_ADL_2x2/Fall/SA18/F03_SA18_R04_T7.5-12.5s.png,1,Fall,SA18
/content/drive/MyDrive/datasets/Mosaic_ADL_2x2/Fall/SA18/F03_SA18_R04_T10.0-15.0s.png,1,Fall,SA18
/content/drive/MyDrive/datasets/Mosaic_ADL_2x2/Fall/SA18/F03_SA18_R05_T0.0-5.0s.png,1,Fall,SA18
/content/drive/MyDrive/datasets/Mosaic_ADL_2x2/Fall/SA18/F03_SA18_R05_T2.5-7.5s.png,1,Fall,SA18
/content/drive/MyDrive/datasets/Mosaic_ADL_2x2/Fall/SA18/F03_SA18_R05_T5.0-10.0s.png,1,Fall,SA18
/content/drive/MyDrive/datasets/Mosaic_ADL_2x2/Fall/SA18/F03_SA18_R05_T7.5-12.5s.png,1,Fall,SA18
/content/drive/MyDrive/datasets/Mosaic_ADL_2x2/Fall/SA18/F03_SA18_R05_T10.0-15.0s.png,1,Fall,SA18
/content/drive/MyDrive/datasets/Mosaic_ADL_2x2/Fall/SA18/F04_SA18_R01_T0.0-5.0s.png,1,Fall,SA18
/content/drive/MyDrive/datasets/Mosaic_ADL_2x2/Fall/SA18/F04_SA18_R01_T2.5-7.5s.png,1,Fall,SA18
/content/drive/MyDrive/datasets/Mosaic_ADL_2x2/Fall/SA18/F04_SA18_R01_T5.0-10.0s.png,1,Fall,SA18
/content/drive/MyDrive/datasets/Mosaic_ADL_2x2/Fall/SA18/F04_SA18_R01_T7.5-12.5s.png,1,Fall,SA18
/content/drive/MyDrive/datasets/Mosaic_ADL_2x2/Fall/SA18/F04_SA18_R01_T10.0-15.0s.png,1,Fall,SA18
/content/drive/MyDrive/datasets/Mosaic_ADL_2x2/Fall/SA18/F04_SA18_R02_T0.0-5.0s.png,1,Fall,SA18
/content/drive/MyDrive/datasets/Mosaic_ADL_2x2/Fall/SA18/F04_SA18_R02_T2.5-7.5s.png,1,Fall,SA18
/content/drive/MyDrive/datasets/Mosaic_ADL_2x2/Fall/SA18/F04_SA18_R02_T5.0-10.0s.png,1,Fall,SA18
/content/drive/MyDrive/datasets/Mosaic_ADL_2x2/Fall/SA18/F04_SA18_R02_T7.5-12.5s.png,1,Fall,SA18
/content/drive/MyDrive/datasets/Mosaic_ADL_2x2/Fall/SA18/F04_SA18_R02_T10.0-15.0s.png,1,Fall,SA18
/content/drive/MyDrive/datasets/Mosaic_ADL_2x2/Fall/SA18/F04_SA18_R03_T0.0-5.0s.png,1,Fall,SA18
/content/drive/MyDrive/datasets/Mosaic_ADL_2x2/Fall/SA18/F04_SA18_R03_T2.5-7.5s.png,1,Fall,SA18
/content/drive/MyDrive/datasets/Mosaic_ADL_2x2/Fall/SA18/F04_SA18_R03_T5.0-10.0s.png,1,Fall,SA18
/content/drive/MyDrive/datasets/Mosaic_ADL_2x2/Fall/SA18/F04_SA18_R03_T7.5-12.5s.png,1,Fall,SA18
/content/drive/MyDrive/datasets/Mosaic_ADL_2x2/Fall/SA18/F04_SA18_R03_T10.0-15.0s.png,1,Fall,SA18
/content/drive/MyDrive/datasets/Mosaic_ADL_2x2/Fall/SA18/F04_SA18_R04_T0.0-5.0s.png,1,Fall,SA18
/content/drive/MyDrive/datasets/Mosaic_ADL_2x2/Fall/SA18/F04_SA18_R04_T2.5-7.5s.png,1,Fall,SA18
/content/drive/MyDrive/datasets/Mosaic_ADL_2x2/Fall/SA18/F04_SA18_R04_T5.0-10.0s.png,1,Fall,SA18
/content/drive/MyDrive/datasets/Mosaic_ADL_2x2/Fall/SA18/F04_SA18_R04_T7.5-12.5s.png,1,Fall,SA18
/content/drive/MyDrive/datasets/Mosaic_ADL_2x2/Fall/SA18/F04_SA18_R04_T10.0-15.0s.png,1,Fall,SA18
/content/drive/MyDrive/datasets/Mosaic_ADL_2x2/Fall/SA18/F04_SA18_R05_T0.0-5.0s.png,1,Fall,SA18
/content/drive/MyDrive/datasets/Mosaic_ADL_2x2/Fall/SA18/F04_SA18_R05_T2.5-7.5s.png,1,Fall,SA18
/content/drive/MyDrive/datasets/Mosaic_ADL_2x2/Fall/SA18/F04_SA18_R05_T5.0-10.0s.png,1,Fall,SA18
/content/drive/MyDrive/datasets/Mosaic_ADL_2x2/Fall/SA18/F04_SA18_R05_T7.5-12.5s.png,1,Fall,SA18
/content/drive/MyDrive/datasets/Mosaic_ADL_2x2/Fall/SA18/F04_SA18_R05_T10.0-15.0s.png,1,Fall,SA18
/content/drive/MyDrive/datasets/Mosaic_ADL_2x2/Fall/SA18/F05_SA18_R01_T0.0-5.0s.png,1,Fall,SA18
/content/drive/MyDrive/datasets/Mosaic_ADL_2x2/Fall/SA18/F05_SA18_R01_T2.5-7.5s.png,1,Fall,SA18
/content/drive/MyDrive/datasets/Mosaic_ADL_2x2/Fall/SA18/F05_SA18_R01_T5.0-10.0s.png,1,Fall,SA18
/content/drive/MyDrive/datasets/Mosaic_ADL_2x2/Fall/SA18/F05_SA18_R01_T7.5-12.5s.png,1,Fall,SA18
/content/drive/MyDrive/datasets/Mosaic_ADL_2x2/Fall/SA18/F05_SA18_R01_T10.0-15.0s.png,1,Fall,SA18
/content/drive/MyDrive/datasets/Mosaic_ADL_2x2/Fall/SA18/F05_SA18_R02_T0.0-5.0s.png,1,Fall,SA18
/content/drive/MyDrive/datasets/Mosaic_ADL_2x2/Fall/SA18/F05_SA18_R02_T2.5-7.5s.png,1,Fall,SA18
/content/drive/MyDrive/datasets/Mosaic_ADL_2x2/Fall/SA18/F05_SA18_R02_T5.0-10.0s.png,1,Fall,SA18
/content/drive/MyDrive/datasets/Mosaic_ADL_2x2/Fall/SA18/F05_SA18_R02_T7.5-12.5s.png,1,Fall,SA18
/content/drive/MyDrive/datasets/Mosaic_ADL_2x2/Fall/SA18/F05_SA18_R02_T10.0-15.0s.png,1,Fall,SA18
/content/drive/MyDrive/datasets/Mosaic_ADL_2x2/Fall/SA18/F05_SA18_R03_T0.0-5.0s.png,1,Fall,SA18
/content/drive/MyDrive/datasets/Mosaic_ADL_2x2/Fall/SA18/F05_SA18_R03_T2.5-7.5s.png,1,Fall,SA18
/content/drive/MyDrive/datasets/Mosaic_ADL_2x2/Fall/SA18/F05_SA18_R03_T5.0-10.0s.png,1,Fall,SA18
/content/drive/MyDrive/datasets/Mosaic_ADL_2x2/Fall/SA18/F05_SA18_R03_T7.5-12.5s.png,1,Fall,SA18
/content/drive/MyDrive/datasets/Mosaic_ADL_2x2/Fall/SA18/F05_SA18_R03_T10.0-15.0s.png,1,Fall,SA18
/content/drive/MyDrive/datasets/Mosaic_ADL_2x2/Fall/SA18/F05_SA18_R04_T0.0-5.0s.png,1,Fall,SA18
/content/drive/MyDrive/datasets/Mosaic_ADL_2x2/Fall/SA18/F05_SA18_R04_T2.5-7.5s.png,1,Fall,SA18
/content/drive/MyDrive/datasets/Mosaic_ADL_2x2/Fall/SA18/F05_SA18_R04_T5.0-10.0s.png,1,Fall,SA18
/content/drive/MyDrive/datasets/Mosaic_ADL_2x2/Fall/SA18/F05_SA18_R04_T7.5-12.5s.png,1,Fall,SA18
/content/drive/MyDrive/datasets/Mosaic_ADL_2x2/Fall/SA18/F05_SA18_R04_T10.0-15.0s.png,1,Fall,SA18
/content/drive/MyDrive/datasets/Mosaic_ADL_2x2/Fall/SA18/F05_SA18_R05_T0.0-5.0s.png,1,Fall,SA18
/content/drive/MyDrive/datasets/Mosaic_ADL_2x2/Fall/SA18/F05_SA18_R05_T2.5-7.5s.png,1,Fall,SA18
/content/drive/MyDrive/datasets/Mosaic_ADL_2x2/Fall/SA18/F05_SA18_R05_T5.0-10.0s.png,1,Fall,SA18
/content/drive/MyDrive/datasets/Mosaic_ADL_2x2/Fall/SA18/F05_SA18_R05_T7.5-12.5s.png,1,Fall,SA18
/content/drive/MyDrive/datasets/Mosaic_ADL_2x2/Fall/SA18/F05_SA18_R05_T10.0-15.0s.png,1,Fall,SA18
/content/drive/MyDrive/datasets/Mosaic_ADL_2x2/Fall/SA18/F06_SA18_R01_T0.0-5.0s.png,1,Fall,SA18
/content/drive/MyDrive/datasets/Mosaic_ADL_2x2/Fall/SA18/F06_SA18_R01_T2.5-7.5s.png,1,Fall,SA18
/content/drive/MyDrive/datasets/Mosaic_ADL_2x2/Fall/SA18/F06_SA18_R01_T5.0-10.0s.png,1,Fall,SA18
/content/drive/MyDrive/datasets/Mosaic_ADL_2x2/Fall/SA18/F06_SA18_R01_T7.5-12.5s.png,1,Fall,SA18
/content/drive/MyDrive/datasets/Mosaic_ADL_2x2/Fall/SA18/F06_SA18_R02_T0.0-5.0s.png,1,Fall,SA18
/content/drive/MyDrive/datasets/Mosaic_ADL_2x2/Fall/SA18/F06_SA18_R02_T2.5-7.5s.png,1,Fall,SA18
/content/drive/MyDrive/datasets/Mosaic_ADL_2x2/Fall/SA18/F06_SA18_R02_T5.0-10.0s.png,1,Fall,SA18
/content/drive/MyDrive/datasets/Mosaic_ADL_2x2/Fall/SA18/F06_SA18_R02_T7.5-12.5s.png,1,Fall,SA18
/content/drive/MyDrive/datasets/Mosaic_ADL_2x2/Fall/SA18/F06_SA18_R02_T10.0-15.0s.png,1,Fall,SA18
/content/drive/MyDrive/datasets/Mosaic_ADL_2x2/Fall/SA18/F06_SA18_R03_T0.0-5.0s.png,1,Fall,SA18
/content/drive/MyDrive/datasets/Mosaic_ADL_2x2/Fall/SA18/F06_SA18_R03_T2.5-7.5s.png,1,Fall,SA18
/content/drive/MyDrive/datasets/Mosaic_ADL_2x2/Fall/SA18/F06_SA18_R03_T5.0-10.0s.png,1,Fall,SA18
/content/drive/MyDrive/datasets/Mosaic_ADL_2x2/Fall/SA18/F06_SA18_R03_T7.5-12.5s.png,1,Fall,SA18
/content/drive/MyDrive/datasets/Mosaic_ADL_2x2/Fall/SA18/F06_SA18_R03_T10.0-15.0s.png,1,Fall,SA18
/content/drive/MyDrive/datasets/Mosaic_ADL_2x2/Fall/SA18/F06_SA18_R04_T0.0-5.0s.png,1,Fall,SA18
/content/drive/MyDrive/datasets/Mosaic_ADL_2x2/Fall/SA18/F06_SA18_R04_T2.5-7.5s.png,1,Fall,SA18
/content/drive/MyDrive/datasets/Mosaic_ADL_2x2/Fall/SA18/F06_SA18_R04_T5.0-10.0s.png,1,Fall,SA18
/content/drive/MyDrive/datasets/Mosaic_ADL_2x2/Fall/SA18/F06_SA18_R04_T7.5-12.5s.png,1,Fall,SA18
/content/drive/MyDrive/datasets/Mosaic_ADL_2x2/Fall/SA18/F06_SA18_R04_T10.0-15.0s.png,1,Fall,SA18
/content/drive/MyDrive/datasets/Mosaic_ADL_2x2/Fall/SA18/F06_SA18_R05_T0.0-5.0s.png,1,Fall,SA18
/content/drive/MyDrive/datasets/Mosaic_ADL_2x2/Fall/SA18/F06_SA18_R05_T2.5-7.5s.png,1,Fall,SA18
/content/drive/MyDrive/datasets/Mosaic_ADL_2x2/Fall/SA18/F06_SA18_R05_T5.0-10.0s.png,1,Fall,SA18
/content/drive/MyDrive/datasets/Mosaic_ADL_2x2/Fall/SA18/F06_SA18_R05_T7.5-12.5s.png,1,Fall,SA18
/content/drive/MyDrive/datasets/Mosaic_ADL_2x2/Fall/SA18/F06_SA18_R05_T10.0-15.0s.png,1,Fall,SA18
/content/drive/MyDrive/datasets/Mosaic_ADL_2x2/Fall/SA18/F07_SA18_R01_T0.0-5.0s.png,1,Fall,SA18
/content/drive/MyDrive/datasets/Mosaic_ADL_2x2/Fall/SA18/F07_SA18_R01_T2.5-7.5s.png,1,Fall,SA18
/content/drive/MyDrive/datasets/Mosaic_ADL_2x2/Fall/SA18/F07_SA18_R01_T5.0-10.0s.png,1,Fall,SA18
/content/drive/MyDrive/datasets/Mosaic_ADL_2x2/Fall/SA18/F07_SA18_R01_T7.5-12.5s.png,1,Fall,SA18
/content/drive/MyDrive/datasets/Mosaic_ADL_2x2/Fall/SA18/F07_SA18_R01_T10.0-15.0s.png,1,Fall,SA18
/content/drive/MyDrive/datasets/Mosaic_ADL_2x2/Fall/SA18/F07_SA18_R02_T0.0-5.0s.png,1,Fall,SA18
/content/drive/MyDrive/datasets/Mosaic_ADL_2x2/Fall/SA18/F07_SA18_R02_T2.5-7.5s.png,1,Fall,SA18
/content/drive/MyDrive/datasets/Mosaic_ADL_2x2/Fall/SA18/F07_SA18_R02_T5.0-10.0s.png,1,Fall,SA18
/content/drive/MyDrive/datasets/Mosaic_ADL_2x2/Fall/SA18/F07_SA18_R02_T7.5-12.5s.png,1,Fall,SA18
/content/drive/MyDrive/datasets/Mosaic_ADL_2x2/Fall/SA18/F07_SA18_R02_T10.0-15.0s.png,1,Fall,SA18
/content/drive/MyDrive/datasets/Mosaic_ADL_2x2/Fall/SA18/F07_SA18_R03_T0.0-5.0s.png,1,Fall,SA18
/content/drive/MyDrive/datasets/Mosaic_ADL_2x2/Fall/SA18/F07_SA18_R03_T2.5-7.5s.png,1,Fall,SA18
/content/drive/MyDrive/datasets/Mosaic_ADL_2x2/Fall/SA18/F07_SA18_R03_T5.0-10.0s.png,1,Fall,SA18
/content/drive/MyDrive/datasets/Mosaic_ADL_2x2/Fall/SA18/F07_SA18_R03_T7.5-12.5s.png,1,Fall,SA18
/content/drive/MyDrive/datasets/Mosaic_ADL_2x2/Fall/SA18/F07_SA18_R03_T10.0-15.0s.png,1,Fall,SA18
/content/drive/MyDrive/datasets/Mosaic_ADL_2x2/Fall/SA18/F07_SA18_R04_T0.0-5.0s.png,1,Fall,SA18
/content/drive/MyDrive/datasets/Mosaic_ADL_2x2/Fall/SA18/F07_SA18_R04_T2.5-7.5s.png,1,Fall,SA18
/content/drive/MyDrive/datasets/Mosaic_ADL_2x2/Fall/SA18/F07_SA18_R04_T5.0-10.0s.png,1,Fall,SA18
/content/drive/MyDrive/datasets/Mosaic_ADL_2x2/Fall/SA18/F07_SA18_R04_T7.5-12.5s.png,1,Fall,SA18
/content/drive/MyDrive/datasets/Mosaic_ADL_2x2/Fall/SA18/F07_SA18_R04_T10.0-15.0s.png,1,Fall,SA18
/content/drive/MyDrive/datasets/Mosaic_ADL_2x2/Fall/SA18/F07_SA18_R05_T0.0-5.0s.png,1,Fall,SA18
/content/drive/MyDrive/datasets/Mosaic_ADL_2x2/Fall/SA18/F07_SA18_R05_T2.5-7.5s.png,1,Fall,SA18
/content/drive/MyDrive/datasets/Mosaic_ADL_2x2/Fall/SA18/F07_SA18_R05_T5.0-10.0s.png,1,Fall,SA18
/content/drive/MyDrive/datasets/Mosaic_ADL_2x2/Fall/SA18/F07_SA18_R05_T7.5-12.5s.png,1,Fall,SA18
/content/drive/MyDrive/datasets/Mosaic_ADL_2x2/Fall/SA18/F07_SA18_R05_T10.0-15.0s.png,1,Fall,SA18
/content/drive/MyDrive/datasets/Mosaic_ADL_2x2/Fall/SA18/F08_SA18_R01_T0.0-5.0s.png,1,Fall,SA18
/content/drive/MyDrive/datasets/Mosaic_ADL_2x2/Fall/SA18/F08_SA18_R01_T2.5-7.5s.png,1,Fall,SA18
/content/drive/MyDrive/datasets/Mosaic_ADL_2x2/Fall/SA18/F08_SA18_R01_T5.0-10.0s.png,1,Fall,SA18
/content/drive/MyDrive/datasets/Mosaic_ADL_2x2/Fall/SA18/F08_SA18_R01_T7.5-12.5s.png,1,Fall,SA18
/content/drive/MyDrive/datasets/Mosaic_ADL_2x2/Fall/SA18/F08_SA18_R01_T10.0-15.0s.png,1,Fall,SA18
/content/drive/MyDrive/datasets/Mosaic_ADL_2x2/Fall/SA18/F08_SA18_R02_T0.0-5.0s.png,1,Fall,SA18
/content/drive/MyDrive/datasets/Mosaic_ADL_2x2/Fall/SA18/F08_SA18_R02_T2.5-7.5s.png,1,Fall,SA18
/content/drive/MyDrive/datasets/Mosaic_ADL_2x2/Fall/SA18/F08_SA18_R02_T5.0-10.0s.png,1,Fall,SA18
/content/drive/MyDrive/datasets/Mosaic_ADL_2x2/Fall/SA18/F08_SA18_R02_T7.5-12.5s.png,1,Fall,SA18
/content/drive/MyDrive/datasets/Mosaic_ADL_2x2/Fall/SA18/F08_SA18_R02_T10.0-15.0s.png,1,Fall,SA18
/content/drive/MyDrive/datasets/Mosaic_ADL_2x2/Fall/SA18/F08_SA18_R03_T0.0-5.0s.png,1,Fall,SA18
/content/drive/MyDrive/datasets/Mosaic_ADL_2x2/Fall/SA18/F08_SA18_R03_T2.5-7.5s.png,1,Fall,SA18
/content/drive/MyDrive/datasets/Mosaic_ADL_2x2/Fall/SA18/F08_SA18_R03_T5.0-10.0s.png,1,Fall,SA18
/content/drive/MyDrive/datasets/Mosaic_ADL_2x2/Fall/SA18/F08_SA18_R03_T7.5-12.5s.png,1,Fall,SA18
/content/drive/MyDrive/datasets/Mosaic_ADL_2x2/Fall/SA18/F08_SA18_R03_T10.0-15.0s.png,1,Fall,SA18
/content/drive/MyDrive/datasets/Mosaic_ADL_2x2/Fall/SA18/F08_SA18_R04_T0.0-5.0s.png,1,Fall,SA18
/content/drive/MyDrive/datasets/Mosaic_ADL_2x2/Fall/SA18/F08_SA18_R04_T2.5-7.5s.png,1,Fall,SA18
/content/drive/MyDrive/datasets/Mosaic_ADL_2x2/Fall/SA18/F08_SA18_R04_T5.0-10.0s.png,1,Fall,SA18
/content/drive/MyDrive/datasets/Mosaic_ADL_2x2/Fall/SA18/F08_SA18_R04_T7.5-12.5s.png,1,Fall,SA18
/content/drive/MyDrive/datasets/Mosaic_ADL_2x2/Fall/SA18/F08_SA18_R04_T10.0-15.0s.png,1,Fall,SA18
/content/drive/MyDrive/datasets/Mosaic_ADL_2x2/Fall/SA18/F08_SA18_R05_T0.0-5.0s.png,1,Fall,SA18
/content/drive/MyDrive/datasets/Mosaic_ADL_2x2/Fall/SA18/F08_SA18_R05_T2.5-7.5s.png,1,Fall,SA18
/content/drive/MyDrive/datasets/Mosaic_ADL_2x2/Fall/SA18/F08_SA18_R05_T5.0-10.0s.png,1,Fall,SA18
/content/drive/MyDrive/datasets/Mosaic_ADL_2x2/Fall/SA18/F08_SA18_R05_T7.5-12.5s.png,1,Fall,SA18
/content/drive/MyDrive/datasets/Mosaic_ADL_2x2/Fall/SA18/F08_SA18_R05_T10.0-15.0s.png,1,Fall,SA18
/content/drive/MyDrive/datasets/Mosaic_ADL_2x2/Fall/SA18/F09_SA18_R01_T0.0-5.0s.png,1,Fall,SA18
/content/drive/MyDrive/datasets/Mosaic_ADL_2x2/Fall/SA18/F09_SA18_R01_T2.5-7.5s.png,1,Fall,SA18
/content/drive/MyDrive/datasets/Mosaic_ADL_2x2/Fall/SA18/F09_SA18_R01_T5.0-10.0s.png,1,Fall,SA18
/content/drive/MyDrive/datasets/Mosaic_ADL_2x2/Fall/SA18/F09_SA18_R01_T7.5-12.5s.png,1,Fall,SA18
/content/drive/MyDrive/datasets/Mosaic_ADL_2x2/Fall/SA18/F09_SA18_R01_T10.0-15.0s.png,1,Fall,SA18
/content/drive/MyDrive/datasets/Mosaic_ADL_2x2/Fall/SA18/F09_SA18_R02_T0.0-5.0s.png,1,Fall,SA18
/content/drive/MyDrive/datasets/Mosaic_ADL_2x2/Fall/SA18/F09_SA18_R02_T2.5-7.5s.png,1,Fall,SA18
/content/drive/MyDrive/datasets/Mosaic_ADL_2x2/Fall/SA18/F09_SA18_R02_T5.0-10.0s.png,1,Fall,SA18
/content/drive/MyDrive/datasets/Mosaic_ADL_2x2/Fall/SA18/F09_SA18_R02_T7.5-12.5s.png,1,Fall,SA18
/content/drive/MyDrive/datasets/Mosaic_ADL_2x2/Fall/SA18/F09_SA18_R02_T10.0-15.0s.png,1,Fall,SA18
/content/drive/MyDrive/datasets/Mosaic_ADL_2x2/Fall/SA18/F09_SA18_R03_T0.0-5.0s.png,1,Fall,SA18
/content/drive/MyDrive/datasets/Mosaic_ADL_2x2/Fall/SA18/F09_SA18_R03_T2.5-7.5s.png,1,Fall,SA18
/content/drive/MyDrive/datasets/Mosaic_ADL_2x2/Fall/SA18/F09_SA18_R03_T5.0-10.0s.png,1,Fall,SA18
/content/drive/MyDrive/datasets/Mosaic_ADL_2x2/Fall/SA18/F09_SA18_R03_T7.5-12.5s.png,1,Fall,SA18
/content/drive/MyDrive/datasets/Mosaic_ADL_2x2/Fall/SA18/F09_SA18_R03_T10.0-15.0s.png,1,Fall,SA18
/content/drive/MyDrive/datasets/Mosaic_ADL_2x2/Fall/SA18/F09_SA18_R04_T0.0-5.0s.png,1,Fall,SA18
/content/drive/MyDrive/datasets/Mosaic_ADL_2x2/Fall/SA18/F09_SA18_R04_T2.5-7.5s.png,1,Fall,SA18
/content/drive/MyDrive/datasets/Mosaic_ADL_2x2/Fall/SA18/F09_SA18_R04_T5.0-10.0s.png,1,Fall,SA18
/content/drive/MyDrive/datasets/Mosaic_ADL_2x2/Fall/SA18/F09_SA18_R04_T7.5-12.5s.png,1,Fall,SA18
/content/drive/MyDrive/datasets/Mosaic_ADL_2x2/Fall/SA18/F09_SA18_R04_T10.0-15.0s.png,1,Fall,SA18
/content/drive/MyDrive/datasets/Mosaic_ADL_2x2/Fall/SA18/F09_SA18_R05_T0.0-5.0s.png,1,Fall,SA18
/content/drive/MyDrive/datasets/Mosaic_ADL_2x2/Fall/SA18/F09_SA18_R05_T2.5-7.5s.png,1,Fall,SA18
/content/drive/MyDrive/datasets/Mosaic_ADL_2x2/Fall/SA18/F09_SA18_R05_T5.0-10.0s.png,1,Fall,SA18
/content/drive/MyDrive/datasets/Mosaic_ADL_2x2/Fall/SA18/F09_SA18_R05_T7.5-12.5s.png,1,Fall,SA18
/content/drive/MyDrive/datasets/Mosaic_ADL_2x2/Fall/SA18/F09_SA18_R05_T10.0-15.0s.png,1,Fall,SA18
/content/drive/MyDrive/datasets/Mosaic_ADL_2x2/Fall/SA18/F10_SA18_R01_T0.0-5.0s.png,1,Fall,SA18
/content/drive/MyDrive/datasets/Mosaic_ADL_2x2/Fall/SA18/F10_SA18_R01_T2.5-7.5s.png,1,Fall,SA18
/content/drive/MyDrive/datasets/Mosaic_ADL_2x2/Fall/SA18/F10_SA18_R01_T5.0-10.0s.png,1,Fall,SA18
/content/drive/MyDrive/datasets/Mosaic_ADL_2x2/Fall/SA18/F10_SA18_R01_T7.5-12.5s.png,1,Fall,SA18
/content/drive/MyDrive/datasets/Mosaic_ADL_2x2/Fall/SA18/F10_SA18_R01_T10.0-15.0s.png,1,Fall,SA18
/content/drive/MyDrive/datasets/Mosaic_ADL_2x2/Fall/SA18/F10_SA18_R02_T0.0-5.0s.png,1,Fall,SA18
/content/drive/MyDrive/datasets/Mosaic_ADL_2x2/Fall/SA18/F10_SA18_R02_T2.5-7.5s.png,1,Fall,SA18
/content/drive/MyDrive/datasets/Mosaic_ADL_2x2/Fall/SA18/F10_SA18_R02_T5.0-10.0s.png,1,Fall,SA18
/content/drive/MyDrive/datasets/Mosaic_ADL_2x2/Fall/SA18/F10_SA18_R02_T7.5-12.5s.png,1,Fall,SA18
/content/drive/MyDrive/datasets/Mosaic_ADL_2x2/Fall/SA18/F10_SA18_R02_T10.0-15.0s.png,1,Fall,SA18
/content/drive/MyDrive/datasets/Mosaic_ADL_2x2/Fall/SA18/F10_SA18_R03_T0.0-5.0s.png,1,Fall,SA18
/content/drive/MyDrive/datasets/Mosaic_ADL_2x2/Fall/SA18/F10_SA18_R03_T2.5-7.5s.png,1,Fall,SA18
/content/drive/MyDrive/datasets/Mosaic_ADL_2x2/Fall/SA18/F10_SA18_R03_T5.0-10.0s.png,1,Fall,SA18
/content/drive/MyDrive/datasets/Mosaic_ADL_2x2/Fall/SA18/F10_SA18_R03_T7.5-12.5s.png,1,Fall,SA18
/content/drive/MyDrive/datasets/Mosaic_ADL_2x2/Fall/SA18/F10_SA18_R03_T10.0-15.0s.png,1,Fall,SA18
/content/drive/MyDrive/datasets/Mosaic_ADL_2x2/Fall/SA18/F10_SA18_R04_T0.0-5.0s.png,1,Fall,SA18
/content/drive/MyDrive/datasets/Mosaic_ADL_2x2/Fall/SA18/F10_SA18_R04_T2.5-7.5s.png,1,Fall,SA18
/content/drive/MyDrive/datasets/Mosaic_ADL_2x2/Fall/SA18/F10_SA18_R04_T5.0-10.0s.png,1,Fall,SA18
/content/drive/MyDrive/datasets/Mosaic_ADL_2x2/Fall/SA18/F10_SA18_R04_T7.5-12.5s.png,1,Fall,SA18
/content/drive/MyDrive/datasets/Mosaic_ADL_2x2/Fall/SA18/F10_SA18_R04_T10.0-15.0s.png,1,Fall,SA18
/content/drive/MyDrive/datasets/Mosaic_ADL_2x2/Fall/SA18/F10_SA18_R05_T0.0-5.0s.png,1,Fall,SA18
/content/drive/MyDrive/datasets/Mosaic_ADL_2x2/Fall/SA18/F10_SA18_R05_T2.5-7.5s.png,1,Fall,SA18
/content/drive/MyDrive/datasets/Mosaic_ADL_2x2/Fall/SA18/F10_SA18_R05_T5.0-10.0s.png,1,Fall,SA18
/content/drive/MyDrive/datasets/Mosaic_ADL_2x2/Fall/SA18/F10_SA18_R05_T7.5-12.5s.png,1,Fall,SA18
/content/drive/MyDrive/datasets/Mosaic_ADL_2x2/Fall/SA18/F10_SA18_R05_T10.0-15.0s.png,1,Fall,SA18
/content/drive/MyDrive/datasets/Mosaic_ADL_2x2/Fall/SA18/F11_SA18_R01_T0.0-5.0s.png,1,Fall,SA18
/content/drive/MyDrive/datasets/Mosaic_ADL_2x2/Fall/SA18/F11_SA18_R01_T2.5-7.5s.png,1,Fall,SA18
/content/drive/MyDrive/datasets/Mosaic_ADL_2x2/Fall/SA18/F11_SA18_R01_T5.0-10.0s.png,1,Fall,SA18
/content/drive/MyDrive/datasets/Mosaic_ADL_2x2/Fall/SA18/F11_SA18_R01_T7.5-12.5s.png,1,Fall,SA18
/content/drive/MyDrive/datasets/Mosaic_ADL_2x2/Fall/SA18/F11_SA18_R02_T0.0-5.0s.png,1,Fall,SA18
/content/drive/MyDrive/datasets/Mosaic_ADL_2x2/Fall/SA18/F11_SA18_R02_T2.5-7.5s.png,1,Fall,SA18
/content/drive/MyDrive/datasets/Mosaic_ADL_2x2/Fall/SA18/F11_SA18_R02_T5.0-10.0s.png,1,Fall,SA18
/content/drive/MyDrive/datasets/Mosaic_ADL_2x2/Fall/SA18/F11_SA18_R02_T7.5-12.5s.png,1,Fall,SA18
/content/drive/MyDrive/datasets/Mosaic_ADL_2x2/Fall/SA18/F11_SA18_R02_T10.0-15.0s.png,1,Fall,SA18
/content/drive/MyDrive/datasets/Mosaic_ADL_2x2/Fall/SA18/F11_SA18_R03_T0.0-5.0s.png,1,Fall,SA18
/content/drive/MyDrive/datasets/Mosaic_ADL_2x2/Fall/SA18/F11_SA18_R03_T2.5-7.5s.png,1,Fall,SA18
/content/drive/MyDrive/datasets/Mosaic_ADL_2x2/Fall/SA18/F11_SA18_R03_T5.0-10.0s.png,1,Fall,SA18
/content/drive/MyDrive/datasets/Mosaic_ADL_2x2/Fall/SA18/F11_SA18_R03_T7.5-12.5s.png,1,Fall,SA18
/content/drive/MyDrive/datasets/Mosaic_ADL_2x2/Fall/SA18/F11_SA18_R03_T10.0-15.0s.png,1,Fall,SA18
/content/drive/MyDrive/datasets/Mosaic_ADL_2x2/Fall/SA18/F11_SA18_R04_T0.0-5.0s.png,1,Fall,SA18
/content/drive/MyDrive/datasets/Mosaic_ADL_2x2/Fall/SA18/F11_SA18_R04_T2.5-7.5s.png,1,Fall,SA18
/content/drive/MyDrive/datasets/Mosaic_ADL_2x2/Fall/SA18/F11_SA18_R04_T5.0-10.0s.png,1,Fall,SA18
/content/drive/MyDrive/datasets/Mosaic_ADL_2x2/Fall/SA18/F11_SA18_R04_T7.5-12.5s.png,1,Fall,SA18
/content/drive/MyDrive/datasets/Mosaic_ADL_2x2/Fall/SA18/F11_SA18_R04_T10.0-15.0s.png,1,Fall,SA18
/content/drive/MyDrive/datasets/Mosaic_ADL_2x2/Fall/SA18/F11_SA18_R05_T0.0-5.0s.png,1,Fall,SA18
/content/drive/MyDrive/datasets/Mosaic_ADL_2x2/Fall/SA18/F11_SA18_R05_T2.5-7.5s.png,1,Fall,SA18
/content/drive/MyDrive/datasets/Mosaic_ADL_2x2/Fall/SA18/F11_SA18_R05_T5.0-10.0s.png,1,Fall,SA18
/content/drive/MyDrive/datasets/Mosaic_ADL_2x2/Fall/SA18/F11_SA18_R05_T7.5-12.5s.png,1,Fall,SA18
/content/drive/MyDrive/datasets/Mosaic_ADL_2x2/Fall/SA18/F11_SA18_R05_T10.0-15.0s.png,1,Fall,SA18
/content/drive/MyDrive/datasets/Mosaic_ADL_2x2/Fall/SA18/F12_SA18_R01_T0.0-5.0s.png,1,Fall,SA18
/content/drive/MyDrive/datasets/Mosaic_ADL_2x2/Fall/SA18/F12_SA18_R01_T2.5-7.5s.png,1,Fall,SA18
/content/drive/MyDrive/datasets/Mosaic_ADL_2x2/Fall/SA18/F12_SA18_R01_T5.0-10.0s.png,1,Fall,SA18
/content/drive/MyDrive/datasets/Mosaic_ADL_2x2/Fall/SA18/F12_SA18_R01_T7.5-12.5s.png,1,Fall,SA18
/content/drive/MyDrive/datasets/Mosaic_ADL_2x2/Fall/SA18/F12_SA18_R01_T10.0-15.0s.png,1,Fall,SA18
/content/drive/MyDrive/datasets/Mosaic_ADL_2x2/Fall/SA18/F12_SA18_R02_T0.0-5.0s.png,1,Fall,SA18
/content/drive/MyDrive/datasets/Mosaic_ADL_2x2/Fall/SA18/F12_SA18_R02_T2.5-7.5s.png,1,Fall,SA18
/content/drive/MyDrive/datasets/Mosaic_ADL_2x2/Fall/SA18/F12_SA18_R02_T5.0-10.0s.png,1,Fall,SA18
/content/drive/MyDrive/datasets/Mosaic_ADL_2x2/Fall/SA18/F12_SA18_R02_T7.5-12.5s.png,1,Fall,SA18
/content/drive/MyDrive/datasets/Mosaic_ADL_2x2/Fall/SA18/F12_SA18_R02_T10.0-15.0s.png,1,Fall,SA18
/content/drive/MyDrive/datasets/Mosaic_ADL_2x2/Fall/SA18/F12_SA18_R03_T0.0-5.0s.png,1,Fall,SA18
/content/drive/MyDrive/datasets/Mosaic_ADL_2x2/Fall/SA18/F12_SA18_R03_T2.5-7.5s.png,1,Fall,SA18
/content/drive/MyDrive/datasets/Mosaic_ADL_2x2/Fall/SA18/F12_SA18_R03_T5.0-10.0s.png,1,Fall,SA18
/content/drive/MyDrive/datasets/Mosaic_ADL_2x2/Fall/SA18/F12_SA18_R03_T7.5-12.5s.png,1,Fall,SA18
/content/drive/MyDrive/datasets/Mosaic_ADL_2x2/Fall/SA18/F12_SA18_R03_T10.0-15.0s.png,1,Fall,SA18
/content/drive/MyDrive/datasets/Mosaic_ADL_2x2/Fall/SA18/F12_SA18_R04_T0.0-5.0s.png,1,Fall,SA18
/content/drive/MyDrive/datasets/Mosaic_ADL_2x2/Fall/SA18/F12_SA18_R04_T2.5-7.5s.png,1,Fall,SA18
/content/drive/MyDrive/datasets/Mosaic_ADL_2x2/Fall/SA18/F12_SA18_R04_T5.0-10.0s.png,1,Fall,SA18
/content/drive/MyDrive/datasets/Mosaic_ADL_2x2/Fall/SA18/F12_SA18_R04_T7.5-12.5s.png,1,Fall,SA18
/content/drive/MyDrive/datasets/Mosaic_ADL_2x2/Fall/SA18/F12_SA18_R04_T10.0-15.0s.png,1,Fall,SA18
/content/drive/MyDrive/datasets/Mosaic_ADL_2x2/Fall/SA18/F12_SA18_R05_T0.0-5.0s.png,1,Fall,SA18
/content/drive/MyDrive/datasets/Mosaic_ADL_2x2/Fall/SA18/F12_SA18_R05_T2.5-7.5s.png,1,Fall,SA18
/content/drive/MyDrive/datasets/Mosaic_ADL_2x2/Fall/SA18/F12_SA18_R05_T5.0-10.0s.png,1,Fall,SA18
/content/drive/MyDrive/datasets/Mosaic_ADL_2x2/Fall/SA18/F12_SA18_R05_T7.5-12.5s.png,1,Fall,SA18
/content/drive/MyDrive/datasets/Mosaic_ADL_2x2/Fall/SA18/F12_SA18_R05_T10.0-15.0s.png,1,Fall,SA18
/content/drive/MyDrive/datasets/Mosaic_ADL_2x2/Fall/SA18/F13_SA18_R01_T0.0-5.0s.png,1,Fall,SA18
/content/drive/MyDrive/datasets/Mosaic_ADL_2x2/Fall/SA18/F13_SA18_R01_T2.5-7.5s.png,1,Fall,SA18
/content/drive/MyDrive/datasets/Mosaic_ADL_2x2/Fall/SA18/F13_SA18_R01_T5.0-10.0s.png,1,Fall,SA18
/content/drive/MyDrive/datasets/Mosaic_ADL_2x2/Fall/SA18/F13_SA18_R01_T7.5-12.5s.png,1,Fall,SA18
/content/drive/MyDrive/datasets/Mosaic_ADL_2x2/Fall/SA18/F13_SA18_R01_T10.0-15.0s.png,1,Fall,SA18
/content/drive/MyDrive/datasets/Mosaic_ADL_2x2/Fall/SA18/F13_SA18_R02_T0.0-5.0s.png,1,Fall,SA18
/content/drive/MyDrive/datasets/Mosaic_ADL_2x2/Fall/SA18/F13_SA18_R02_T2.5-7.5s.png,1,Fall,SA18
/content/drive/MyDrive/datasets/Mosaic_ADL_2x2/Fall/SA18/F13_SA18_R02_T5.0-10.0s.png,1,Fall,SA18
/content/drive/MyDrive/datasets/Mosaic_ADL_2x2/Fall/SA18/F13_SA18_R02_T7.5-12.5s.png,1,Fall,SA18
/content/drive/MyDrive/datasets/Mosaic_ADL_2x2/Fall/SA18/F13_SA18_R02_T10.0-15.0s.png,1,Fall,SA18
/content/drive/MyDrive/datasets/Mosaic_ADL_2x2/Fall/SA18/F13_SA18_R03_T0.0-5.0s.png,1,Fall,SA18
/content/drive/MyDrive/datasets/Mosaic_ADL_2x2/Fall/SA18/F13_SA18_R03_T2.5-7.5s.png,1,Fall,SA18
/content/drive/MyDrive/datasets/Mosaic_ADL_2x2/Fall/SA18/F13_SA18_R03_T5.0-10.0s.png,1,Fall,SA18
/content/drive/MyDrive/datasets/Mosaic_ADL_2x2/Fall/SA18/F13_SA18_R03_T7.5-12.5s.png,1,Fall,SA18
/content/drive/MyDrive/datasets/Mosaic_ADL_2x2/Fall/SA18/F13_SA18_R03_T10.0-15.0s.png,1,Fall,SA18
/content/drive/MyDrive/datasets/Mosaic_ADL_2x2/Fall/SA18/F13_SA18_R04_T0.0-5.0s.png,1,Fall,SA18
/content/drive/MyDrive/datasets/Mosaic_ADL_2x2/Fall/SA18/F13_SA18_R04_T2.5-7.5s.png,1,Fall,SA18
/content/drive/MyDrive/datasets/Mosaic_ADL_2x2/Fall/SA18/F13_SA18_R04_T5.0-10.0s.png,1,Fall,SA18
/content/drive/MyDrive/datasets/Mosaic_ADL_2x2/Fall/SA18/F13_SA18_R04_T7.5-12.5s.png,1,Fall,SA18
/content/drive/MyDrive/datasets/Mosaic_ADL_2x2/Fall/SA18/F13_SA18_R04_T10.0-15.0s.png,1,Fall,SA18
/content/drive/MyDrive/datasets/Mosaic_ADL_2x2/Fall/SA18/F13_SA18_R05_T0.0-5.0s.png,1,Fall,SA18
/content/drive/MyDrive/datasets/Mosaic_ADL_2x2/Fall/SA18/F13_SA18_R05_T2.5-7.5s.png,1,Fall,SA18
/content/drive/MyDrive/datasets/Mosaic_ADL_2x2/Fall/SA18/F13_SA18_R05_T5.0-10.0s.png,1,Fall,SA18
/content/drive/MyDrive/datasets/Mosaic_ADL_2x2/Fall/SA18/F13_SA18_R05_T7.5-12.5s.png,1,Fall,SA18
/content/drive/MyDrive/datasets/Mosaic_ADL_2x2/Fall/SA18/F13_SA18_R05_T10.0-15.0s.png,1,Fall,SA18
/content/drive/MyDrive/datasets/Mosaic_ADL_2x2/Fall/SA18/F14_SA18_R01_T0.0-5.0s.png,1,Fall,SA18
/content/drive/MyDrive/datasets/Mosaic_ADL_2x2/Fall/SA18/F14_SA18_R01_T2.5-7.5s.png,1,Fall,SA18
/content/drive/MyDrive/datasets/Mosaic_ADL_2x2/Fall/SA18/F14_SA18_R01_T5.0-10.0s.png,1,Fall,SA18
/content/drive/MyDrive/datasets/Mosaic_ADL_2x2/Fall/SA18/F14_SA18_R01_T7.5-12.5s.png,1,Fall,SA18
/content/drive/MyDrive/datasets/Mosaic_ADL_2x2/Fall/SA18/F14_SA18_R01_T10.0-15.0s.png,1,Fall,SA18
/content/drive/MyDrive/datasets/Mosaic_ADL_2x2/Fall/SA18/F14_SA18_R02_T0.0-5.0s.png,1,Fall,SA18
/content/drive/MyDrive/datasets/Mosaic_ADL_2x2/Fall/SA18/F14_SA18_R02_T2.5-7.5s.png,1,Fall,SA18
/content/drive/MyDrive/datasets/Mosaic_ADL_2x2/Fall/SA18/F14_SA18_R02_T5.0-10.0s.png,1,Fall,SA18
/content/drive/MyDrive/datasets/Mosaic_ADL_2x2/Fall/SA18/F14_SA18_R02_T7.5-12.5s.png,1,Fall,SA18
/content/drive/MyDrive/datasets/Mosaic_ADL_2x2/Fall/SA18/F14_SA18_R02_T10.0-15.0s.png,1,Fall,SA18
/content/drive/MyDrive/datasets/Mosaic_ADL_2x2/Fall/SA18/F14_SA18_R03_T0.0-5.0s.png,1,Fall,SA18
/content/drive/MyDrive/datasets/Mosaic_ADL_2x2/Fall/SA18/F14_SA18_R03_T2.5-7.5s.png,1,Fall,SA18
/content/drive/MyDrive/datasets/Mosaic_ADL_2x2/Fall/SA18/F14_SA18_R03_T5.0-10.0s.png,1,Fall,SA18
/content/drive/MyDrive/datasets/Mosaic_ADL_2x2/Fall/SA18/F14_SA18_R03_T7.5-12.5s.png,1,Fall,SA18
/content/drive/MyDrive/datasets/Mosaic_ADL_2x2/Fall/SA18/F14_SA18_R03_T10.0-15.0s.png,1,Fall,SA18
/content/drive/MyDrive/datasets/Mosaic_ADL_2x2/Fall/SA18/F14_SA18_R04_T0.0-5.0s.png,1,Fall,SA18
/content/drive/MyDrive/datasets/Mosaic_ADL_2x2/Fall/SA18/F14_SA18_R04_T2.5-7.5s.png,1,Fall,SA18
/content/drive/MyDrive/datasets/Mosaic_ADL_2x2/Fall/SA18/F14_SA18_R04_T5.0-10.0s.png,1,Fall,SA18
/content/drive/MyDrive/datasets/Mosaic_ADL_2x2/Fall/SA18/F14_SA18_R04_T7.5-12.5s.png,1,Fall,SA18
/content/drive/MyDrive/datasets/Mosaic_ADL_2x2/Fall/SA18/F14_SA18_R04_T10.0-15.0s.png,1,Fall,SA18
/content/drive/MyDrive/datasets/Mosaic_ADL_2x2/Fall/SA18/F14_SA18_R05_T0.0-5.0s.png,1,Fall,SA18
/content/drive/MyDrive/datasets/Mosaic_ADL_2x2/Fall/SA18/F14_SA18_R05_T2.5-7.5s.png,1,Fall,SA18
/content/drive/MyDrive/datasets/Mosaic_ADL_2x2/Fall/SA18/F14_SA18_R05_T5.0-10.0s.png,1,Fall,SA18
/content/drive/MyDrive/datasets/Mosaic_ADL_2x2/Fall/SA18/F14_SA18_R05_T7.5-12.5s.png,1,Fall,SA18
/content/drive/MyDrive/datasets/Mosaic_ADL_2x2/Fall/SA18/F14_SA18_R05_T10.0-15.0s.png,1,Fall,SA18
/content/drive/MyDrive/datasets/Mosaic_ADL_2x2/Fall/SA18/F15_SA18_R01_T0.0-5.0s.png,1,Fall,SA18
/content/drive/MyDrive/datasets/Mosaic_ADL_2x2/Fall/SA18/F15_SA18_R01_T2.5-7.5s.png,1,Fall,SA18
/content/drive/MyDrive/datasets/Mosaic_ADL_2x2/Fall/SA18/F15_SA18_R01_T5.0-10.0s.png,1,Fall,SA18
/content/drive/MyDrive/datasets/Mosaic_ADL_2x2/Fall/SA18/F15_SA18_R01_T7.5-12.5s.png,1,Fall,SA18
/content/drive/MyDrive/datasets/Mosaic_ADL_2x2/Fall/SA18/F15_SA18_R01_T10.0-15.0s.png,1,Fall,SA18
/content/drive/MyDrive/datasets/Mosaic_ADL_2x2/Fall/SA18/F15_SA18_R02_T0.0-5.0s.png,1,Fall,SA18
/content/drive/MyDrive/datasets/Mosaic_ADL_2x2/Fall/SA18/F15_SA18_R02_T2.5-7.5s.png,1,Fall,SA18
/content/drive/MyDrive/datasets/Mosaic_ADL_2x2/Fall/SA18/F15_SA18_R02_T5.0-10.0s.png,1,Fall,SA18
/content/drive/MyDrive/datasets/Mosaic_ADL_2x2/Fall/SA18/F15_SA18_R02_T7.5-12.5s.png,1,Fall,SA18
/content/drive/MyDrive/datasets/Mosaic_ADL_2x2/Fall/SA18/F15_SA18_R02_T10.0-15.0s.png,1,Fall,SA18
/content/drive/MyDrive/datasets/Mosaic_ADL_2x2/Fall/SA18/F15_SA18_R03_T0.0-5.0s.png,1,Fall,SA18
/content/drive/MyDrive/datasets/Mosaic_ADL_2x2/Fall/SA18/F15_SA18_R03_T2.5-7.5s.png,1,Fall,SA18
/content/drive/MyDrive/datasets/Mosaic_ADL_2x2/Fall/SA18/F15_SA18_R03_T5.0-10.0s.png,1,Fall,SA18
/content/drive/MyDrive/datasets/Mosaic_ADL_2x2/Fall/SA18/F15_SA18_R03_T7.5-12.5s.png,1,Fall,SA18
/content/drive/MyDrive/datasets/Mosaic_ADL_2x2/Fall/SA18/F15_SA18_R03_T10.0-15.0s.png,1,Fall,SA18
/content/drive/MyDrive/datasets/Mosaic_ADL_2x2/Fall/SA18/F15_SA18_R04_T0.0-5.0s.png,1,Fall,SA18
/content/drive/MyDrive/datasets/Mosaic_ADL_2x2/Fall/SA18/F15_SA18_R04_T2.5-7.5s.png,1,Fall,SA18
/content/drive/MyDrive/datasets/Mosaic_ADL_2x2/Fall/SA18/F15_SA18_R04_T5.0-10.0s.png,1,Fall,SA18
/content/drive/MyDrive/datasets/Mosaic_ADL_2x2/Fall/SA18/F15_SA18_R04_T7.5-12.5s.png,1,Fall,SA18
/content/drive/MyDrive/datasets/Mosaic_ADL_2x2/Fall/SA18/F15_SA18_R04_T10.0-15.0s.png,1,Fall,SA18
/content/drive/MyDrive/datasets/Mosaic_ADL_2x2/Fall/SA18/F15_SA18_R05_T0.0-5.0s.png,1,Fall,SA18
/content/drive/MyDrive/datasets/Mosaic_ADL_2x2/Fall/SA18/F15_SA18_R05_T2.5-7.5s.png,1,Fall,SA18
/content/drive/MyDrive/datasets/Mosaic_ADL_2x2/Fall/SA18/F15_SA18_R05_T5.0-10.0s.png,1,Fall,SA18
/content/drive/MyDrive/datasets/Mosaic_ADL_2x2/Fall/SA18/F15_SA18_R05_T7.5-12.5s.png,1,Fall,SA18
/content/drive/MyDrive/datasets/Mosaic_ADL_2x2/Fall/SA18/F15_SA18_R05_T10.0-15.0s.png,1,Fall,SA18
/content/drive/MyDrive/datasets/Mosaic_ADL_2x2/Fall/SA20/F01_SA20_R01_T0.0-5.0s.png,1,Fall,SA20
/content/drive/MyDrive/datasets/Mosaic_ADL_2x2/Fall/SA20/F01_SA20_R01_T2.5-7.5s.png,1,Fall,SA20
/content/drive/MyDrive/datasets/Mosaic_ADL_2x2/Fall/SA20/F01_SA20_R01_T5.0-10.0s.png,1,Fall,SA20
/content/drive/MyDrive/datasets/Mosaic_ADL_2x2/Fall/SA20/F01_SA20_R01_T7.5-12.5s.png,1,Fall,SA20
/content/drive/MyDrive/datasets/Mosaic_ADL_2x2/Fall/SA20/F01_SA20_R02_T0.0-5.0s.png,1,Fall,SA20
/content/drive/MyDrive/datasets/Mosaic_ADL_2x2/Fall/SA20/F01_SA20_R02_T2.5-7.5s.png,1,Fall,SA20
/content/drive/MyDrive/datasets/Mosaic_ADL_2x2/Fall/SA20/F01_SA20_R02_T5.0-10.0s.png,1,Fall,SA20
/content/drive/MyDrive/datasets/Mosaic_ADL_2x2/Fall/SA20/F01_SA20_R02_T7.5-12.5s.png,1,Fall,SA20
/content/drive/MyDrive/datasets/Mosaic_ADL_2x2/Fall/SA20/F01_SA20_R02_T10.0-15.0s.png,1,Fall,SA20
/content/drive/MyDrive/datasets/Mosaic_ADL_2x2/Fall/SA20/F01_SA20_R04_T0.0-5.0s.png,1,Fall,SA20
/content/drive/MyDrive/datasets/Mosaic_ADL_2x2/Fall/SA20/F01_SA20_R04_T2.5-7.5s.png,1,Fall,SA20
/content/drive/MyDrive/datasets/Mosaic_ADL_2x2/Fall/SA20/F01_SA20_R04_T5.0-10.0s.png,1,Fall,SA20
/content/drive/MyDrive/datasets/Mosaic_ADL_2x2/Fall/SA20/F01_SA20_R04_T7.5-12.5s.png,1,Fall,SA20
/content/drive/MyDrive/datasets/Mosaic_ADL_2x2/Fall/SA20/F01_SA20_R04_T10.0-15.0s.png,1,Fall,SA20
/content/drive/MyDrive/datasets/Mosaic_ADL_2x2/Fall/SA20/F01_SA20_R05_T0.0-5.0s.png,1,Fall,SA20
/content/drive/MyDrive/datasets/Mosaic_ADL_2x2/Fall/SA20/F01_SA20_R05_T2.5-7.5s.png,1,Fall,SA20
/content/drive/MyDrive/datasets/Mosaic_ADL_2x2/Fall/SA20/F01_SA20_R05_T5.0-10.0s.png,1,Fall,SA20
/content/drive/MyDrive/datasets/Mosaic_ADL_2x2/Fall/SA20/F01_SA20_R05_T7.5-12.5s.png,1,Fall,SA20
/content/drive/MyDrive/datasets/Mosaic_ADL_2x2/Fall/SA20/F01_SA20_R05_T10.0-15.0s.png,1,Fall,SA20
/content/drive/MyDrive/datasets/Mosaic_ADL_2x2/Fall/SA20/F02_SA20_R01_T0.0-5.0s.png,1,Fall,SA20
/content/drive/MyDrive/datasets/Mosaic_ADL_2x2/Fall/SA20/F02_SA20_R01_T2.5-7.5s.png,1,Fall,SA20
/content/drive/MyDrive/datasets/Mosaic_ADL_2x2/Fall/SA20/F02_SA20_R01_T5.0-10.0s.png,1,Fall,SA20
/content/drive/MyDrive/datasets/Mosaic_ADL_2x2/Fall/SA20/F02_SA20_R01_T7.5-12.5s.png,1,Fall,SA20
/content/drive/MyDrive/datasets/Mosaic_ADL_2x2/Fall/SA20/F02_SA20_R01_T10.0-15.0s.png,1,Fall,SA20
/content/drive/MyDrive/datasets/Mosaic_ADL_2x2/Fall/SA20/F02_SA20_R02_T0.0-5.0s.png,1,Fall,SA20
/content/drive/MyDrive/datasets/Mosaic_ADL_2x2/Fall/SA20/F02_SA20_R02_T2.5-7.5s.png,1,Fall,SA20
/content/drive/MyDrive/datasets/Mosaic_ADL_2x2/Fall/SA20/F02_SA20_R02_T5.0-10.0s.png,1,Fall,SA20
/content/drive/MyDrive/datasets/Mosaic_ADL_2x2/Fall/SA20/F02_SA20_R02_T7.5-12.5s.png,1,Fall,SA20
/content/drive/MyDrive/datasets/Mosaic_ADL_2x2/Fall/SA20/F02_SA20_R02_T10.0-15.0s.png,1,Fall,SA20
/content/drive/MyDrive/datasets/Mosaic_ADL_2x2/Fall/SA20/F02_SA20_R03_T0.0-5.0s.png,1,Fall,SA20
/content/drive/MyDrive/datasets/Mosaic_ADL_2x2/Fall/SA20/F02_SA20_R03_T2.5-7.5s.png,1,Fall,SA20
/content/drive/MyDrive/datasets/Mosaic_ADL_2x2/Fall/SA20/F02_SA20_R03_T5.0-10.0s.png,1,Fall,SA20
/content/drive/MyDrive/datasets/Mosaic_ADL_2x2/Fall/SA20/F02_SA20_R03_T7.5-12.5s.png,1,Fall,SA20
/content/drive/MyDrive/datasets/Mosaic_ADL_2x2/Fall/SA20/F02_SA20_R03_T10.0-15.0s.png,1,Fall,SA20
/content/drive/MyDrive/datasets/Mosaic_ADL_2x2/Fall/SA20/F02_SA20_R04_T0.0-5.0s.png,1,Fall,SA20
/content/drive/MyDrive/datasets/Mosaic_ADL_2x2/Fall/SA20/F02_SA20_R04_T2.5-7.5s.png,1,Fall,SA20
/content/drive/MyDrive/datasets/Mosaic_ADL_2x2/Fall/SA20/F02_SA20_R04_T5.0-10.0s.png,1,Fall,SA20
/content/drive/MyDrive/datasets/Mosaic_ADL_2x2/Fall/SA20/F02_SA20_R04_T7.5-12.5s.png,1,Fall,SA20
/content/drive/MyDrive/datasets/Mosaic_ADL_2x2/Fall/SA20/F02_SA20_R04_T10.0-15.0s.png,1,Fall,SA20
/content/drive/MyDrive/datasets/Mosaic_ADL_2x2/Fall/SA20/F02_SA20_R05_T0.0-5.0s.png,1,Fall,SA20
/content/drive/MyDrive/datasets/Mosaic_ADL_2x2/Fall/SA20/F02_SA20_R05_T2.5-7.5s.png,1,Fall,SA20
/content/drive/MyDrive/datasets/Mosaic_ADL_2x2/Fall/SA20/F02_SA20_R05_T5.0-10.0s.png,1,Fall,SA20
/content/drive/MyDrive/datasets/Mosaic_ADL_2x2/Fall/SA20/F02_SA20_R05_T7.5-12.5s.png,1,Fall,SA20
/content/drive/MyDrive/datasets/Mosaic_ADL_2x2/Fall/SA20/F03_SA20_R01_T0.0-5.0s.png,1,Fall,SA20
/content/drive/MyDrive/datasets/Mosaic_ADL_2x2/Fall/SA20/F03_SA20_R01_T2.5-7.5s.png,1,Fall,SA20
/content/drive/MyDrive/datasets/Mosaic_ADL_2x2/Fall/SA20/F03_SA20_R01_T5.0-10.0s.png,1,Fall,SA20
/content/drive/MyDrive/datasets/Mosaic_ADL_2x2/Fall/SA20/F03_SA20_R01_T7.5-12.5s.png,1,Fall,SA20
/content/drive/MyDrive/datasets/Mosaic_ADL_2x2/Fall/SA20/F03_SA20_R01_T10.0-15.0s.png,1,Fall,SA20
/content/drive/MyDrive/datasets/Mosaic_ADL_2x2/Fall/SA20/F03_SA20_R02_T0.0-5.0s.png,1,Fall,SA20
/content/drive/MyDrive/datasets/Mosaic_ADL_2x2/Fall/SA20/F03_SA20_R02_T2.5-7.5s.png,1,Fall,SA20
/content/drive/MyDrive/datasets/Mosaic_ADL_2x2/Fall/SA20/F03_SA20_R02_T5.0-10.0s.png,1,Fall,SA20
/content/drive/MyDrive/datasets/Mosaic_ADL_2x2/Fall/SA20/F03_SA20_R02_T7.5-12.5s.png,1,Fall,SA20
/content/drive/MyDrive/datasets/Mosaic_ADL_2x2/Fall/SA20/F03_SA20_R02_T10.0-15.0s.png,1,Fall,SA20
/content/drive/MyDrive/datasets/Mosaic_ADL_2x2/Fall/SA20/F03_SA20_R03_T0.0-5.0s.png,1,Fall,SA20
/content/drive/MyDrive/datasets/Mosaic_ADL_2x2/Fall/SA20/F03_SA20_R03_T2.5-7.5s.png,1,Fall,SA20
/content/drive/MyDrive/datasets/Mosaic_ADL_2x2/Fall/SA20/F03_SA20_R03_T5.0-10.0s.png,1,Fall,SA20
/content/drive/MyDrive/datasets/Mosaic_ADL_2x2/Fall/SA20/F03_SA20_R03_T7.5-12.5s.png,1,Fall,SA20
/content/drive/MyDrive/datasets/Mosaic_ADL_2x2/Fall/SA20/F03_SA20_R03_T10.0-15.0s.png,1,Fall,SA20
/content/drive/MyDrive/datasets/Mosaic_ADL_2x2/Fall/SA20/F03_SA20_R04_T0.0-5.0s.png,1,Fall,SA20
/content/drive/MyDrive/datasets/Mosaic_ADL_2x2/Fall/SA20/F03_SA20_R04_T2.5-7.5s.png,1,Fall,SA20
/content/drive/MyDrive/datasets/Mosaic_ADL_2x2/Fall/SA20/F03_SA20_R04_T5.0-10.0s.png,1,Fall,SA20
/content/drive/MyDrive/datasets/Mosaic_ADL_2x2/Fall/SA20/F03_SA20_R04_T7.5-12.5s.png,1,Fall,SA20
/content/drive/MyDrive/datasets/Mosaic_ADL_2x2/Fall/SA20/F03_SA20_R04_T10.0-15.0s.png,1,Fall,SA20
/content/drive/MyDrive/datasets/Mosaic_ADL_2x2/Fall/SA20/F03_SA20_R05_T0.0-5.0s.png,1,Fall,SA20
/content/drive/MyDrive/datasets/Mosaic_ADL_2x2/Fall/SA20/F03_SA20_R05_T2.5-7.5s.png,1,Fall,SA20
/content/drive/MyDrive/datasets/Mosaic_ADL_2x2/Fall/SA20/F03_SA20_R05_T5.0-10.0s.png,1,Fall,SA20
/content/drive/MyDrive/datasets/Mosaic_ADL_2x2/Fall/SA20/F03_SA20_R05_T7.5-12.5s.png,1,Fall,SA20
/content/drive/MyDrive/datasets/Mosaic_ADL_2x2/Fall/SA20/F04_SA20_R01_T0.0-5.0s.png,1,Fall,SA20
/content/drive/MyDrive/datasets/Mosaic_ADL_2x2/Fall/SA20/F04_SA20_R01_T2.5-7.5s.png,1,Fall,SA20
/content/drive/MyDrive/datasets/Mosaic_ADL_2x2/Fall/SA20/F04_SA20_R01_T5.0-10.0s.png,1,Fall,SA20
/content/drive/MyDrive/datasets/Mosaic_ADL_2x2/Fall/SA20/F04_SA20_R01_T7.5-12.5s.png,1,Fall,SA20
/content/drive/MyDrive/datasets/Mosaic_ADL_2x2/Fall/SA20/F04_SA20_R01_T10.0-15.0s.png,1,Fall,SA20
/content/drive/MyDrive/datasets/Mosaic_ADL_2x2/Fall/SA20/F04_SA20_R02_T0.0-5.0s.png,1,Fall,SA20
/content/drive/MyDrive/datasets/Mosaic_ADL_2x2/Fall/SA20/F04_SA20_R02_T2.5-7.5s.png,1,Fall,SA20
/content/drive/MyDrive/datasets/Mosaic_ADL_2x2/Fall/SA20/F04_SA20_R02_T5.0-10.0s.png,1,Fall,SA20
/content/drive/MyDrive/datasets/Mosaic_ADL_2x2/Fall/SA20/F04_SA20_R02_T7.5-12.5s.png,1,Fall,SA20
/content/drive/MyDrive/datasets/Mosaic_ADL_2x2/Fall/SA20/F04_SA20_R02_T10.0-15.0s.png,1,Fall,SA20
/content/drive/MyDrive/datasets/Mosaic_ADL_2x2/Fall/SA20/F04_SA20_R03_T0.0-5.0s.png,1,Fall,SA20
/content/drive/MyDrive/datasets/Mosaic_ADL_2x2/Fall/SA20/F04_SA20_R03_T2.5-7.5s.png,1,Fall,SA20
/content/drive/MyDrive/datasets/Mosaic_ADL_2x2/Fall/SA20/F04_SA20_R03_T5.0-10.0s.png,1,Fall,SA20
/content/drive/MyDrive/datasets/Mosaic_ADL_2x2/Fall/SA20/F04_SA20_R03_T7.5-12.5s.png,1,Fall,SA20
/content/drive/MyDrive/datasets/Mosaic_ADL_2x2/Fall/SA20/F04_SA20_R03_T10.0-15.0s.png,1,Fall,SA20
/content/drive/MyDrive/datasets/Mosaic_ADL_2x2/Fall/SA20/F04_SA20_R04_T0.0-5.0s.png,1,Fall,SA20
/content/drive/MyDrive/datasets/Mosaic_ADL_2x2/Fall/SA20/F04_SA20_R04_T2.5-7.5s.png,1,Fall,SA20
/content/drive/MyDrive/datasets/Mosaic_ADL_2x2/Fall/SA20/F04_SA20_R04_T5.0-10.0s.png,1,Fall,SA20
/content/drive/MyDrive/datasets/Mosaic_ADL_2x2/Fall/SA20/F04_SA20_R04_T7.5-12.5s.png,1,Fall,SA20
/content/drive/MyDrive/datasets/Mosaic_ADL_2x2/Fall/SA20/F04_SA20_R04_T10.0-15.0s.png,1,Fall,SA20
/content/drive/MyDrive/datasets/Mosaic_ADL_2x2/Fall/SA20/F04_SA20_R05_T0.0-5.0s.png,1,Fall,SA20
/content/drive/MyDrive/datasets/Mosaic_ADL_2x2/Fall/SA20/F04_SA20_R05_T2.5-7.5s.png,1,Fall,SA20
/content/drive/MyDrive/datasets/Mosaic_ADL_2x2/Fall/SA20/F04_SA20_R05_T5.0-10.0s.png,1,Fall,SA20
/content/drive/MyDrive/datasets/Mosaic_ADL_2x2/Fall/SA20/F04_SA20_R05_T7.5-12.5s.png,1,Fall,SA20
/content/drive/MyDrive/datasets/Mosaic_ADL_2x2/Fall/SA20/F04_SA20_R05_T10.0-15.0s.png,1,Fall,SA20
/content/drive/MyDrive/datasets/Mosaic_ADL_2x2/Fall/SA20/F05_SA20_R01_T0.0-5.0s.png,1,Fall,SA20
/content/drive/MyDrive/datasets/Mosaic_ADL_2x2/Fall/SA20/F05_SA20_R01_T2.5-7.5s.png,1,Fall,SA20
/content/drive/MyDrive/datasets/Mosaic_ADL_2x2/Fall/SA20/F05_SA20_R01_T5.0-10.0s.png,1,Fall,SA20
/content/drive/MyDrive/datasets/Mosaic_ADL_2x2/Fall/SA20/F05_SA20_R01_T7.5-12.5s.png,1,Fall,SA20
/content/drive/MyDrive/datasets/Mosaic_ADL_2x2/Fall/SA20/F05_SA20_R01_T10.0-15.0s.png,1,Fall,SA20
/content/drive/MyDrive/datasets/Mosaic_ADL_2x2/Fall/SA20/F05_SA20_R02_T0.0-5.0s.png,1,Fall,SA20
/content/drive/MyDrive/datasets/Mosaic_ADL_2x2/Fall/SA20/F05_SA20_R02_T2.5-7.5s.png,1,Fall,SA20
/content/drive/MyDrive/datasets/Mosaic_ADL_2x2/Fall/SA20/F05_SA20_R02_T5.0-10.0s.png,1,Fall,SA20
/content/drive/MyDrive/datasets/Mosaic_ADL_2x2/Fall/SA20/F05_SA20_R02_T7.5-12.5s.png,1,Fall,SA20
/content/drive/MyDrive/datasets/Mosaic_ADL_2x2/Fall/SA20/F05_SA20_R02_T10.0-15.0s.png,1,Fall,SA20
/content/drive/MyDrive/datasets/Mosaic_ADL_2x2/Fall/SA20/F05_SA20_R03_T0.0-5.0s.png,1,Fall,SA20
/content/drive/MyDrive/datasets/Mosaic_ADL_2x2/Fall/SA20/F05_SA20_R03_T2.5-7.5s.png,1,Fall,SA20
/content/drive/MyDrive/datasets/Mosaic_ADL_2x2/Fall/SA20/F05_SA20_R03_T5.0-10.0s.png,1,Fall,SA20
/content/drive/MyDrive/datasets/Mosaic_ADL_2x2/Fall/SA20/F05_SA20_R03_T7.5-12.5s.png,1,Fall,SA20
/content/drive/MyDrive/datasets/Mosaic_ADL_2x2/Fall/SA20/F05_SA20_R03_T10.0-15.0s.png,1,Fall,SA20
/content/drive/MyDrive/datasets/Mosaic_ADL_2x2/Fall/SA20/F05_SA20_R04_T0.0-5.0s.png,1,Fall,SA20
/content/drive/MyDrive/datasets/Mosaic_ADL_2x2/Fall/SA20/F05_SA20_R04_T2.5-7.5s.png,1,Fall,SA20
/content/drive/MyDrive/datasets/Mosaic_ADL_2x2/Fall/SA20/F05_SA20_R04_T5.0-10.0s.png,1,Fall,SA20
/content/drive/MyDrive/datasets/Mosaic_ADL_2x2/Fall/SA20/F05_SA20_R04_T7.5-12.5s.png,1,Fall,SA20
/content/drive/MyDrive/datasets/Mosaic_ADL_2x2/Fall/SA20/F05_SA20_R04_T10.0-15.0s.png,1,Fall,SA20
/content/drive/MyDrive/datasets/Mosaic_ADL_2x2/Fall/SA20/F05_SA20_R05_T0.0-5.0s.png,1,Fall,SA20
/content/drive/MyDrive/datasets/Mosaic_ADL_2x2/Fall/SA20/F05_SA20_R05_T2.5-7.5s.png,1,Fall,SA20
/content/drive/MyDrive/datasets/Mosaic_ADL_2x2/Fall/SA20/F05_SA20_R05_T5.0-10.0s.png,1,Fall,SA20
/content/drive/MyDrive/datasets/Mosaic_ADL_2x2/Fall/SA20/F05_SA20_R05_T7.5-12.5s.png,1,Fall,SA20
/content/drive/MyDrive/datasets/Mosaic_ADL_2x2/Fall/SA20/F05_SA20_R05_T10.0-15.0s.png,1,Fall,SA20
/content/drive/MyDrive/datasets/Mosaic_ADL_2x2/Fall/SA20/F06_SA20_R01_T0.0-5.0s.png,1,Fall,SA20
/content/drive/MyDrive/datasets/Mosaic_ADL_2x2/Fall/SA20/F06_SA20_R01_T2.5-7.5s.png,1,Fall,SA20
/content/drive/MyDrive/datasets/Mosaic_ADL_2x2/Fall/SA20/F06_SA20_R01_T5.0-10.0s.png,1,Fall,SA20
/content/drive/MyDrive/datasets/Mosaic_ADL_2x2/Fall/SA20/F06_SA20_R01_T7.5-12.5s.png,1,Fall,SA20
/content/drive/MyDrive/datasets/Mosaic_ADL_2x2/Fall/SA20/F06_SA20_R02_T0.0-5.0s.png,1,Fall,SA20
/content/drive/MyDrive/datasets/Mosaic_ADL_2x2/Fall/SA20/F06_SA20_R02_T2.5-7.5s.png,1,Fall,SA20
/content/drive/MyDrive/datasets/Mosaic_ADL_2x2/Fall/SA20/F06_SA20_R02_T5.0-10.0s.png,1,Fall,SA20
/content/drive/MyDrive/datasets/Mosaic_ADL_2x2/Fall/SA20/F06_SA20_R02_T7.5-12.5s.png,1,Fall,SA20
/content/drive/MyDrive/datasets/Mosaic_ADL_2x2/Fall/SA20/F06_SA20_R02_T10.0-15.0s.png,1,Fall,SA20
/content/drive/MyDrive/datasets/Mosaic_ADL_2x2/Fall/SA20/F06_SA20_R03_T0.0-5.0s.png,1,Fall,SA20
/content/drive/MyDrive/datasets/Mosaic_ADL_2x2/Fall/SA20/F06_SA20_R03_T2.5-7.5s.png,1,Fall,SA20
/content/drive/MyDrive/datasets/Mosaic_ADL_2x2/Fall/SA20/F06_SA20_R03_T5.0-10.0s.png,1,Fall,SA20
/content/drive/MyDrive/datasets/Mosaic_ADL_2x2/Fall/SA20/F06_SA20_R03_T7.5-12.5s.png,1,Fall,SA20
/content/drive/MyDrive/datasets/Mosaic_ADL_2x2/Fall/SA20/F06_SA20_R03_T10.0-15.0s.png,1,Fall,SA20
/content/drive/MyDrive/datasets/Mosaic_ADL_2x2/Fall/SA20/F06_SA20_R04_T0.0-5.0s.png,1,Fall,SA20
/content/drive/MyDrive/datasets/Mosaic_ADL_2x2/Fall/SA20/F06_SA20_R04_T2.5-7.5s.png,1,Fall,SA20
/content/drive/MyDrive/datasets/Mosaic_ADL_2x2/Fall/SA20/F06_SA20_R04_T5.0-10.0s.png,1,Fall,SA20
/content/drive/MyDrive/datasets/Mosaic_ADL_2x2/Fall/SA20/F06_SA20_R04_T7.5-12.5s.png,1,Fall,SA20
/content/drive/MyDrive/datasets/Mosaic_ADL_2x2/Fall/SA20/F06_SA20_R04_T10.0-15.0s.png,1,Fall,SA20
/content/drive/MyDrive/datasets/Mosaic_ADL_2x2/Fall/SA20/F06_SA20_R05_T0.0-5.0s.png,1,Fall,SA20
/content/drive/MyDrive/datasets/Mosaic_ADL_2x2/Fall/SA20/F06_SA20_R05_T2.5-7.5s.png,1,Fall,SA20
/content/drive/MyDrive/datasets/Mosaic_ADL_2x2/Fall/SA20/F06_SA20_R05_T5.0-10.0s.png,1,Fall,SA20
/content/drive/MyDrive/datasets/Mosaic_ADL_2x2/Fall/SA20/F06_SA20_R05_T7.5-12.5s.png,1,Fall,SA20
/content/drive/MyDrive/datasets/Mosaic_ADL_2x2/Fall/SA20/F06_SA20_R05_T10.0-15.0s.png,1,Fall,SA20
/content/drive/MyDrive/datasets/Mosaic_ADL_2x2/Fall/SA20/F07_SA20_R01_T0.0-5.0s.png,1,Fall,SA20
/content/drive/MyDrive/datasets/Mosaic_ADL_2x2/Fall/SA20/F07_SA20_R01_T2.5-7.5s.png,1,Fall,SA20
/content/drive/MyDrive/datasets/Mosaic_ADL_2x2/Fall/SA20/F07_SA20_R01_T5.0-10.0s.png,1,Fall,SA20
/content/drive/MyDrive/datasets/Mosaic_ADL_2x2/Fall/SA20/F07_SA20_R01_T7.5-12.5s.png,1,Fall,SA20
/content/drive/MyDrive/datasets/Mosaic_ADL_2x2/Fall/SA20/F07_SA20_R01_T10.0-15.0s.png,1,Fall,SA20
/content/drive/MyDrive/datasets/Mosaic_ADL_2x2/Fall/SA20/F07_SA20_R02_T0.0-5.0s.png,1,Fall,SA20
/content/drive/MyDrive/datasets/Mosaic_ADL_2x2/Fall/SA20/F07_SA20_R02_T2.5-7.5s.png,1,Fall,SA20
/content/drive/MyDrive/datasets/Mosaic_ADL_2x2/Fall/SA20/F07_SA20_R02_T5.0-10.0s.png,1,Fall,SA20
/content/drive/MyDrive/datasets/Mosaic_ADL_2x2/Fall/SA20/F07_SA20_R02_T7.5-12.5s.png,1,Fall,SA20
/content/drive/MyDrive/datasets/Mosaic_ADL_2x2/Fall/SA20/F07_SA20_R02_T10.0-15.0s.png,1,Fall,SA20
/content/drive/MyDrive/datasets/Mosaic_ADL_2x2/Fall/SA20/F07_SA20_R03_T0.0-5.0s.png,1,Fall,SA20
/content/drive/MyDrive/datasets/Mosaic_ADL_2x2/Fall/SA20/F07_SA20_R03_T2.5-7.5s.png,1,Fall,SA20
/content/drive/MyDrive/datasets/Mosaic_ADL_2x2/Fall/SA20/F07_SA20_R03_T5.0-10.0s.png,1,Fall,SA20
/content/drive/MyDrive/datasets/Mosaic_ADL_2x2/Fall/SA20/F07_SA20_R03_T7.5-12.5s.png,1,Fall,SA20
/content/drive/MyDrive/datasets/Mosaic_ADL_2x2/Fall/SA20/F07_SA20_R03_T10.0-15.0s.png,1,Fall,SA20
/content/drive/MyDrive/datasets/Mosaic_ADL_2x2/Fall/SA20/F07_SA20_R04_T0.0-5.0s.png,1,Fall,SA20
/content/drive/MyDrive/datasets/Mosaic_ADL_2x2/Fall/SA20/F07_SA20_R04_T2.5-7.5s.png,1,Fall,SA20
/content/drive/MyDrive/datasets/Mosaic_ADL_2x2/Fall/SA20/F07_SA20_R04_T5.0-10.0s.png,1,Fall,SA20
/content/drive/MyDrive/datasets/Mosaic_ADL_2x2/Fall/SA20/F07_SA20_R04_T7.5-12.5s.png,1,Fall,SA20
/content/drive/MyDrive/datasets/Mosaic_ADL_2x2/Fall/SA20/F07_SA20_R04_T10.0-15.0s.png,1,Fall,SA20
/content/drive/MyDrive/datasets/Mosaic_ADL_2x2/Fall/SA20/F07_SA20_R05_T0.0-5.0s.png,1,Fall,SA20
/content/drive/MyDrive/datasets/Mosaic_ADL_2x2/Fall/SA20/F07_SA20_R05_T2.5-7.5s.png,1,Fall,SA20
/content/drive/MyDrive/datasets/Mosaic_ADL_2x2/Fall/SA20/F07_SA20_R05_T5.0-10.0s.png,1,Fall,SA20
/content/drive/MyDrive/datasets/Mosaic_ADL_2x2/Fall/SA20/F07_SA20_R05_T7.5-12.5s.png,1,Fall,SA20
/content/drive/MyDrive/datasets/Mosaic_ADL_2x2/Fall/SA20/F08_SA20_R01_T0.0-5.0s.png,1,Fall,SA20
/content/drive/MyDrive/datasets/Mosaic_ADL_2x2/Fall/SA20/F08_SA20_R01_T2.5-7.5s.png,1,Fall,SA20
/content/drive/MyDrive/datasets/Mosaic_ADL_2x2/Fall/SA20/F08_SA20_R01_T5.0-10.0s.png,1,Fall,SA20
/content/drive/MyDrive/datasets/Mosaic_ADL_2x2/Fall/SA20/F08_SA20_R01_T7.5-12.5s.png,1,Fall,SA20
/content/drive/MyDrive/datasets/Mosaic_ADL_2x2/Fall/SA20/F08_SA20_R01_T10.0-15.0s.png,1,Fall,SA20
/content/drive/MyDrive/datasets/Mosaic_ADL_2x2/Fall/SA20/F08_SA20_R02_T0.0-5.0s.png,1,Fall,SA20
/content/drive/MyDrive/datasets/Mosaic_ADL_2x2/Fall/SA20/F08_SA20_R02_T2.5-7.5s.png,1,Fall,SA20
/content/drive/MyDrive/datasets/Mosaic_ADL_2x2/Fall/SA20/F08_SA20_R02_T5.0-10.0s.png,1,Fall,SA20
/content/drive/MyDrive/datasets/Mosaic_ADL_2x2/Fall/SA20/F08_SA20_R02_T7.5-12.5s.png,1,Fall,SA20
/content/drive/MyDrive/datasets/Mosaic_ADL_2x2/Fall/SA20/F08_SA20_R02_T10.0-15.0s.png,1,Fall,SA20
/content/drive/MyDrive/datasets/Mosaic_ADL_2x2/Fall/SA20/F08_SA20_R03_T0.0-5.0s.png,1,Fall,SA20
/content/drive/MyDrive/datasets/Mosaic_ADL_2x2/Fall/SA20/F08_SA20_R03_T2.5-7.5s.png,1,Fall,SA20
/content/drive/MyDrive/datasets/Mosaic_ADL_2x2/Fall/SA20/F08_SA20_R03_T5.0-10.0s.png,1,Fall,SA20
/content/drive/MyDrive/datasets/Mosaic_ADL_2x2/Fall/SA20/F08_SA20_R03_T7.5-12.5s.png,1,Fall,SA20
/content/drive/MyDrive/datasets/Mosaic_ADL_2x2/Fall/SA20/F08_SA20_R03_T10.0-15.0s.png,1,Fall,SA20
/content/drive/MyDrive/datasets/Mosaic_ADL_2x2/Fall/SA20/F08_SA20_R04_T0.0-5.0s.png,1,Fall,SA20
/content/drive/MyDrive/datasets/Mosaic_ADL_2x2/Fall/SA20/F08_SA20_R04_T2.5-7.5s.png,1,Fall,SA20
/content/drive/MyDrive/datasets/Mosaic_ADL_2x2/Fall/SA20/F08_SA20_R04_T5.0-10.0s.png,1,Fall,SA20
/content/drive/MyDrive/datasets/Mosaic_ADL_2x2/Fall/SA20/F08_SA20_R04_T7.5-12.5s.png,1,Fall,SA20
/content/drive/MyDrive/datasets/Mosaic_ADL_2x2/Fall/SA20/F08_SA20_R04_T10.0-15.0s.png,1,Fall,SA20
/content/drive/MyDrive/datasets/Mosaic_ADL_2x2/Fall/SA20/F08_SA20_R05_T0.0-5.0s.png,1,Fall,SA20
/content/drive/MyDrive/datasets/Mosaic_ADL_2x2/Fall/SA20/F08_SA20_R05_T2.5-7.5s.png,1,Fall,SA20
/content/drive/MyDrive/datasets/Mosaic_ADL_2x2/Fall/SA20/F08_SA20_R05_T5.0-10.0s.png,1,Fall,SA20
/content/drive/MyDrive/datasets/Mosaic_ADL_2x2/Fall/SA20/F08_SA20_R05_T7.5-12.5s.png,1,Fall,SA20
/content/drive/MyDrive/datasets/Mosaic_ADL_2x2/Fall/SA20/F09_SA20_R01_T0.0-5.0s.png,1,Fall,SA20
/content/drive/MyDrive/datasets/Mosaic_ADL_2x2/Fall/SA20/F09_SA20_R01_T2.5-7.5s.png,1,Fall,SA20
/content/drive/MyDrive/datasets/Mosaic_ADL_2x2/Fall/SA20/F09_SA20_R01_T5.0-10.0s.png,1,Fall,SA20
/content/drive/MyDrive/datasets/Mosaic_ADL_2x2/Fall/SA20/F09_SA20_R01_T7.5-12.5s.png,1,Fall,SA20
/content/drive/MyDrive/datasets/Mosaic_ADL_2x2/Fall/SA20/F09_SA20_R01_T10.0-15.0s.png,1,Fall,SA20
/content/drive/MyDrive/datasets/Mosaic_ADL_2x2/Fall/SA20/F09_SA20_R02_T0.0-5.0s.png,1,Fall,SA20
/content/drive/MyDrive/datasets/Mosaic_ADL_2x2/Fall/SA20/F09_SA20_R02_T2.5-7.5s.png,1,Fall,SA20
/content/drive/MyDrive/datasets/Mosaic_ADL_2x2/Fall/SA20/F09_SA20_R02_T5.0-10.0s.png,1,Fall,SA20
/content/drive/MyDrive/datasets/Mosaic_ADL_2x2/Fall/SA20/F09_SA20_R02_T7.5-12.5s.png,1,Fall,SA20
/content/drive/MyDrive/datasets/Mosaic_ADL_2x2/Fall/SA20/F09_SA20_R02_T10.0-15.0s.png,1,Fall,SA20
/content/drive/MyDrive/datasets/Mosaic_ADL_2x2/Fall/SA20/F09_SA20_R03_T0.0-5.0s.png,1,Fall,SA20
/content/drive/MyDrive/datasets/Mosaic_ADL_2x2/Fall/SA20/F09_SA20_R03_T2.5-7.5s.png,1,Fall,SA20
/content/drive/MyDrive/datasets/Mosaic_ADL_2x2/Fall/SA20/F09_SA20_R03_T5.0-10.0s.png,1,Fall,SA20
/content/drive/MyDrive/datasets/Mosaic_ADL_2x2/Fall/SA20/F09_SA20_R03_T7.5-12.5s.png,1,Fall,SA20
/content/drive/MyDrive/datasets/Mosaic_ADL_2x2/Fall/SA20/F09_SA20_R03_T10.0-15.0s.png,1,Fall,SA20
/content/drive/MyDrive/datasets/Mosaic_ADL_2x2/Fall/SA20/F09_SA20_R04_T0.0-5.0s.png,1,Fall,SA20
/content/drive/MyDrive/datasets/Mosaic_ADL_2x2/Fall/SA20/F09_SA20_R04_T2.5-7.5s.png,1,Fall,SA20
/content/drive/MyDrive/datasets/Mosaic_ADL_2x2/Fall/SA20/F09_SA20_R04_T5.0-10.0s.png,1,Fall,SA20
/content/drive/MyDrive/datasets/Mosaic_ADL_2x2/Fall/SA20/F09_SA20_R04_T7.5-12.5s.png,1,Fall,SA20
/content/drive/MyDrive/datasets/Mosaic_ADL_2x2/Fall/SA20/F09_SA20_R04_T10.0-15.0s.png,1,Fall,SA20
/content/drive/MyDrive/datasets/Mosaic_ADL_2x2/Fall/SA20/F09_SA20_R05_T0.0-5.0s.png,1,Fall,SA20
/content/drive/MyDrive/datasets/Mosaic_ADL_2x2/Fall/SA20/F09_SA20_R05_T2.5-7.5s.png,1,Fall,SA20
/content/drive/MyDrive/datasets/Mosaic_ADL_2x2/Fall/SA20/F09_SA20_R05_T5.0-10.0s.png,1,Fall,SA20
/content/drive/MyDrive/datasets/Mosaic_ADL_2x2/Fall/SA20/F09_SA20_R05_T7.5-12.5s.png,1,Fall,SA20
/content/drive/MyDrive/datasets/Mosaic_ADL_2x2/Fall/SA20/F09_SA20_R05_T10.0-15.0s.png,1,Fall,SA20
/content/drive/MyDrive/datasets/Mosaic_ADL_2x2/Fall/SA20/F10_SA20_R01_T0.0-5.0s.png,1,Fall,SA20
/content/drive/MyDrive/datasets/Mosaic_ADL_2x2/Fall/SA20/F10_SA20_R01_T2.5-7.5s.png,1,Fall,SA20
/content/drive/MyDrive/datasets/Mosaic_ADL_2x2/Fall/SA20/F10_SA20_R01_T5.0-10.0s.png,1,Fall,SA20
/content/drive/MyDrive/datasets/Mosaic_ADL_2x2/Fall/SA20/F10_SA20_R01_T7.5-12.5s.png,1,Fall,SA20
/content/drive/MyDrive/datasets/Mosaic_ADL_2x2/Fall/SA20/F10_SA20_R01_T10.0-15.0s.png,1,Fall,SA20
/content/drive/MyDrive/datasets/Mosaic_ADL_2x2/Fall/SA20/F10_SA20_R02_T0.0-5.0s.png,1,Fall,SA20
/content/drive/MyDrive/datasets/Mosaic_ADL_2x2/Fall/SA20/F10_SA20_R02_T2.5-7.5s.png,1,Fall,SA20
/content/drive/MyDrive/datasets/Mosaic_ADL_2x2/Fall/SA20/F10_SA20_R02_T5.0-10.0s.png,1,Fall,SA20
/content/drive/MyDrive/datasets/Mosaic_ADL_2x2/Fall/SA20/F10_SA20_R02_T7.5-12.5s.png,1,Fall,SA20
/content/drive/MyDrive/datasets/Mosaic_ADL_2x2/Fall/SA20/F10_SA20_R02_T10.0-15.0s.png,1,Fall,SA20
/content/drive/MyDrive/datasets/Mosaic_ADL_2x2/Fall/SA20/F10_SA20_R03_T0.0-5.0s.png,1,Fall,SA20
/content/drive/MyDrive/datasets/Mosaic_ADL_2x2/Fall/SA20/F10_SA20_R03_T2.5-7.5s.png,1,Fall,SA20
/content/drive/MyDrive/datasets/Mosaic_ADL_2x2/Fall/SA20/F10_SA20_R03_T5.0-10.0s.png,1,Fall,SA20
/content/drive/MyDrive/datasets/Mosaic_ADL_2x2/Fall/SA20/F10_SA20_R03_T7.5-12.5s.png,1,Fall,SA20
/content/drive/MyDrive/datasets/Mosaic_ADL_2x2/Fall/SA20/F10_SA20_R03_T10.0-15.0s.png,1,Fall,SA20
/content/drive/MyDrive/datasets/Mosaic_ADL_2x2/Fall/SA20/F10_SA20_R05_T0.0-5.0s.png,1,Fall,SA20
/content/drive/MyDrive/datasets/Mosaic_ADL_2x2/Fall/SA20/F10_SA20_R05_T2.5-7.5s.png,1,Fall,SA20
/content/drive/MyDrive/datasets/Mosaic_ADL_2x2/Fall/SA20/F10_SA20_R05_T5.0-10.0s.png,1,Fall,SA20
/content/drive/MyDrive/datasets/Mosaic_ADL_2x2/Fall/SA20/F10_SA20_R05_T7.5-12.5s.png,1,Fall,SA20
/content/drive/MyDrive/datasets/Mosaic_ADL_2x2/Fall/SA20/F10_SA20_R05_T10.0-15.0s.png,1,Fall,SA20
/content/drive/MyDrive/datasets/Mosaic_ADL_2x2/Fall/SA20/F11_SA20_R01_T0.0-5.0s.png,1,Fall,SA20
/content/drive/MyDrive/datasets/Mosaic_ADL_2x2/Fall/SA20/F11_SA20_R01_T2.5-7.5s.png,1,Fall,SA20
/content/drive/MyDrive/datasets/Mosaic_ADL_2x2/Fall/SA20/F11_SA20_R01_T5.0-10.0s.png,1,Fall,SA20
/content/drive/MyDrive/datasets/Mosaic_ADL_2x2/Fall/SA20/F11_SA20_R01_T7.5-12.5s.png,1,Fall,SA20
/content/drive/MyDrive/datasets/Mosaic_ADL_2x2/Fall/SA20/F11_SA20_R02_T0.0-5.0s.png,1,Fall,SA20
/content/drive/MyDrive/datasets/Mosaic_ADL_2x2/Fall/SA20/F11_SA20_R02_T2.5-7.5s.png,1,Fall,SA20
/content/drive/MyDrive/datasets/Mosaic_ADL_2x2/Fall/SA20/F11_SA20_R02_T5.0-10.0s.png,1,Fall,SA20
/content/drive/MyDrive/datasets/Mosaic_ADL_2x2/Fall/SA20/F11_SA20_R02_T7.5-12.5s.png,1,Fall,SA20
/content/drive/MyDrive/datasets/Mosaic_ADL_2x2/Fall/SA20/F11_SA20_R02_T10.0-15.0s.png,1,Fall,SA20
/content/drive/MyDrive/datasets/Mosaic_ADL_2x2/Fall/SA20/F11_SA20_R03_T0.0-5.0s.png,1,Fall,SA20
/content/drive/MyDrive/datasets/Mosaic_ADL_2x2/Fall/SA20/F11_SA20_R03_T2.5-7.5s.png,1,Fall,SA20
/content/drive/MyDrive/datasets/Mosaic_ADL_2x2/Fall/SA20/F11_SA20_R03_T5.0-10.0s.png,1,Fall,SA20
/content/drive/MyDrive/datasets/Mosaic_ADL_2x2/Fall/SA20/F11_SA20_R03_T7.5-12.5s.png,1,Fall,SA20
/content/drive/MyDrive/datasets/Mosaic_ADL_2x2/Fall/SA20/F11_SA20_R03_T10.0-15.0s.png,1,Fall,SA20
/content/drive/MyDrive/datasets/Mosaic_ADL_2x2/Fall/SA20/F11_SA20_R04_T0.0-5.0s.png,1,Fall,SA20
/content/drive/MyDrive/datasets/Mosaic_ADL_2x2/Fall/SA20/F11_SA20_R04_T2.5-7.5s.png,1,Fall,SA20
/content/drive/MyDrive/datasets/Mosaic_ADL_2x2/Fall/SA20/F11_SA20_R04_T5.0-10.0s.png,1,Fall,SA20
/content/drive/MyDrive/datasets/Mosaic_ADL_2x2/Fall/SA20/F11_SA20_R04_T7.5-12.5s.png,1,Fall,SA20
/content/drive/MyDrive/datasets/Mosaic_ADL_2x2/Fall/SA20/F11_SA20_R04_T10.0-15.0s.png,1,Fall,SA20
/content/drive/MyDrive/datasets/Mosaic_ADL_2x2/Fall/SA20/F11_SA20_R05_T0.0-5.0s.png,1,Fall,SA20
/content/drive/MyDrive/datasets/Mosaic_ADL_2x2/Fall/SA20/F11_SA20_R05_T2.5-7.5s.png,1,Fall,SA20
/content/drive/MyDrive/datasets/Mosaic_ADL_2x2/Fall/SA20/F11_SA20_R05_T5.0-10.0s.png,1,Fall,SA20
/content/drive/MyDrive/datasets/Mosaic_ADL_2x2/Fall/SA20/F11_SA20_R05_T7.5-12.5s.png,1,Fall,SA20
/content/drive/MyDrive/datasets/Mosaic_ADL_2x2/Fall/SA20/F11_SA20_R05_T10.0-15.0s.png,1,Fall,SA20
/content/drive/MyDrive/datasets/Mosaic_ADL_2x2/Fall/SA20/F12_SA20_R01_T0.0-5.0s.png,1,Fall,SA20
/content/drive/MyDrive/datasets/Mosaic_ADL_2x2/Fall/SA20/F12_SA20_R01_T2.5-7.5s.png,1,Fall,SA20
/content/drive/MyDrive/datasets/Mosaic_ADL_2x2/Fall/SA20/F12_SA20_R01_T5.0-10.0s.png,1,Fall,SA20
/content/drive/MyDrive/datasets/Mosaic_ADL_2x2/Fall/SA20/F12_SA20_R01_T7.5-12.5s.png,1,Fall,SA20
/content/drive/MyDrive/datasets/Mosaic_ADL_2x2/Fall/SA20/F12_SA20_R01_T10.0-15.0s.png,1,Fall,SA20
/content/drive/MyDrive/datasets/Mosaic_ADL_2x2/Fall/SA20/F12_SA20_R02_T0.0-5.0s.png,1,Fall,SA20
/content/drive/MyDrive/datasets/Mosaic_ADL_2x2/Fall/SA20/F12_SA20_R02_T2.5-7.5s.png,1,Fall,SA20
/content/drive/MyDrive/datasets/Mosaic_ADL_2x2/Fall/SA20/F12_SA20_R02_T5.0-10.0s.png,1,Fall,SA20
/content/drive/MyDrive/datasets/Mosaic_ADL_2x2/Fall/SA20/F12_SA20_R02_T7.5-12.5s.png,1,Fall,SA20
/content/drive/MyDrive/datasets/Mosaic_ADL_2x2/Fall/SA20/F12_SA20_R02_T10.0-15.0s.png,1,Fall,SA20
/content/drive/MyDrive/datasets/Mosaic_ADL_2x2/Fall/SA20/F12_SA20_R03_T0.0-5.0s.png,1,Fall,SA20
/content/drive/MyDrive/datasets/Mosaic_ADL_2x2/Fall/SA20/F12_SA20_R03_T2.5-7.5s.png,1,Fall,SA20
/content/drive/MyDrive/datasets/Mosaic_ADL_2x2/Fall/SA20/F12_SA20_R03_T5.0-10.0s.png,1,Fall,SA20
/content/drive/MyDrive/datasets/Mosaic_ADL_2x2/Fall/SA20/F12_SA20_R03_T7.5-12.5s.png,1,Fall,SA20
/content/drive/MyDrive/datasets/Mosaic_ADL_2x2/Fall/SA20/F12_SA20_R03_T10.0-15.0s.png,1,Fall,SA20
/content/drive/MyDrive/datasets/Mosaic_ADL_2x2/Fall/SA20/F12_SA20_R04_T0.0-5.0s.png,1,Fall,SA20
/content/drive/MyDrive/datasets/Mosaic_ADL_2x2/Fall/SA20/F12_SA20_R04_T2.5-7.5s.png,1,Fall,SA20
/content/drive/MyDrive/datasets/Mosaic_ADL_2x2/Fall/SA20/F12_SA20_R04_T5.0-10.0s.png,1,Fall,SA20
/content/drive/MyDrive/datasets/Mosaic_ADL_2x2/Fall/SA20/F12_SA20_R04_T7.5-12.5s.png,1,Fall,SA20
/content/drive/MyDrive/datasets/Mosaic_ADL_2x2/Fall/SA20/F12_SA20_R04_T10.0-15.0s.png,1,Fall,SA20
/content/drive/MyDrive/datasets/Mosaic_ADL_2x2/Fall/SA20/F12_SA20_R05_T0.0-5.0s.png,1,Fall,SA20
/content/drive/MyDrive/datasets/Mosaic_ADL_2x2/Fall/SA20/F12_SA20_R05_T2.5-7.5s.png,1,Fall,SA20
/content/drive/MyDrive/datasets/Mosaic_ADL_2x2/Fall/SA20/F12_SA20_R05_T5.0-10.0s.png,1,Fall,SA20
/content/drive/MyDrive/datasets/Mosaic_ADL_2x2/Fall/SA20/F12_SA20_R05_T7.5-12.5s.png,1,Fall,SA20
/content/drive/MyDrive/datasets/Mosaic_ADL_2x2/Fall/SA20/F13_SA20_R01_T0.0-5.0s.png,1,Fall,SA20
/content/drive/MyDrive/datasets/Mosaic_ADL_2x2/Fall/SA20/F13_SA20_R01_T2.5-7.5s.png,1,Fall,SA20
/content/drive/MyDrive/datasets/Mosaic_ADL_2x2/Fall/SA20/F13_SA20_R01_T5.0-10.0s.png,1,Fall,SA20
/content/drive/MyDrive/datasets/Mosaic_ADL_2x2/Fall/SA20/F13_SA20_R01_T7.5-12.5s.png,1,Fall,SA20
/content/drive/MyDrive/datasets/Mosaic_ADL_2x2/Fall/SA20/F13_SA20_R01_T10.0-15.0s.png,1,Fall,SA20
/content/drive/MyDrive/datasets/Mosaic_ADL_2x2/Fall/SA20/F13_SA20_R02_T0.0-5.0s.png,1,Fall,SA20
/content/drive/MyDrive/datasets/Mosaic_ADL_2x2/Fall/SA20/F13_SA20_R02_T2.5-7.5s.png,1,Fall,SA20
/content/drive/MyDrive/datasets/Mosaic_ADL_2x2/Fall/SA20/F13_SA20_R02_T5.0-10.0s.png,1,Fall,SA20
/content/drive/MyDrive/datasets/Mosaic_ADL_2x2/Fall/SA20/F13_SA20_R02_T7.5-12.5s.png,1,Fall,SA20
/content/drive/MyDrive/datasets/Mosaic_ADL_2x2/Fall/SA20/F13_SA20_R02_T10.0-15.0s.png,1,Fall,SA20
/content/drive/MyDrive/datasets/Mosaic_ADL_2x2/Fall/SA20/F13_SA20_R03_T0.0-5.0s.png,1,Fall,SA20
/content/drive/MyDrive/datasets/Mosaic_ADL_2x2/Fall/SA20/F13_SA20_R03_T2.5-7.5s.png,1,Fall,SA20
/content/drive/MyDrive/datasets/Mosaic_ADL_2x2/Fall/SA20/F13_SA20_R03_T5.0-10.0s.png,1,Fall,SA20
/content/drive/MyDrive/datasets/Mosaic_ADL_2x2/Fall/SA20/F13_SA20_R03_T7.5-12.5s.png,1,Fall,SA20
/content/drive/MyDrive/datasets/Mosaic_ADL_2x2/Fall/SA20/F13_SA20_R03_T10.0-15.0s.png,1,Fall,SA20
/content/drive/MyDrive/datasets/Mosaic_ADL_2x2/Fall/SA20/F13_SA20_R04_T0.0-5.0s.png,1,Fall,SA20
/content/drive/MyDrive/datasets/Mosaic_ADL_2x2/Fall/SA20/F13_SA20_R04_T2.5-7.5s.png,1,Fall,SA20
/content/drive/MyDrive/datasets/Mosaic_ADL_2x2/Fall/SA20/F13_SA20_R04_T5.0-10.0s.png,1,Fall,SA20
/content/drive/MyDrive/datasets/Mosaic_ADL_2x2/Fall/SA20/F13_SA20_R04_T7.5-12.5s.png,1,Fall,SA20
/content/drive/MyDrive/datasets/Mosaic_ADL_2x2/Fall/SA20/F13_SA20_R04_T10.0-15.0s.png,1,Fall,SA20
/content/drive/MyDrive/datasets/Mosaic_ADL_2x2/Fall/SA20/F13_SA20_R05_T0.0-5.0s.png,1,Fall,SA20
/content/drive/MyDrive/datasets/Mosaic_ADL_2x2/Fall/SA20/F13_SA20_R05_T2.5-7.5s.png,1,Fall,SA20
/content/drive/MyDrive/datasets/Mosaic_ADL_2x2/Fall/SA20/F13_SA20_R05_T5.0-10.0s.png,1,Fall,SA20
/content/drive/MyDrive/datasets/Mosaic_ADL_2x2/Fall/SA20/F13_SA20_R05_T7.5-12.5s.png,1,Fall,SA20
/content/drive/MyDrive/datasets/Mosaic_ADL_2x2/Fall/SA20/F13_SA20_R05_T10.0-15.0s.png,1,Fall,SA20
/content/drive/MyDrive/datasets/Mosaic_ADL_2x2/Fall/SA20/F14_SA20_R01_T0.0-5.0s.png,1,Fall,SA20
/content/drive/MyDrive/datasets/Mosaic_ADL_2x2/Fall/SA20/F14_SA20_R01_T2.5-7.5s.png,1,Fall,SA20
/content/drive/MyDrive/datasets/Mosaic_ADL_2x2/Fall/SA20/F14_SA20_R01_T5.0-10.0s.png,1,Fall,SA20
/content/drive/MyDrive/datasets/Mosaic_ADL_2x2/Fall/SA20/F14_SA20_R01_T7.5-12.5s.png,1,Fall,SA20
/content/drive/MyDrive/datasets/Mosaic_ADL_2x2/Fall/SA20/F14_SA20_R01_T10.0-15.0s.png,1,Fall,SA20
/content/drive/MyDrive/datasets/Mosaic_ADL_2x2/Fall/SA20/F14_SA20_R02_T0.0-5.0s.png,1,Fall,SA20
/content/drive/MyDrive/datasets/Mosaic_ADL_2x2/Fall/SA20/F14_SA20_R02_T2.5-7.5s.png,1,Fall,SA20
/content/drive/MyDrive/datasets/Mosaic_ADL_2x2/Fall/SA20/F14_SA20_R02_T5.0-10.0s.png,1,Fall,SA20
/content/drive/MyDrive/datasets/Mosaic_ADL_2x2/Fall/SA20/F14_SA20_R02_T7.5-12.5s.png,1,Fall,SA20
/content/drive/MyDrive/datasets/Mosaic_ADL_2x2/Fall/SA20/F14_SA20_R02_T10.0-15.0s.png,1,Fall,SA20
/content/drive/MyDrive/datasets/Mosaic_ADL_2x2/Fall/SA20/F14_SA20_R03_T0.0-5.0s.png,1,Fall,SA20
/content/drive/MyDrive/datasets/Mosaic_ADL_2x2/Fall/SA20/F14_SA20_R03_T2.5-7.5s.png,1,Fall,SA20
/content/drive/MyDrive/datasets/Mosaic_ADL_2x2/Fall/SA20/F14_SA20_R03_T5.0-10.0s.png,1,Fall,SA20
/content/drive/MyDrive/datasets/Mosaic_ADL_2x2/Fall/SA20/F14_SA20_R03_T7.5-12.5s.png,1,Fall,SA20
/content/drive/MyDrive/datasets/Mosaic_ADL_2x2/Fall/SA20/F14_SA20_R03_T10.0-15.0s.png,1,Fall,SA20
/content/drive/MyDrive/datasets/Mosaic_ADL_2x2/Fall/SA20/F14_SA20_R04_T0.0-5.0s.png,1,Fall,SA20
/content/drive/MyDrive/datasets/Mosaic_ADL_2x2/Fall/SA20/F14_SA20_R04_T2.5-7.5s.png,1,Fall,SA20
/content/drive/MyDrive/datasets/Mosaic_ADL_2x2/Fall/SA20/F14_SA20_R04_T5.0-10.0s.png,1,Fall,SA20
/content/drive/MyDrive/datasets/Mosaic_ADL_2x2/Fall/SA20/F14_SA20_R04_T7.5-12.5s.png,1,Fall,SA20
/content/drive/MyDrive/datasets/Mosaic_ADL_2x2/Fall/SA20/F14_SA20_R04_T10.0-15.0s.png,1,Fall,SA20
/content/drive/MyDrive/datasets/Mosaic_ADL_2x2/Fall/SA20/F14_SA20_R05_T0.0-5.0s.png,1,Fall,SA20
/content/drive/MyDrive/datasets/Mosaic_ADL_2x2/Fall/SA20/F14_SA20_R05_T2.5-7.5s.png,1,Fall,SA20
/content/drive/MyDrive/datasets/Mosaic_ADL_2x2/Fall/SA20/F14_SA20_R05_T5.0-10.0s.png,1,Fall,SA20
/content/drive/MyDrive/datasets/Mosaic_ADL_2x2/Fall/SA20/F14_SA20_R05_T7.5-12.5s.png,1,Fall,SA20
/content/drive/MyDrive/datasets/Mosaic_ADL_2x2/Fall/SA20/F14_SA20_R05_T10.0-15.0s.png,1,Fall,SA20
/content/drive/MyDrive/datasets/Mosaic_ADL_2x2/Fall/SA20/F15_SA20_R01_T0.0-5.0s.png,1,Fall,SA20
/content/drive/MyDrive/datasets/Mosaic_ADL_2x2/Fall/SA20/F15_SA20_R01_T2.5-7.5s.png,1,Fall,SA20
/content/drive/MyDrive/datasets/Mosaic_ADL_2x2/Fall/SA20/F15_SA20_R01_T5.0-10.0s.png,1,Fall,SA20
/content/drive/MyDrive/datasets/Mosaic_ADL_2x2/Fall/SA20/F15_SA20_R01_T7.5-12.5s.png,1,Fall,SA20
/content/drive/MyDrive/datasets/Mosaic_ADL_2x2/Fall/SA20/F15_SA20_R01_T10.0-15.0s.png,1,Fall,SA20
/content/drive/MyDrive/datasets/Mosaic_ADL_2x2/Fall/SA20/F15_SA20_R02_T0.0-5.0s.png,1,Fall,SA20
/content/drive/MyDrive/datasets/Mosaic_ADL_2x2/Fall/SA20/F15_SA20_R02_T2.5-7.5s.png,1,Fall,SA20
/content/drive/MyDrive/datasets/Mosaic_ADL_2x2/Fall/SA20/F15_SA20_R02_T5.0-10.0s.png,1,Fall,SA20
/content/drive/MyDrive/datasets/Mosaic_ADL_2x2/Fall/SA20/F15_SA20_R02_T7.5-12.5s.png,1,Fall,SA20
/content/drive/MyDrive/datasets/Mosaic_ADL_2x2/Fall/SA20/F15_SA20_R02_T10.0-15.0s.png,1,Fall,SA20
/content/drive/MyDrive/datasets/Mosaic_ADL_2x2/Fall/SA20/F15_SA20_R03_T0.0-5.0s.png,1,Fall,SA20
/content/drive/MyDrive/datasets/Mosaic_ADL_2x2/Fall/SA20/F15_SA20_R03_T2.5-7.5s.png,1,Fall,SA20
/content/drive/MyDrive/datasets/Mosaic_ADL_2x2/Fall/SA20/F15_SA20_R03_T5.0-10.0s.png,1,Fall,SA20
/content/drive/MyDrive/datasets/Mosaic_ADL_2x2/Fall/SA20/F15_SA20_R03_T7.5-12.5s.png,1,Fall,SA20
/content/drive/MyDrive/datasets/Mosaic_ADL_2x2/Fall/SA20/F15_SA20_R03_T10.0-15.0s.png,1,Fall,SA20
/content/drive/MyDrive/datasets/Mosaic_ADL_2x2/Fall/SA20/F15_SA20_R04_T0.0-5.0s.png,1,Fall,SA20
/content/drive/MyDrive/datasets/Mosaic_ADL_2x2/Fall/SA20/F15_SA20_R04_T2.5-7.5s.png,1,Fall,SA20
/content/drive/MyDrive/datasets/Mosaic_ADL_2x2/Fall/SA20/F15_SA20_R04_T5.0-10.0s.png,1,Fall,SA20
/content/drive/MyDrive/datasets/Mosaic_ADL_2x2/Fall/SA20/F15_SA20_R04_T7.5-12.5s.png,1,Fall,SA20
/content/drive/MyDrive/datasets/Mosaic_ADL_2x2/Fall/SA20/F15_SA20_R04_T10.0-15.0s.png,1,Fall,SA20
/content/drive/MyDrive/datasets/Mosaic_ADL_2x2/Fall/SA20/F15_SA20_R05_T0.0-5.0s.png,1,Fall,SA20
/content/drive/MyDrive/datasets/Mosaic_ADL_2x2/Fall/SA20/F15_SA20_R05_T2.5-7.5s.png,1,Fall,SA20
/content/drive/MyDrive/datasets/Mosaic_ADL_2x2/Fall/SA20/F15_SA20_R05_T5.0-10.0s.png,1,Fall,SA20
/content/drive/MyDrive/datasets/Mosaic_ADL_2x2/Fall/SA20/F15_SA20_R05_T7.5-12.5s.png,1,Fall,SA20
/content/drive/MyDrive/datasets/Mosaic_ADL_2x2/Fall/SA20/F15_SA20_R05_T10.0-15.0s.png,1,Fall,SA20
/content/drive/MyDrive/datasets/Mosaic_ADL_2x2/Fall/SA05/F01_SA05_R01_T0.0-5.0s.png,1,Fall,SA05
/content/drive/MyDrive/datasets/Mosaic_ADL_2x2/Fall/SA05/F01_SA05_R01_T2.5-7.5s.png,1,Fall,SA05
/content/drive/MyDrive/datasets/Mosaic_ADL_2x2/Fall/SA05/F01_SA05_R01_T5.0-10.0s.png,1,Fall,SA05
/content/drive/MyDrive/datasets/Mosaic_ADL_2x2/Fall/SA05/F01_SA05_R01_T7.5-12.5s.png,1,Fall,SA05
/content/drive/MyDrive/datasets/Mosaic_ADL_2x2/Fall/SA05/F01_SA05_R02_T0.0-5.0s.png,1,Fall,SA05
/content/drive/MyDrive/datasets/Mosaic_ADL_2x2/Fall/SA05/F01_SA05_R02_T2.5-7.5s.png,1,Fall,SA05
/content/drive/MyDrive/datasets/Mosaic_ADL_2x2/Fall/SA05/F01_SA05_R02_T5.0-10.0s.png,1,Fall,SA05
/content/drive/MyDrive/datasets/Mosaic_ADL_2x2/Fall/SA05/F01_SA05_R02_T7.5-12.5s.png,1,Fall,SA05
/content/drive/MyDrive/datasets/Mosaic_ADL_2x2/Fall/SA05/F01_SA05_R02_T10.0-15.0s.png,1,Fall,SA05
/content/drive/MyDrive/datasets/Mosaic_ADL_2x2/Fall/SA05/F01_SA05_R03_T0.0-5.0s.png,1,Fall,SA05
/content/drive/MyDrive/datasets/Mosaic_ADL_2x2/Fall/SA05/F01_SA05_R03_T2.5-7.5s.png,1,Fall,SA05
/content/drive/MyDrive/datasets/Mosaic_ADL_2x2/Fall/SA05/F01_SA05_R03_T5.0-10.0s.png,1,Fall,SA05
/content/drive/MyDrive/datasets/Mosaic_ADL_2x2/Fall/SA05/F01_SA05_R03_T7.5-12.5s.png,1,Fall,SA05
/content/drive/MyDrive/datasets/Mosaic_ADL_2x2/Fall/SA05/F01_SA05_R03_T10.0-15.0s.png,1,Fall,SA05
/content/drive/MyDrive/datasets/Mosaic_ADL_2x2/Fall/SA05/F01_SA05_R04_T0.0-5.0s.png,1,Fall,SA05
/content/drive/MyDrive/datasets/Mosaic_ADL_2x2/Fall/SA05/F01_SA05_R04_T2.5-7.5s.png,1,Fall,SA05
/content/drive/MyDrive/datasets/Mosaic_ADL_2x2/Fall/SA05/F01_SA05_R04_T5.0-10.0s.png,1,Fall,SA05
/content/drive/MyDrive/datasets/Mosaic_ADL_2x2/Fall/SA05/F01_SA05_R04_T7.5-12.5s.png,1,Fall,SA05
/content/drive/MyDrive/datasets/Mosaic_ADL_2x2/Fall/SA05/F01_SA05_R04_T10.0-15.0s.png,1,Fall,SA05
/content/drive/MyDrive/datasets/Mosaic_ADL_2x2/Fall/SA05/F01_SA05_R05_T0.0-5.0s.png,1,Fall,SA05
/content/drive/MyDrive/datasets/Mosaic_ADL_2x2/Fall/SA05/F01_SA05_R05_T2.5-7.5s.png,1,Fall,SA05
/content/drive/MyDrive/datasets/Mosaic_ADL_2x2/Fall/SA05/F01_SA05_R05_T5.0-10.0s.png,1,Fall,SA05
/content/drive/MyDrive/datasets/Mosaic_ADL_2x2/Fall/SA05/F01_SA05_R05_T7.5-12.5s.png,1,Fall,SA05
/content/drive/MyDrive/datasets/Mosaic_ADL_2x2/Fall/SA05/F01_SA05_R05_T10.0-15.0s.png,1,Fall,SA05
/content/drive/MyDrive/datasets/Mosaic_ADL_2x2/Fall/SA05/F02_SA05_R01_T0.0-5.0s.png,1,Fall,SA05
/content/drive/MyDrive/datasets/Mosaic_ADL_2x2/Fall/SA05/F02_SA05_R01_T2.5-7.5s.png,1,Fall,SA05
/content/drive/MyDrive/datasets/Mosaic_ADL_2x2/Fall/SA05/F02_SA05_R01_T5.0-10.0s.png,1,Fall,SA05
/content/drive/MyDrive/datasets/Mosaic_ADL_2x2/Fall/SA05/F02_SA05_R01_T7.5-12.5s.png,1,Fall,SA05
/content/drive/MyDrive/datasets/Mosaic_ADL_2x2/Fall/SA05/F02_SA05_R01_T10.0-15.0s.png,1,Fall,SA05
/content/drive/MyDrive/datasets/Mosaic_ADL_2x2/Fall/SA05/F02_SA05_R02_T0.0-5.0s.png,1,Fall,SA05
/content/drive/MyDrive/datasets/Mosaic_ADL_2x2/Fall/SA05/F02_SA05_R02_T2.5-7.5s.png,1,Fall,SA05
/content/drive/MyDrive/datasets/Mosaic_ADL_2x2/Fall/SA05/F02_SA05_R02_T5.0-10.0s.png,1,Fall,SA05
/content/drive/MyDrive/datasets/Mosaic_ADL_2x2/Fall/SA05/F02_SA05_R02_T7.5-12.5s.png,1,Fall,SA05
/content/drive/MyDrive/datasets/Mosaic_ADL_2x2/Fall/SA05/F02_SA05_R02_T10.0-15.0s.png,1,Fall,SA05
/content/drive/MyDrive/datasets/Mosaic_ADL_2x2/Fall/SA05/F02_SA05_R03_T0.0-5.0s.png,1,Fall,SA05
/content/drive/MyDrive/datasets/Mosaic_ADL_2x2/Fall/SA05/F02_SA05_R03_T2.5-7.5s.png,1,Fall,SA05
/content/drive/MyDrive/datasets/Mosaic_ADL_2x2/Fall/SA05/F02_SA05_R03_T5.0-10.0s.png,1,Fall,SA05
/content/drive/MyDrive/datasets/Mosaic_ADL_2x2/Fall/SA05/F02_SA05_R03_T7.5-12.5s.png,1,Fall,SA05
/content/drive/MyDrive/datasets/Mosaic_ADL_2x2/Fall/SA05/F02_SA05_R03_T10.0-15.0s.png,1,Fall,SA05
/content/drive/MyDrive/datasets/Mosaic_ADL_2x2/Fall/SA05/F02_SA05_R04_T0.0-5.0s.png,1,Fall,SA05
/content/drive/MyDrive/datasets/Mosaic_ADL_2x2/Fall/SA05/F02_SA05_R04_T2.5-7.5s.png,1,Fall,SA05
/content/drive/MyDrive/datasets/Mosaic_ADL_2x2/Fall/SA05/F02_SA05_R04_T5.0-10.0s.png,1,Fall,SA05
/content/drive/MyDrive/datasets/Mosaic_ADL_2x2/Fall/SA05/F02_SA05_R04_T7.5-12.5s.png,1,Fall,SA05
/content/drive/MyDrive/datasets/Mosaic_ADL_2x2/Fall/SA05/F02_SA05_R04_T10.0-15.0s.png,1,Fall,SA05
/content/drive/MyDrive/datasets/Mosaic_ADL_2x2/Fall/SA05/F02_SA05_R05_T0.0-5.0s.png,1,Fall,SA05
/content/drive/MyDrive/datasets/Mosaic_ADL_2x2/Fall/SA05/F02_SA05_R05_T2.5-7.5s.png,1,Fall,SA05
/content/drive/MyDrive/datasets/Mosaic_ADL_2x2/Fall/SA05/F02_SA05_R05_T5.0-10.0s.png,1,Fall,SA05
/content/drive/MyDrive/datasets/Mosaic_ADL_2x2/Fall/SA05/F02_SA05_R05_T7.5-12.5s.png,1,Fall,SA05
/content/drive/MyDrive/datasets/Mosaic_ADL_2x2/Fall/SA05/F02_SA05_R05_T10.0-15.0s.png,1,Fall,SA05
/content/drive/MyDrive/datasets/Mosaic_ADL_2x2/Fall/SA05/F03_SA05_R01_T0.0-5.0s.png,1,Fall,SA05
/content/drive/MyDrive/datasets/Mosaic_ADL_2x2/Fall/SA05/F03_SA05_R01_T2.5-7.5s.png,1,Fall,SA05
/content/drive/MyDrive/datasets/Mosaic_ADL_2x2/Fall/SA05/F03_SA05_R01_T5.0-10.0s.png,1,Fall,SA05
/content/drive/MyDrive/datasets/Mosaic_ADL_2x2/Fall/SA05/F03_SA05_R01_T7.5-12.5s.png,1,Fall,SA05
/content/drive/MyDrive/datasets/Mosaic_ADL_2x2/Fall/SA05/F03_SA05_R01_T10.0-15.0s.png,1,Fall,SA05
/content/drive/MyDrive/datasets/Mosaic_ADL_2x2/Fall/SA05/F03_SA05_R02_T0.0-5.0s.png,1,Fall,SA05
/content/drive/MyDrive/datasets/Mosaic_ADL_2x2/Fall/SA05/F03_SA05_R02_T2.5-7.5s.png,1,Fall,SA05
/content/drive/MyDrive/datasets/Mosaic_ADL_2x2/Fall/SA05/F03_SA05_R02_T5.0-10.0s.png,1,Fall,SA05
/content/drive/MyDrive/datasets/Mosaic_ADL_2x2/Fall/SA05/F03_SA05_R02_T7.5-12.5s.png,1,Fall,SA05
/content/drive/MyDrive/datasets/Mosaic_ADL_2x2/Fall/SA05/F03_SA05_R02_T10.0-15.0s.png,1,Fall,SA05
/content/drive/MyDrive/datasets/Mosaic_ADL_2x2/Fall/SA05/F03_SA05_R03_T0.0-5.0s.png,1,Fall,SA05
/content/drive/MyDrive/datasets/Mosaic_ADL_2x2/Fall/SA05/F03_SA05_R03_T2.5-7.5s.png,1,Fall,SA05
/content/drive/MyDrive/datasets/Mosaic_ADL_2x2/Fall/SA05/F03_SA05_R03_T5.0-10.0s.png,1,Fall,SA05
/content/drive/MyDrive/datasets/Mosaic_ADL_2x2/Fall/SA05/F03_SA05_R03_T7.5-12.5s.png,1,Fall,SA05
/content/drive/MyDrive/datasets/Mosaic_ADL_2x2/Fall/SA05/F03_SA05_R03_T10.0-15.0s.png,1,Fall,SA05
/content/drive/MyDrive/datasets/Mosaic_ADL_2x2/Fall/SA05/F03_SA05_R04_T0.0-5.0s.png,1,Fall,SA05
/content/drive/MyDrive/datasets/Mosaic_ADL_2x2/Fall/SA05/F03_SA05_R04_T2.5-7.5s.png,1,Fall,SA05
/content/drive/MyDrive/datasets/Mosaic_ADL_2x2/Fall/SA05/F03_SA05_R04_T5.0-10.0s.png,1,Fall,SA05
/content/drive/MyDrive/datasets/Mosaic_ADL_2x2/Fall/SA05/F03_SA05_R04_T7.5-12.5s.png,1,Fall,SA05
/content/drive/MyDrive/datasets/Mosaic_ADL_2x2/Fall/SA05/F03_SA05_R04_T10.0-15.0s.png,1,Fall,SA05
/content/drive/MyDrive/datasets/Mosaic_ADL_2x2/Fall/SA05/F03_SA05_R05_T0.0-5.0s.png,1,Fall,SA05
/content/drive/MyDrive/datasets/Mosaic_ADL_2x2/Fall/SA05/F03_SA05_R05_T2.5-7.5s.png,1,Fall,SA05
/content/drive/MyDrive/datasets/Mosaic_ADL_2x2/Fall/SA05/F03_SA05_R05_T5.0-10.0s.png,1,Fall,SA05
/content/drive/MyDrive/datasets/Mosaic_ADL_2x2/Fall/SA05/F03_SA05_R05_T7.5-12.5s.png,1,Fall,SA05
/content/drive/MyDrive/datasets/Mosaic_ADL_2x2/Fall/SA05/F03_SA05_R05_T10.0-15.0s.png,1,Fall,SA05
/content/drive/MyDrive/datasets/Mosaic_ADL_2x2/Fall/SA05/F04_SA05_R01_T0.0-5.0s.png,1,Fall,SA05
/content/drive/MyDrive/datasets/Mosaic_ADL_2x2/Fall/SA05/F04_SA05_R01_T2.5-7.5s.png,1,Fall,SA05
/content/drive/MyDrive/datasets/Mosaic_ADL_2x2/Fall/SA05/F04_SA05_R01_T5.0-10.0s.png,1,Fall,SA05
/content/drive/MyDrive/datasets/Mosaic_ADL_2x2/Fall/SA05/F04_SA05_R01_T7.5-12.5s.png,1,Fall,SA05
/content/drive/MyDrive/datasets/Mosaic_ADL_2x2/Fall/SA05/F04_SA05_R01_T10.0-15.0s.png,1,Fall,SA05
/content/drive/MyDrive/datasets/Mosaic_ADL_2x2/Fall/SA05/F04_SA05_R02_T0.0-5.0s.png,1,Fall,SA05
/content/drive/MyDrive/datasets/Mosaic_ADL_2x2/Fall/SA05/F04_SA05_R02_T2.5-7.5s.png,1,Fall,SA05
/content/drive/MyDrive/datasets/Mosaic_ADL_2x2/Fall/SA05/F04_SA05_R02_T5.0-10.0s.png,1,Fall,SA05
/content/drive/MyDrive/datasets/Mosaic_ADL_2x2/Fall/SA05/F04_SA05_R02_T7.5-12.5s.png,1,Fall,SA05
/content/drive/MyDrive/datasets/Mosaic_ADL_2x2/Fall/SA05/F04_SA05_R02_T10.0-15.0s.png,1,Fall,SA05
/content/drive/MyDrive/datasets/Mosaic_ADL_2x2/Fall/SA05/F04_SA05_R03_T0.0-5.0s.png,1,Fall,SA05
/content/drive/MyDrive/datasets/Mosaic_ADL_2x2/Fall/SA05/F04_SA05_R03_T2.5-7.5s.png,1,Fall,SA05
/content/drive/MyDrive/datasets/Mosaic_ADL_2x2/Fall/SA05/F04_SA05_R03_T5.0-10.0s.png,1,Fall,SA05
/content/drive/MyDrive/datasets/Mosaic_ADL_2x2/Fall/SA05/F04_SA05_R03_T7.5-12.5s.png,1,Fall,SA05
/content/drive/MyDrive/datasets/Mosaic_ADL_2x2/Fall/SA05/F04_SA05_R03_T10.0-15.0s.png,1,Fall,SA05
/content/drive/MyDrive/datasets/Mosaic_ADL_2x2/Fall/SA05/F04_SA05_R04_T0.0-5.0s.png,1,Fall,SA05
/content/drive/MyDrive/datasets/Mosaic_ADL_2x2/Fall/SA05/F04_SA05_R04_T2.5-7.5s.png,1,Fall,SA05
/content/drive/MyDrive/datasets/Mosaic_ADL_2x2/Fall/SA05/F04_SA05_R04_T5.0-10.0s.png,1,Fall,SA05
/content/drive/MyDrive/datasets/Mosaic_ADL_2x2/Fall/SA05/F04_SA05_R04_T7.5-12.5s.png,1,Fall,SA05
/content/drive/MyDrive/datasets/Mosaic_ADL_2x2/Fall/SA05/F04_SA05_R04_T10.0-15.0s.png,1,Fall,SA05
/content/drive/MyDrive/datasets/Mosaic_ADL_2x2/Fall/SA05/F04_SA05_R05_T0.0-5.0s.png,1,Fall,SA05
/content/drive/MyDrive/datasets/Mosaic_ADL_2x2/Fall/SA05/F04_SA05_R05_T2.5-7.5s.png,1,Fall,SA05
/content/drive/MyDrive/datasets/Mosaic_ADL_2x2/Fall/SA05/F04_SA05_R05_T5.0-10.0s.png,1,Fall,SA05
/content/drive/MyDrive/datasets/Mosaic_ADL_2x2/Fall/SA05/F04_SA05_R05_T7.5-12.5s.png,1,Fall,SA05
/content/drive/MyDrive/datasets/Mosaic_ADL_2x2/Fall/SA05/F04_SA05_R05_T10.0-15.0s.png,1,Fall,SA05
/content/drive/MyDrive/datasets/Mosaic_ADL_2x2/Fall/SA05/F05_SA05_R01_T0.0-5.0s.png,1,Fall,SA05
/content/drive/MyDrive/datasets/Mosaic_ADL_2x2/Fall/SA05/F05_SA05_R01_T2.5-7.5s.png,1,Fall,SA05
/content/drive/MyDrive/datasets/Mosaic_ADL_2x2/Fall/SA05/F05_SA05_R01_T5.0-10.0s.png,1,Fall,SA05
/content/drive/MyDrive/datasets/Mosaic_ADL_2x2/Fall/SA05/F05_SA05_R01_T7.5-12.5s.png,1,Fall,SA05
/content/drive/MyDrive/datasets/Mosaic_ADL_2x2/Fall/SA05/F05_SA05_R01_T10.0-15.0s.png,1,Fall,SA05
/content/drive/MyDrive/datasets/Mosaic_ADL_2x2/Fall/SA05/F05_SA05_R02_T0.0-5.0s.png,1,Fall,SA05
/content/drive/MyDrive/datasets/Mosaic_ADL_2x2/Fall/SA05/F05_SA05_R02_T2.5-7.5s.png,1,Fall,SA05
/content/drive/MyDrive/datasets/Mosaic_ADL_2x2/Fall/SA05/F05_SA05_R02_T5.0-10.0s.png,1,Fall,SA05
/content/drive/MyDrive/datasets/Mosaic_ADL_2x2/Fall/SA05/F05_SA05_R02_T7.5-12.5s.png,1,Fall,SA05
/content/drive/MyDrive/datasets/Mosaic_ADL_2x2/Fall/SA05/F05_SA05_R02_T10.0-15.0s.png,1,Fall,SA05
/content/drive/MyDrive/datasets/Mosaic_ADL_2x2/Fall/SA05/F05_SA05_R03_T0.0-5.0s.png,1,Fall,SA05
/content/drive/MyDrive/datasets/Mosaic_ADL_2x2/Fall/SA05/F05_SA05_R03_T2.5-7.5s.png,1,Fall,SA05
/content/drive/MyDrive/datasets/Mosaic_ADL_2x2/Fall/SA05/F05_SA05_R03_T5.0-10.0s.png,1,Fall,SA05
/content/drive/MyDrive/datasets/Mosaic_ADL_2x2/Fall/SA05/F05_SA05_R03_T7.5-12.5s.png,1,Fall,SA05
/content/drive/MyDrive/datasets/Mosaic_ADL_2x2/Fall/SA05/F05_SA05_R03_T10.0-15.0s.png,1,Fall,SA05
/content/drive/MyDrive/datasets/Mosaic_ADL_2x2/Fall/SA05/F05_SA05_R04_T0.0-5.0s.png,1,Fall,SA05
/content/drive/MyDrive/datasets/Mosaic_ADL_2x2/Fall/SA05/F05_SA05_R04_T2.5-7.5s.png,1,Fall,SA05
/content/drive/MyDrive/datasets/Mosaic_ADL_2x2/Fall/SA05/F05_SA05_R04_T5.0-10.0s.png,1,Fall,SA05
/content/drive/MyDrive/datasets/Mosaic_ADL_2x2/Fall/SA05/F05_SA05_R04_T7.5-12.5s.png,1,Fall,SA05
/content/drive/MyDrive/datasets/Mosaic_ADL_2x2/Fall/SA05/F05_SA05_R04_T10.0-15.0s.png,1,Fall,SA05
/content/drive/MyDrive/datasets/Mosaic_ADL_2x2/Fall/SA05/F05_SA05_R05_T0.0-5.0s.png,1,Fall,SA05
/content/drive/MyDrive/datasets/Mosaic_ADL_2x2/Fall/SA05/F05_SA05_R05_T2.5-7.5s.png,1,Fall,SA05
/content/drive/MyDrive/datasets/Mosaic_ADL_2x2/Fall/SA05/F05_SA05_R05_T5.0-10.0s.png,1,Fall,SA05
/content/drive/MyDrive/datasets/Mosaic_ADL_2x2/Fall/SA05/F05_SA05_R05_T7.5-12.5s.png,1,Fall,SA05
/content/drive/MyDrive/datasets/Mosaic_ADL_2x2/Fall/SA05/F05_SA05_R05_T10.0-15.0s.png,1,Fall,SA05
/content/drive/MyDrive/datasets/Mosaic_ADL_2x2/Fall/SA05/F06_SA05_R01_T0.0-5.0s.png,1,Fall,SA05
/content/drive/MyDrive/datasets/Mosaic_ADL_2x2/Fall/SA05/F06_SA05_R01_T2.5-7.5s.png,1,Fall,SA05
/content/drive/MyDrive/datasets/Mosaic_ADL_2x2/Fall/SA05/F06_SA05_R01_T5.0-10.0s.png,1,Fall,SA05
/content/drive/MyDrive/datasets/Mosaic_ADL_2x2/Fall/SA05/F06_SA05_R01_T7.5-12.5s.png,1,Fall,SA05
/content/drive/MyDrive/datasets/Mosaic_ADL_2x2/Fall/SA05/F06_SA05_R02_T0.0-5.0s.png,1,Fall,SA05
/content/drive/MyDrive/datasets/Mosaic_ADL_2x2/Fall/SA05/F06_SA05_R02_T2.5-7.5s.png,1,Fall,SA05
/content/drive/MyDrive/datasets/Mosaic_ADL_2x2/Fall/SA05/F06_SA05_R02_T5.0-10.0s.png,1,Fall,SA05
/content/drive/MyDrive/datasets/Mosaic_ADL_2x2/Fall/SA05/F06_SA05_R02_T7.5-12.5s.png,1,Fall,SA05
/content/drive/MyDrive/datasets/Mosaic_ADL_2x2/Fall/SA05/F06_SA05_R02_T10.0-15.0s.png,1,Fall,SA05
/content/drive/MyDrive/datasets/Mosaic_ADL_2x2/Fall/SA05/F06_SA05_R03_T0.0-5.0s.png,1,Fall,SA05
/content/drive/MyDrive/datasets/Mosaic_ADL_2x2/Fall/SA05/F06_SA05_R03_T2.5-7.5s.png,1,Fall,SA05
/content/drive/MyDrive/datasets/Mosaic_ADL_2x2/Fall/SA05/F06_SA05_R03_T5.0-10.0s.png,1,Fall,SA05
/content/drive/MyDrive/datasets/Mosaic_ADL_2x2/Fall/SA05/F06_SA05_R03_T7.5-12.5s.png,1,Fall,SA05
/content/drive/MyDrive/datasets/Mosaic_ADL_2x2/Fall/SA05/F06_SA05_R03_T10.0-15.0s.png,1,Fall,SA05
/content/drive/MyDrive/datasets/Mosaic_ADL_2x2/Fall/SA05/F06_SA05_R04_T0.0-5.0s.png,1,Fall,SA05
/content/drive/MyDrive/datasets/Mosaic_ADL_2x2/Fall/SA05/F06_SA05_R04_T2.5-7.5s.png,1,Fall,SA05
/content/drive/MyDrive/datasets/Mosaic_ADL_2x2/Fall/SA05/F06_SA05_R04_T5.0-10.0s.png,1,Fall,SA05
/content/drive/MyDrive/datasets/Mosaic_ADL_2x2/Fall/SA05/F06_SA05_R04_T7.5-12.5s.png,1,Fall,SA05
/content/drive/MyDrive/datasets/Mosaic_ADL_2x2/Fall/SA05/F06_SA05_R04_T10.0-15.0s.png,1,Fall,SA05
/content/drive/MyDrive/datasets/Mosaic_ADL_2x2/Fall/SA05/F06_SA05_R05_T0.0-5.0s.png,1,Fall,SA05
/content/drive/MyDrive/datasets/Mosaic_ADL_2x2/Fall/SA05/F06_SA05_R05_T2.5-7.5s.png,1,Fall,SA05
/content/drive/MyDrive/datasets/Mosaic_ADL_2x2/Fall/SA05/F06_SA05_R05_T5.0-10.0s.png,1,Fall,SA05
/content/drive/MyDrive/datasets/Mosaic_ADL_2x2/Fall/SA05/F06_SA05_R05_T7.5-12.5s.png,1,Fall,SA05
/content/drive/MyDrive/datasets/Mosaic_ADL_2x2/Fall/SA05/F06_SA05_R05_T10.0-15.0s.png,1,Fall,SA05
/content/drive/MyDrive/datasets/Mosaic_ADL_2x2/Fall/SA05/F07_SA05_R01_T0.0-5.0s.png,1,Fall,SA05
/content/drive/MyDrive/datasets/Mosaic_ADL_2x2/Fall/SA05/F07_SA05_R01_T2.5-7.5s.png,1,Fall,SA05
/content/drive/MyDrive/datasets/Mosaic_ADL_2x2/Fall/SA05/F07_SA05_R01_T5.0-10.0s.png,1,Fall,SA05
/content/drive/MyDrive/datasets/Mosaic_ADL_2x2/Fall/SA05/F07_SA05_R01_T7.5-12.5s.png,1,Fall,SA05
/content/drive/MyDrive/datasets/Mosaic_ADL_2x2/Fall/SA05/F07_SA05_R01_T10.0-15.0s.png,1,Fall,SA05
/content/drive/MyDrive/datasets/Mosaic_ADL_2x2/Fall/SA05/F07_SA05_R02_T0.0-5.0s.png,1,Fall,SA05
/content/drive/MyDrive/datasets/Mosaic_ADL_2x2/Fall/SA05/F07_SA05_R02_T2.5-7.5s.png,1,Fall,SA05
/content/drive/MyDrive/datasets/Mosaic_ADL_2x2/Fall/SA05/F07_SA05_R02_T5.0-10.0s.png,1,Fall,SA05
/content/drive/MyDrive/datasets/Mosaic_ADL_2x2/Fall/SA05/F07_SA05_R02_T7.5-12.5s.png,1,Fall,SA05
/content/drive/MyDrive/datasets/Mosaic_ADL_2x2/Fall/SA05/F07_SA05_R02_T10.0-15.0s.png,1,Fall,SA05
/content/drive/MyDrive/datasets/Mosaic_ADL_2x2/Fall/SA05/F07_SA05_R03_T0.0-5.0s.png,1,Fall,SA05
/content/drive/MyDrive/datasets/Mosaic_ADL_2x2/Fall/SA05/F07_SA05_R03_T2.5-7.5s.png,1,Fall,SA05
/content/drive/MyDrive/datasets/Mosaic_ADL_2x2/Fall/SA05/F07_SA05_R03_T5.0-10.0s.png,1,Fall,SA05
/content/drive/MyDrive/datasets/Mosaic_ADL_2x2/Fall/SA05/F07_SA05_R03_T7.5-12.5s.png,1,Fall,SA05
/content/drive/MyDrive/datasets/Mosaic_ADL_2x2/Fall/SA05/F07_SA05_R03_T10.0-15.0s.png,1,Fall,SA05
/content/drive/MyDrive/datasets/Mosaic_ADL_2x2/Fall/SA05/F07_SA05_R04_T0.0-5.0s.png,1,Fall,SA05
/content/drive/MyDrive/datasets/Mosaic_ADL_2x2/Fall/SA05/F07_SA05_R04_T2.5-7.5s.png,1,Fall,SA05
/content/drive/MyDrive/datasets/Mosaic_ADL_2x2/Fall/SA05/F07_SA05_R04_T5.0-10.0s.png,1,Fall,SA05
/content/drive/MyDrive/datasets/Mosaic_ADL_2x2/Fall/SA05/F07_SA05_R04_T7.5-12.5s.png,1,Fall,SA05
/content/drive/MyDrive/datasets/Mosaic_ADL_2x2/Fall/SA05/F07_SA05_R04_T10.0-15.0s.png,1,Fall,SA05
/content/drive/MyDrive/datasets/Mosaic_ADL_2x2/Fall/SA05/F07_SA05_R05_T0.0-5.0s.png,1,Fall,SA05
/content/drive/MyDrive/datasets/Mosaic_ADL_2x2/Fall/SA05/F07_SA05_R05_T2.5-7.5s.png,1,Fall,SA05
/content/drive/MyDrive/datasets/Mosaic_ADL_2x2/Fall/SA05/F07_SA05_R05_T5.0-10.0s.png,1,Fall,SA05
/content/drive/MyDrive/datasets/Mosaic_ADL_2x2/Fall/SA05/F07_SA05_R05_T7.5-12.5s.png,1,Fall,SA05
/content/drive/MyDrive/datasets/Mosaic_ADL_2x2/Fall/SA05/F07_SA05_R05_T10.0-15.0s.png,1,Fall,SA05
/content/drive/MyDrive/datasets/Mosaic_ADL_2x2/Fall/SA05/F08_SA05_R01_T0.0-5.0s.png,1,Fall,SA05
/content/drive/MyDrive/datasets/Mosaic_ADL_2x2/Fall/SA05/F08_SA05_R01_T2.5-7.5s.png,1,Fall,SA05
/content/drive/MyDrive/datasets/Mosaic_ADL_2x2/Fall/SA05/F08_SA05_R01_T5.0-10.0s.png,1,Fall,SA05
/content/drive/MyDrive/datasets/Mosaic_ADL_2x2/Fall/SA05/F08_SA05_R01_T7.5-12.5s.png,1,Fall,SA05
/content/drive/MyDrive/datasets/Mosaic_ADL_2x2/Fall/SA05/F08_SA05_R01_T10.0-15.0s.png,1,Fall,SA05
/content/drive/MyDrive/datasets/Mosaic_ADL_2x2/Fall/SA05/F08_SA05_R02_T0.0-5.0s.png,1,Fall,SA05
/content/drive/MyDrive/datasets/Mosaic_ADL_2x2/Fall/SA05/F08_SA05_R02_T2.5-7.5s.png,1,Fall,SA05
/content/drive/MyDrive/datasets/Mosaic_ADL_2x2/Fall/SA05/F08_SA05_R02_T5.0-10.0s.png,1,Fall,SA05
/content/drive/MyDrive/datasets/Mosaic_ADL_2x2/Fall/SA05/F08_SA05_R02_T7.5-12.5s.png,1,Fall,SA05
/content/drive/MyDrive/datasets/Mosaic_ADL_2x2/Fall/SA05/F08_SA05_R02_T10.0-15.0s.png,1,Fall,SA05
/content/drive/MyDrive/datasets/Mosaic_ADL_2x2/Fall/SA05/F08_SA05_R03_T0.0-5.0s.png,1,Fall,SA05
/content/drive/MyDrive/datasets/Mosaic_ADL_2x2/Fall/SA05/F08_SA05_R03_T2.5-7.5s.png,1,Fall,SA05
/content/drive/MyDrive/datasets/Mosaic_ADL_2x2/Fall/SA05/F08_SA05_R03_T5.0-10.0s.png,1,Fall,SA05
/content/drive/MyDrive/datasets/Mosaic_ADL_2x2/Fall/SA05/F08_SA05_R03_T7.5-12.5s.png,1,Fall,SA05
/content/drive/MyDrive/datasets/Mosaic_ADL_2x2/Fall/SA05/F08_SA05_R03_T10.0-15.0s.png,1,Fall,SA05
/content/drive/MyDrive/datasets/Mosaic_ADL_2x2/Fall/SA05/F08_SA05_R04_T0.0-5.0s.png,1,Fall,SA05
/content/drive/MyDrive/datasets/Mosaic_ADL_2x2/Fall/SA05/F08_SA05_R04_T2.5-7.5s.png,1,Fall,SA05
/content/drive/MyDrive/datasets/Mosaic_ADL_2x2/Fall/SA05/F08_SA05_R04_T5.0-10.0s.png,1,Fall,SA05
/content/drive/MyDrive/datasets/Mosaic_ADL_2x2/Fall/SA05/F08_SA05_R04_T7.5-12.5s.png,1,Fall,SA05
/content/drive/MyDrive/datasets/Mosaic_ADL_2x2/Fall/SA05/F08_SA05_R04_T10.0-15.0s.png,1,Fall,SA05
/content/drive/MyDrive/datasets/Mosaic_ADL_2x2/Fall/SA05/F08_SA05_R05_T0.0-5.0s.png,1,Fall,SA05
/content/drive/MyDrive/datasets/Mosaic_ADL_2x2/Fall/SA05/F08_SA05_R05_T2.5-7.5s.png,1,Fall,SA05
/content/drive/MyDrive/datasets/Mosaic_ADL_2x2/Fall/SA05/F08_SA05_R05_T5.0-10.0s.png,1,Fall,SA05
/content/drive/MyDrive/datasets/Mosaic_ADL_2x2/Fall/SA05/F08_SA05_R05_T7.5-12.5s.png,1,Fall,SA05
/content/drive/MyDrive/datasets/Mosaic_ADL_2x2/Fall/SA05/F08_SA05_R05_T10.0-15.0s.png,1,Fall,SA05
/content/drive/MyDrive/datasets/Mosaic_ADL_2x2/Fall/SA05/F09_SA05_R01_T0.0-5.0s.png,1,Fall,SA05
/content/drive/MyDrive/datasets/Mosaic_ADL_2x2/Fall/SA05/F09_SA05_R01_T2.5-7.5s.png,1,Fall,SA05
/content/drive/MyDrive/datasets/Mosaic_ADL_2x2/Fall/SA05/F09_SA05_R01_T5.0-10.0s.png,1,Fall,SA05
/content/drive/MyDrive/datasets/Mosaic_ADL_2x2/Fall/SA05/F09_SA05_R01_T7.5-12.5s.png,1,Fall,SA05
/content/drive/MyDrive/datasets/Mosaic_ADL_2x2/Fall/SA05/F09_SA05_R01_T10.0-15.0s.png,1,Fall,SA05
/content/drive/MyDrive/datasets/Mosaic_ADL_2x2/Fall/SA05/F09_SA05_R02_T0.0-5.0s.png,1,Fall,SA05
/content/drive/MyDrive/datasets/Mosaic_ADL_2x2/Fall/SA05/F09_SA05_R02_T2.5-7.5s.png,1,Fall,SA05
/content/drive/MyDrive/datasets/Mosaic_ADL_2x2/Fall/SA05/F09_SA05_R02_T5.0-10.0s.png,1,Fall,SA05
/content/drive/MyDrive/datasets/Mosaic_ADL_2x2/Fall/SA05/F09_SA05_R02_T7.5-12.5s.png,1,Fall,SA05
/content/drive/MyDrive/datasets/Mosaic_ADL_2x2/Fall/SA05/F09_SA05_R02_T10.0-15.0s.png,1,Fall,SA05
/content/drive/MyDrive/datasets/Mosaic_ADL_2x2/Fall/SA05/F09_SA05_R03_T0.0-5.0s.png,1,Fall,SA05
/content/drive/MyDrive/datasets/Mosaic_ADL_2x2/Fall/SA05/F09_SA05_R03_T2.5-7.5s.png,1,Fall,SA05
/content/drive/MyDrive/datasets/Mosaic_ADL_2x2/Fall/SA05/F09_SA05_R03_T5.0-10.0s.png,1,Fall,SA05
/content/drive/MyDrive/datasets/Mosaic_ADL_2x2/Fall/SA05/F09_SA05_R03_T7.5-12.5s.png,1,Fall,SA05
/content/drive/MyDrive/datasets/Mosaic_ADL_2x2/Fall/SA05/F09_SA05_R03_T10.0-15.0s.png,1,Fall,SA05
/content/drive/MyDrive/datasets/Mosaic_ADL_2x2/Fall/SA05/F09_SA05_R04_T0.0-5.0s.png,1,Fall,SA05
/content/drive/MyDrive/datasets/Mosaic_ADL_2x2/Fall/SA05/F09_SA05_R04_T2.5-7.5s.png,1,Fall,SA05
/content/drive/MyDrive/datasets/Mosaic_ADL_2x2/Fall/SA05/F09_SA05_R04_T5.0-10.0s.png,1,Fall,SA05
/content/drive/MyDrive/datasets/Mosaic_ADL_2x2/Fall/SA05/F09_SA05_R04_T7.5-12.5s.png,1,Fall,SA05
/content/drive/MyDrive/datasets/Mosaic_ADL_2x2/Fall/SA05/F09_SA05_R04_T10.0-15.0s.png,1,Fall,SA05
/content/drive/MyDrive/datasets/Mosaic_ADL_2x2/Fall/SA05/F09_SA05_R05_T0.0-5.0s.png,1,Fall,SA05
/content/drive/MyDrive/datasets/Mosaic_ADL_2x2/Fall/SA05/F09_SA05_R05_T2.5-7.5s.png,1,Fall,SA05
/content/drive/MyDrive/datasets/Mosaic_ADL_2x2/Fall/SA05/F09_SA05_R05_T5.0-10.0s.png,1,Fall,SA05
/content/drive/MyDrive/datasets/Mosaic_ADL_2x2/Fall/SA05/F09_SA05_R05_T7.5-12.5s.png,1,Fall,SA05
/content/drive/MyDrive/datasets/Mosaic_ADL_2x2/Fall/SA05/F09_SA05_R05_T10.0-15.0s.png,1,Fall,SA05
/content/drive/MyDrive/datasets/Mosaic_ADL_2x2/Fall/SA05/F10_SA05_R01_T0.0-5.0s.png,1,Fall,SA05
/content/drive/MyDrive/datasets/Mosaic_ADL_2x2/Fall/SA05/F10_SA05_R01_T2.5-7.5s.png,1,Fall,SA05
/content/drive/MyDrive/datasets/Mosaic_ADL_2x2/Fall/SA05/F10_SA05_R01_T5.0-10.0s.png,1,Fall,SA05
/content/drive/MyDrive/datasets/Mosaic_ADL_2x2/Fall/SA05/F10_SA05_R01_T7.5-12.5s.png,1,Fall,SA05
/content/drive/MyDrive/datasets/Mosaic_ADL_2x2/Fall/SA05/F10_SA05_R01_T10.0-15.0s.png,1,Fall,SA05
/content/drive/MyDrive/datasets/Mosaic_ADL_2x2/Fall/SA05/F10_SA05_R02_T0.0-5.0s.png,1,Fall,SA05
/content/drive/MyDrive/datasets/Mosaic_ADL_2x2/Fall/SA05/F10_SA05_R02_T2.5-7.5s.png,1,Fall,SA05
/content/drive/MyDrive/datasets/Mosaic_ADL_2x2/Fall/SA05/F10_SA05_R02_T5.0-10.0s.png,1,Fall,SA05
/content/drive/MyDrive/datasets/Mosaic_ADL_2x2/Fall/SA05/F10_SA05_R02_T7.5-12.5s.png,1,Fall,SA05
/content/drive/MyDrive/datasets/Mosaic_ADL_2x2/Fall/SA05/F10_SA05_R02_T10.0-15.0s.png,1,Fall,SA05
/content/drive/MyDrive/datasets/Mosaic_ADL_2x2/Fall/SA05/F10_SA05_R03_T0.0-5.0s.png,1,Fall,SA05
/content/drive/MyDrive/datasets/Mosaic_ADL_2x2/Fall/SA05/F10_SA05_R03_T2.5-7.5s.png,1,Fall,SA05
/content/drive/MyDrive/datasets/Mosaic_ADL_2x2/Fall/SA05/F10_SA05_R03_T5.0-10.0s.png,1,Fall,SA05
/content/drive/MyDrive/datasets/Mosaic_ADL_2x2/Fall/SA05/F10_SA05_R03_T7.5-12.5s.png,1,Fall,SA05
/content/drive/MyDrive/datasets/Mosaic_ADL_2x2/Fall/SA05/F10_SA05_R03_T10.0-15.0s.png,1,Fall,SA05
/content/drive/MyDrive/datasets/Mosaic_ADL_2x2/Fall/SA05/F10_SA05_R04_T0.0-5.0s.png,1,Fall,SA05
/content/drive/MyDrive/datasets/Mosaic_ADL_2x2/Fall/SA05/F10_SA05_R04_T2.5-7.5s.png,1,Fall,SA05
/content/drive/MyDrive/datasets/Mosaic_ADL_2x2/Fall/SA05/F10_SA05_R04_T5.0-10.0s.png,1,Fall,SA05
/content/drive/MyDrive/datasets/Mosaic_ADL_2x2/Fall/SA05/F10_SA05_R04_T7.5-12.5s.png,1,Fall,SA05
/content/drive/MyDrive/datasets/Mosaic_ADL_2x2/Fall/SA05/F10_SA05_R04_T10.0-15.0s.png,1,Fall,SA05
/content/drive/MyDrive/datasets/Mosaic_ADL_2x2/Fall/SA05/F10_SA05_R05_T0.0-5.0s.png,1,Fall,SA05
/content/drive/MyDrive/datasets/Mosaic_ADL_2x2/Fall/SA05/F10_SA05_R05_T2.5-7.5s.png,1,Fall,SA05
/content/drive/MyDrive/datasets/Mosaic_ADL_2x2/Fall/SA05/F10_SA05_R05_T5.0-10.0s.png,1,Fall,SA05
/content/drive/MyDrive/datasets/Mosaic_ADL_2x2/Fall/SA05/F10_SA05_R05_T7.5-12.5s.png,1,Fall,SA05
/content/drive/MyDrive/datasets/Mosaic_ADL_2x2/Fall/SA05/F10_SA05_R05_T10.0-15.0s.png,1,Fall,SA05
/content/drive/MyDrive/datasets/Mosaic_ADL_2x2/Fall/SA05/F11_SA05_R01_T0.0-5.0s.png,1,Fall,SA05
/content/drive/MyDrive/datasets/Mosaic_ADL_2x2/Fall/SA05/F11_SA05_R01_T2.5-7.5s.png,1,Fall,SA05
/content/drive/MyDrive/datasets/Mosaic_ADL_2x2/Fall/SA05/F11_SA05_R01_T5.0-10.0s.png,1,Fall,SA05
/content/drive/MyDrive/datasets/Mosaic_ADL_2x2/Fall/SA05/F11_SA05_R01_T7.5-12.5s.png,1,Fall,SA05
/content/drive/MyDrive/datasets/Mosaic_ADL_2x2/Fall/SA05/F11_SA05_R01_T10.0-15.0s.png,1,Fall,SA05
/content/drive/MyDrive/datasets/Mosaic_ADL_2x2/Fall/SA05/F11_SA05_R02_T0.0-5.0s.png,1,Fall,SA05
/content/drive/MyDrive/datasets/Mosaic_ADL_2x2/Fall/SA05/F11_SA05_R02_T2.5-7.5s.png,1,Fall,SA05
/content/drive/MyDrive/datasets/Mosaic_ADL_2x2/Fall/SA05/F11_SA05_R02_T5.0-10.0s.png,1,Fall,SA05
/content/drive/MyDrive/datasets/Mosaic_ADL_2x2/Fall/SA05/F11_SA05_R02_T7.5-12.5s.png,1,Fall,SA05
/content/drive/MyDrive/datasets/Mosaic_ADL_2x2/Fall/SA05/F11_SA05_R02_T10.0-15.0s.png,1,Fall,SA05
/content/drive/MyDrive/datasets/Mosaic_ADL_2x2/Fall/SA05/F11_SA05_R03_T0.0-5.0s.png,1,Fall,SA05
/content/drive/MyDrive/datasets/Mosaic_ADL_2x2/Fall/SA05/F11_SA05_R03_T2.5-7.5s.png,1,Fall,SA05
/content/drive/MyDrive/datasets/Mosaic_ADL_2x2/Fall/SA05/F11_SA05_R03_T5.0-10.0s.png,1,Fall,SA05
/content/drive/MyDrive/datasets/Mosaic_ADL_2x2/Fall/SA05/F11_SA05_R03_T7.5-12.5s.png,1,Fall,SA05
/content/drive/MyDrive/datasets/Mosaic_ADL_2x2/Fall/SA05/F11_SA05_R03_T10.0-15.0s.png,1,Fall,SA05
/content/drive/MyDrive/datasets/Mosaic_ADL_2x2/Fall/SA05/F11_SA05_R04_T0.0-5.0s.png,1,Fall,SA05
/content/drive/MyDrive/datasets/Mosaic_ADL_2x2/Fall/SA05/F11_SA05_R04_T2.5-7.5s.png,1,Fall,SA05
/content/drive/MyDrive/datasets/Mosaic_ADL_2x2/Fall/SA05/F11_SA05_R04_T5.0-10.0s.png,1,Fall,SA05
/content/drive/MyDrive/datasets/Mosaic_ADL_2x2/Fall/SA05/F11_SA05_R04_T7.5-12.5s.png,1,Fall,SA05
/content/drive/MyDrive/datasets/Mosaic_ADL_2x2/Fall/SA05/F11_SA05_R04_T10.0-15.0s.png,1,Fall,SA05
/content/drive/MyDrive/datasets/Mosaic_ADL_2x2/Fall/SA05/F11_SA05_R05_T0.0-5.0s.png,1,Fall,SA05
/content/drive/MyDrive/datasets/Mosaic_ADL_2x2/Fall/SA05/F11_SA05_R05_T2.5-7.5s.png,1,Fall,SA05
/content/drive/MyDrive/datasets/Mosaic_ADL_2x2/Fall/SA05/F11_SA05_R05_T5.0-10.0s.png,1,Fall,SA05
/content/drive/MyDrive/datasets/Mosaic_ADL_2x2/Fall/SA05/F11_SA05_R05_T7.5-12.5s.png,1,Fall,SA05
/content/drive/MyDrive/datasets/Mosaic_ADL_2x2/Fall/SA05/F11_SA05_R05_T10.0-15.0s.png,1,Fall,SA05
/content/drive/MyDrive/datasets/Mosaic_ADL_2x2/Fall/SA05/F12_SA05_R01_T0.0-5.0s.png,1,Fall,SA05
/content/drive/MyDrive/datasets/Mosaic_ADL_2x2/Fall/SA05/F12_SA05_R01_T2.5-7.5s.png,1,Fall,SA05
/content/drive/MyDrive/datasets/Mosaic_ADL_2x2/Fall/SA05/F12_SA05_R01_T5.0-10.0s.png,1,Fall,SA05
/content/drive/MyDrive/datasets/Mosaic_ADL_2x2/Fall/SA05/F12_SA05_R01_T7.5-12.5s.png,1,Fall,SA05
/content/drive/MyDrive/datasets/Mosaic_ADL_2x2/Fall/SA05/F12_SA05_R01_T10.0-15.0s.png,1,Fall,SA05
/content/drive/MyDrive/datasets/Mosaic_ADL_2x2/Fall/SA05/F12_SA05_R02_T0.0-5.0s.png,1,Fall,SA05
/content/drive/MyDrive/datasets/Mosaic_ADL_2x2/Fall/SA05/F12_SA05_R02_T2.5-7.5s.png,1,Fall,SA05
/content/drive/MyDrive/datasets/Mosaic_ADL_2x2/Fall/SA05/F12_SA05_R02_T5.0-10.0s.png,1,Fall,SA05
/content/drive/MyDrive/datasets/Mosaic_ADL_2x2/Fall/SA05/F12_SA05_R02_T7.5-12.5s.png,1,Fall,SA05
/content/drive/MyDrive/datasets/Mosaic_ADL_2x2/Fall/SA05/F12_SA05_R02_T10.0-15.0s.png,1,Fall,SA05
/content/drive/MyDrive/datasets/Mosaic_ADL_2x2/Fall/SA05/F12_SA05_R03_T0.0-5.0s.png,1,Fall,SA05
/content/drive/MyDrive/datasets/Mosaic_ADL_2x2/Fall/SA05/F12_SA05_R03_T2.5-7.5s.png,1,Fall,SA05
/content/drive/MyDrive/datasets/Mosaic_ADL_2x2/Fall/SA05/F12_SA05_R03_T5.0-10.0s.png,1,Fall,SA05
/content/drive/MyDrive/datasets/Mosaic_ADL_2x2/Fall/SA05/F12_SA05_R03_T7.5-12.5s.png,1,Fall,SA05
/content/drive/MyDrive/datasets/Mosaic_ADL_2x2/Fall/SA05/F12_SA05_R03_T10.0-15.0s.png,1,Fall,SA05
/content/drive/MyDrive/datasets/Mosaic_ADL_2x2/Fall/SA05/F12_SA05_R04_T0.0-5.0s.png,1,Fall,SA05
/content/drive/MyDrive/datasets/Mosaic_ADL_2x2/Fall/SA05/F12_SA05_R04_T2.5-7.5s.png,1,Fall,SA05
/content/drive/MyDrive/datasets/Mosaic_ADL_2x2/Fall/SA05/F12_SA05_R04_T5.0-10.0s.png,1,Fall,SA05
/content/drive/MyDrive/datasets/Mosaic_ADL_2x2/Fall/SA05/F12_SA05_R04_T7.5-12.5s.png,1,Fall,SA05
/content/drive/MyDrive/datasets/Mosaic_ADL_2x2/Fall/SA05/F12_SA05_R04_T10.0-15.0s.png,1,Fall,SA05
/content/drive/MyDrive/datasets/Mosaic_ADL_2x2/Fall/SA05/F12_SA05_R05_T0.0-5.0s.png,1,Fall,SA05
/content/drive/MyDrive/datasets/Mosaic_ADL_2x2/Fall/SA05/F12_SA05_R05_T2.5-7.5s.png,1,Fall,SA05
/content/drive/MyDrive/datasets/Mosaic_ADL_2x2/Fall/SA05/F12_SA05_R05_T5.0-10.0s.png,1,Fall,SA05
/content/drive/MyDrive/datasets/Mosaic_ADL_2x2/Fall/SA05/F12_SA05_R05_T7.5-12.5s.png,1,Fall,SA05
/content/drive/MyDrive/datasets/Mosaic_ADL_2x2/Fall/SA05/F12_SA05_R05_T10.0-15.0s.png,1,Fall,SA05
/content/drive/MyDrive/datasets/Mosaic_ADL_2x2/Fall/SA05/F13_SA05_R01_T0.0-5.0s.png,1,Fall,SA05
/content/drive/MyDrive/datasets/Mosaic_ADL_2x2/Fall/SA05/F13_SA05_R01_T2.5-7.5s.png,1,Fall,SA05
/content/drive/MyDrive/datasets/Mosaic_ADL_2x2/Fall/SA05/F13_SA05_R01_T5.0-10.0s.png,1,Fall,SA05
/content/drive/MyDrive/datasets/Mosaic_ADL_2x2/Fall/SA05/F13_SA05_R01_T7.5-12.5s.png,1,Fall,SA05
/content/drive/MyDrive/datasets/Mosaic_ADL_2x2/Fall/SA05/F13_SA05_R01_T10.0-15.0s.png,1,Fall,SA05
/content/drive/MyDrive/datasets/Mosaic_ADL_2x2/Fall/SA05/F13_SA05_R02_T0.0-5.0s.png,1,Fall,SA05
/content/drive/MyDrive/datasets/Mosaic_ADL_2x2/Fall/SA05/F13_SA05_R02_T2.5-7.5s.png,1,Fall,SA05
/content/drive/MyDrive/datasets/Mosaic_ADL_2x2/Fall/SA05/F13_SA05_R02_T5.0-10.0s.png,1,Fall,SA05
/content/drive/MyDrive/datasets/Mosaic_ADL_2x2/Fall/SA05/F13_SA05_R02_T7.5-12.5s.png,1,Fall,SA05
/content/drive/MyDrive/datasets/Mosaic_ADL_2x2/Fall/SA05/F13_SA05_R02_T10.0-15.0s.png,1,Fall,SA05
/content/drive/MyDrive/datasets/Mosaic_ADL_2x2/Fall/SA05/F13_SA05_R03_T0.0-5.0s.png,1,Fall,SA05
/content/drive/MyDrive/datasets/Mosaic_ADL_2x2/Fall/SA05/F13_SA05_R03_T2.5-7.5s.png,1,Fall,SA05
/content/drive/MyDrive/datasets/Mosaic_ADL_2x2/Fall/SA05/F13_SA05_R03_T5.0-10.0s.png,1,Fall,SA05
/content/drive/MyDrive/datasets/Mosaic_ADL_2x2/Fall/SA05/F13_SA05_R03_T7.5-12.5s.png,1,Fall,SA05
/content/drive/MyDrive/datasets/Mosaic_ADL_2x2/Fall/SA05/F13_SA05_R03_T10.0-15.0s.png,1,Fall,SA05
/content/drive/MyDrive/datasets/Mosaic_ADL_2x2/Fall/SA05/F13_SA05_R04_T0.0-5.0s.png,1,Fall,SA05
/content/drive/MyDrive/datasets/Mosaic_ADL_2x2/Fall/SA05/F13_SA05_R04_T2.5-7.5s.png,1,Fall,SA05
/content/drive/MyDrive/datasets/Mosaic_ADL_2x2/Fall/SA05/F13_SA05_R04_T5.0-10.0s.png,1,Fall,SA05
/content/drive/MyDrive/datasets/Mosaic_ADL_2x2/Fall/SA05/F13_SA05_R04_T7.5-12.5s.png,1,Fall,SA05
/content/drive/MyDrive/datasets/Mosaic_ADL_2x2/Fall/SA05/F13_SA05_R05_T0.0-5.0s.png,1,Fall,SA05
/content/drive/MyDrive/datasets/Mosaic_ADL_2x2/Fall/SA05/F13_SA05_R05_T2.5-7.5s.png,1,Fall,SA05
/content/drive/MyDrive/datasets/Mosaic_ADL_2x2/Fall/SA05/F13_SA05_R05_T5.0-10.0s.png,1,Fall,SA05
/content/drive/MyDrive/datasets/Mosaic_ADL_2x2/Fall/SA05/F13_SA05_R05_T7.5-12.5s.png,1,Fall,SA05
/content/drive/MyDrive/datasets/Mosaic_ADL_2x2/Fall/SA05/F14_SA05_R01_T0.0-5.0s.png,1,Fall,SA05
/content/drive/MyDrive/datasets/Mosaic_ADL_2x2/Fall/SA05/F14_SA05_R01_T2.5-7.5s.png,1,Fall,SA05
/content/drive/MyDrive/datasets/Mosaic_ADL_2x2/Fall/SA05/F14_SA05_R01_T5.0-10.0s.png,1,Fall,SA05
/content/drive/MyDrive/datasets/Mosaic_ADL_2x2/Fall/SA05/F14_SA05_R01_T7.5-12.5s.png,1,Fall,SA05
/content/drive/MyDrive/datasets/Mosaic_ADL_2x2/Fall/SA05/F14_SA05_R01_T10.0-15.0s.png,1,Fall,SA05
/content/drive/MyDrive/datasets/Mosaic_ADL_2x2/Fall/SA05/F14_SA05_R02_T0.0-5.0s.png,1,Fall,SA05
/content/drive/MyDrive/datasets/Mosaic_ADL_2x2/Fall/SA05/F14_SA05_R02_T2.5-7.5s.png,1,Fall,SA05
/content/drive/MyDrive/datasets/Mosaic_ADL_2x2/Fall/SA05/F14_SA05_R02_T5.0-10.0s.png,1,Fall,SA05
/content/drive/MyDrive/datasets/Mosaic_ADL_2x2/Fall/SA05/F14_SA05_R02_T7.5-12.5s.png,1,Fall,SA05
/content/drive/MyDrive/datasets/Mosaic_ADL_2x2/Fall/SA05/F14_SA05_R02_T10.0-15.0s.png,1,Fall,SA05
/content/drive/MyDrive/datasets/Mosaic_ADL_2x2/Fall/SA05/F14_SA05_R03_T0.0-5.0s.png,1,Fall,SA05
/content/drive/MyDrive/datasets/Mosaic_ADL_2x2/Fall/SA05/F14_SA05_R03_T2.5-7.5s.png,1,Fall,SA05
/content/drive/MyDrive/datasets/Mosaic_ADL_2x2/Fall/SA05/F14_SA05_R03_T5.0-10.0s.png,1,Fall,SA05
/content/drive/MyDrive/datasets/Mosaic_ADL_2x2/Fall/SA05/F14_SA05_R03_T7.5-12.5s.png,1,Fall,SA05
/content/drive/MyDrive/datasets/Mosaic_ADL_2x2/Fall/SA05/F14_SA05_R03_T10.0-15.0s.png,1,Fall,SA05
/content/drive/MyDrive/datasets/Mosaic_ADL_2x2/Fall/SA05/F14_SA05_R04_T0.0-5.0s.png,1,Fall,SA05
/content/drive/MyDrive/datasets/Mosaic_ADL_2x2/Fall/SA05/F14_SA05_R04_T2.5-7.5s.png,1,Fall,SA05
/content/drive/MyDrive/datasets/Mosaic_ADL_2x2/Fall/SA05/F14_SA05_R04_T5.0-10.0s.png,1,Fall,SA05
/content/drive/MyDrive/datasets/Mosaic_ADL_2x2/Fall/SA05/F14_SA05_R04_T7.5-12.5s.png,1,Fall,SA05
/content/drive/MyDrive/datasets/Mosaic_ADL_2x2/Fall/SA05/F14_SA05_R04_T10.0-15.0s.png,1,Fall,SA05
/content/drive/MyDrive/datasets/Mosaic_ADL_2x2/Fall/SA05/F14_SA05_R05_T0.0-5.0s.png,1,Fall,SA05
/content/drive/MyDrive/datasets/Mosaic_ADL_2x2/Fall/SA05/F14_SA05_R05_T2.5-7.5s.png,1,Fall,SA05
/content/drive/MyDrive/datasets/Mosaic_ADL_2x2/Fall/SA05/F14_SA05_R05_T5.0-10.0s.png,1,Fall,SA05
/content/drive/MyDrive/datasets/Mosaic_ADL_2x2/Fall/SA05/F14_SA05_R05_T7.5-12.5s.png,1,Fall,SA05
/content/drive/MyDrive/datasets/Mosaic_ADL_2x2/Fall/SA05/F14_SA05_R05_T10.0-15.0s.png,1,Fall,SA05
/content/drive/MyDrive/datasets/Mosaic_ADL_2x2/Fall/SA05/F15_SA05_R01_T0.0-5.0s.png,1,Fall,SA05
/content/drive/MyDrive/datasets/Mosaic_ADL_2x2/Fall/SA05/F15_SA05_R01_T2.5-7.5s.png,1,Fall,SA05
/content/drive/MyDrive/datasets/Mosaic_ADL_2x2/Fall/SA05/F15_SA05_R01_T5.0-10.0s.png,1,Fall,SA05
/content/drive/MyDrive/datasets/Mosaic_ADL_2x2/Fall/SA05/F15_SA05_R01_T7.5-12.5s.png,1,Fall,SA05
/content/drive/MyDrive/datasets/Mosaic_ADL_2x2/Fall/SA05/F15_SA05_R01_T10.0-15.0s.png,1,Fall,SA05
/content/drive/MyDrive/datasets/Mosaic_ADL_2x2/Fall/SA05/F15_SA05_R02_T0.0-5.0s.png,1,Fall,SA05
/content/drive/MyDrive/datasets/Mosaic_ADL_2x2/Fall/SA05/F15_SA05_R02_T2.5-7.5s.png,1,Fall,SA05
/content/drive/MyDrive/datasets/Mosaic_ADL_2x2/Fall/SA05/F15_SA05_R02_T5.0-10.0s.png,1,Fall,SA05
/content/drive/MyDrive/datasets/Mosaic_ADL_2x2/Fall/SA05/F15_SA05_R02_T7.5-12.5s.png,1,Fall,SA05
/content/drive/MyDrive/datasets/Mosaic_ADL_2x2/Fall/SA05/F15_SA05_R02_T10.0-15.0s.png,1,Fall,SA05
/content/drive/MyDrive/datasets/Mosaic_ADL_2x2/Fall/SA05/F15_SA05_R03_T0.0-5.0s.png,1,Fall,SA05
/content/drive/MyDrive/datasets/Mosaic_ADL_2x2/Fall/SA05/F15_SA05_R03_T2.5-7.5s.png,1,Fall,SA05
/content/drive/MyDrive/datasets/Mosaic_ADL_2x2/Fall/SA05/F15_SA05_R03_T5.0-10.0s.png,1,Fall,SA05
/content/drive/MyDrive/datasets/Mosaic_ADL_2x2/Fall/SA05/F15_SA05_R03_T7.5-12.5s.png,1,Fall,SA05
/content/drive/MyDrive/datasets/Mosaic_ADL_2x2/Fall/SA05/F15_SA05_R03_T10.0-15.0s.png,1,Fall,SA05
/content/drive/MyDrive/datasets/Mosaic_ADL_2x2/Fall/SA05/F15_SA05_R04_T0.0-5.0s.png,1,Fall,SA05
/content/drive/MyDrive/datasets/Mosaic_ADL_2x2/Fall/SA05/F15_SA05_R04_T2.5-7.5s.png,1,Fall,SA05
/content/drive/MyDrive/datasets/Mosaic_ADL_2x2/Fall/SA05/F15_SA05_R04_T5.0-10.0s.png,1,Fall,SA05
/content/drive/MyDrive/datasets/Mosaic_ADL_2x2/Fall/SA05/F15_SA05_R04_T7.5-12.5s.png,1,Fall,SA05
/content/drive/MyDrive/datasets/Mosaic_ADL_2x2/Fall/SA05/F15_SA05_R04_T10.0-15.0s.png,1,Fall,SA05
/content/drive/MyDrive/datasets/Mosaic_ADL_2x2/Fall/SA05/F15_SA05_R05_T0.0-5.0s.png,1,Fall,SA05
/content/drive/MyDrive/datasets/Mosaic_ADL_2x2/Fall/SA05/F15_SA05_R05_T2.5-7.5s.png,1,Fall,SA05
/content/drive/MyDrive/datasets/Mosaic_ADL_2x2/Fall/SA05/F15_SA05_R05_T5.0-10.0s.png,1,Fall,SA05
/content/drive/MyDrive/datasets/Mosaic_ADL_2x2/Fall/SA05/F15_SA05_R05_T7.5-12.5s.png,1,Fall,SA05
/content/drive/MyDrive/datasets/Mosaic_ADL_2x2/Fall/SA05/F15_SA05_R05_T10.0-15.0s.png,1,Fall,SA05
/content/drive/MyDrive/datasets/Mosaic_ADL_2x2/Fall/SA17/F01_SA17_R01_T0.0-5.0s.png,1,Fall,SA17
/content/drive/MyDrive/datasets/Mosaic_ADL_2x2/Fall/SA17/F01_SA17_R01_T2.5-7.5s.png,1,Fall,SA17
/content/drive/MyDrive/datasets/Mosaic_ADL_2x2/Fall/SA17/F01_SA17_R01_T5.0-10.0s.png,1,Fall,SA17
/content/drive/MyDrive/datasets/Mosaic_ADL_2x2/Fall/SA17/F01_SA17_R01_T7.5-12.5s.png,1,Fall,SA17
/content/drive/MyDrive/datasets/Mosaic_ADL_2x2/Fall/SA17/F01_SA17_R02_T0.0-5.0s.png,1,Fall,SA17
/content/drive/MyDrive/datasets/Mosaic_ADL_2x2/Fall/SA17/F01_SA17_R02_T2.5-7.5s.png,1,Fall,SA17
/content/drive/MyDrive/datasets/Mosaic_ADL_2x2/Fall/SA17/F01_SA17_R02_T5.0-10.0s.png,1,Fall,SA17
/content/drive/MyDrive/datasets/Mosaic_ADL_2x2/Fall/SA17/F01_SA17_R02_T7.5-12.5s.png,1,Fall,SA17
/content/drive/MyDrive/datasets/Mosaic_ADL_2x2/Fall/SA17/F01_SA17_R02_T10.0-15.0s.png,1,Fall,SA17
/content/drive/MyDrive/datasets/Mosaic_ADL_2x2/Fall/SA17/F01_SA17_R03_T0.0-5.0s.png,1,Fall,SA17
/content/drive/MyDrive/datasets/Mosaic_ADL_2x2/Fall/SA17/F01_SA17_R03_T2.5-7.5s.png,1,Fall,SA17
/content/drive/MyDrive/datasets/Mosaic_ADL_2x2/Fall/SA17/F01_SA17_R03_T5.0-10.0s.png,1,Fall,SA17
/content/drive/MyDrive/datasets/Mosaic_ADL_2x2/Fall/SA17/F01_SA17_R03_T7.5-12.5s.png,1,Fall,SA17
/content/drive/MyDrive/datasets/Mosaic_ADL_2x2/Fall/SA17/F01_SA17_R03_T10.0-15.0s.png,1,Fall,SA17
/content/drive/MyDrive/datasets/Mosaic_ADL_2x2/Fall/SA17/F01_SA17_R04_T0.0-5.0s.png,1,Fall,SA17
/content/drive/MyDrive/datasets/Mosaic_ADL_2x2/Fall/SA17/F01_SA17_R04_T2.5-7.5s.png,1,Fall,SA17
/content/drive/MyDrive/datasets/Mosaic_ADL_2x2/Fall/SA17/F01_SA17_R04_T5.0-10.0s.png,1,Fall,SA17
/content/drive/MyDrive/datasets/Mosaic_ADL_2x2/Fall/SA17/F01_SA17_R04_T7.5-12.5s.png,1,Fall,SA17
/content/drive/MyDrive/datasets/Mosaic_ADL_2x2/Fall/SA17/F01_SA17_R04_T10.0-15.0s.png,1,Fall,SA17
/content/drive/MyDrive/datasets/Mosaic_ADL_2x2/Fall/SA17/F01_SA17_R05_T0.0-5.0s.png,1,Fall,SA17
/content/drive/MyDrive/datasets/Mosaic_ADL_2x2/Fall/SA17/F01_SA17_R05_T2.5-7.5s.png,1,Fall,SA17
/content/drive/MyDrive/datasets/Mosaic_ADL_2x2/Fall/SA17/F01_SA17_R05_T5.0-10.0s.png,1,Fall,SA17
/content/drive/MyDrive/datasets/Mosaic_ADL_2x2/Fall/SA17/F01_SA17_R05_T7.5-12.5s.png,1,Fall,SA17
/content/drive/MyDrive/datasets/Mosaic_ADL_2x2/Fall/SA17/F01_SA17_R05_T10.0-15.0s.png,1,Fall,SA17
/content/drive/MyDrive/datasets/Mosaic_ADL_2x2/Fall/SA17/F02_SA17_R01_T0.0-5.0s.png,1,Fall,SA17
/content/drive/MyDrive/datasets/Mosaic_ADL_2x2/Fall/SA17/F02_SA17_R01_T2.5-7.5s.png,1,Fall,SA17
/content/drive/MyDrive/datasets/Mosaic_ADL_2x2/Fall/SA17/F02_SA17_R01_T5.0-10.0s.png,1,Fall,SA17
/content/drive/MyDrive/datasets/Mosaic_ADL_2x2/Fall/SA17/F02_SA17_R01_T7.5-12.5s.png,1,Fall,SA17
/content/drive/MyDrive/datasets/Mosaic_ADL_2x2/Fall/SA17/F02_SA17_R02_T0.0-5.0s.png,1,Fall,SA17
/content/drive/MyDrive/datasets/Mosaic_ADL_2x2/Fall/SA17/F02_SA17_R02_T2.5-7.5s.png,1,Fall,SA17
/content/drive/MyDrive/datasets/Mosaic_ADL_2x2/Fall/SA17/F02_SA17_R02_T5.0-10.0s.png,1,Fall,SA17
/content/drive/MyDrive/datasets/Mosaic_ADL_2x2/Fall/SA17/F02_SA17_R02_T7.5-12.5s.png,1,Fall,SA17
/content/drive/MyDrive/datasets/Mosaic_ADL_2x2/Fall/SA17/F02_SA17_R02_T10.0-15.0s.png,1,Fall,SA17
/content/drive/MyDrive/datasets/Mosaic_ADL_2x2/Fall/SA17/F02_SA17_R03_T0.0-5.0s.png,1,Fall,SA17
/content/drive/MyDrive/datasets/Mosaic_ADL_2x2/Fall/SA17/F02_SA17_R03_T2.5-7.5s.png,1,Fall,SA17
/content/drive/MyDrive/datasets/Mosaic_ADL_2x2/Fall/SA17/F02_SA17_R03_T5.0-10.0s.png,1,Fall,SA17
/content/drive/MyDrive/datasets/Mosaic_ADL_2x2/Fall/SA17/F02_SA17_R03_T7.5-12.5s.png,1,Fall,SA17
/content/drive/MyDrive/datasets/Mosaic_ADL_2x2/Fall/SA17/F02_SA17_R03_T10.0-15.0s.png,1,Fall,SA17
/content/drive/MyDrive/datasets/Mosaic_ADL_2x2/Fall/SA17/F02_SA17_R04_T0.0-5.0s.png,1,Fall,SA17
/content/drive/MyDrive/datasets/Mosaic_ADL_2x2/Fall/SA17/F02_SA17_R04_T2.5-7.5s.png,1,Fall,SA17
/content/drive/MyDrive/datasets/Mosaic_ADL_2x2/Fall/SA17/F02_SA17_R04_T5.0-10.0s.png,1,Fall,SA17
/content/drive/MyDrive/datasets/Mosaic_ADL_2x2/Fall/SA17/F02_SA17_R04_T7.5-12.5s.png,1,Fall,SA17
/content/drive/MyDrive/datasets/Mosaic_ADL_2x2/Fall/SA17/F02_SA17_R04_T10.0-15.0s.png,1,Fall,SA17
/content/drive/MyDrive/datasets/Mosaic_ADL_2x2/Fall/SA17/F02_SA17_R05_T0.0-5.0s.png,1,Fall,SA17
/content/drive/MyDrive/datasets/Mosaic_ADL_2x2/Fall/SA17/F02_SA17_R05_T2.5-7.5s.png,1,Fall,SA17
/content/drive/MyDrive/datasets/Mosaic_ADL_2x2/Fall/SA17/F02_SA17_R05_T5.0-10.0s.png,1,Fall,SA17
/content/drive/MyDrive/datasets/Mosaic_ADL_2x2/Fall/SA17/F02_SA17_R05_T7.5-12.5s.png,1,Fall,SA17
/content/drive/MyDrive/datasets/Mosaic_ADL_2x2/Fall/SA17/F02_SA17_R05_T10.0-15.0s.png,1,Fall,SA17
/content/drive/MyDrive/datasets/Mosaic_ADL_2x2/Fall/SA17/F03_SA17_R01_T0.0-5.0s.png,1,Fall,SA17
/content/drive/MyDrive/datasets/Mosaic_ADL_2x2/Fall/SA17/F03_SA17_R01_T2.5-7.5s.png,1,Fall,SA17
/content/drive/MyDrive/datasets/Mosaic_ADL_2x2/Fall/SA17/F03_SA17_R01_T5.0-10.0s.png,1,Fall,SA17
/content/drive/MyDrive/datasets/Mosaic_ADL_2x2/Fall/SA17/F03_SA17_R01_T7.5-12.5s.png,1,Fall,SA17
/content/drive/MyDrive/datasets/Mosaic_ADL_2x2/Fall/SA17/F03_SA17_R01_T10.0-15.0s.png,1,Fall,SA17
/content/drive/MyDrive/datasets/Mosaic_ADL_2x2/Fall/SA17/F03_SA17_R02_T0.0-5.0s.png,1,Fall,SA17
/content/drive/MyDrive/datasets/Mosaic_ADL_2x2/Fall/SA17/F03_SA17_R02_T2.5-7.5s.png,1,Fall,SA17
/content/drive/MyDrive/datasets/Mosaic_ADL_2x2/Fall/SA17/F03_SA17_R02_T5.0-10.0s.png,1,Fall,SA17
/content/drive/MyDrive/datasets/Mosaic_ADL_2x2/Fall/SA17/F03_SA17_R02_T7.5-12.5s.png,1,Fall,SA17
/content/drive/MyDrive/datasets/Mosaic_ADL_2x2/Fall/SA17/F03_SA17_R02_T10.0-15.0s.png,1,Fall,SA17
/content/drive/MyDrive/datasets/Mosaic_ADL_2x2/Fall/SA17/F03_SA17_R03_T0.0-5.0s.png,1,Fall,SA17
/content/drive/MyDrive/datasets/Mosaic_ADL_2x2/Fall/SA17/F03_SA17_R03_T2.5-7.5s.png,1,Fall,SA17
/content/drive/MyDrive/datasets/Mosaic_ADL_2x2/Fall/SA17/F03_SA17_R03_T5.0-10.0s.png,1,Fall,SA17
/content/drive/MyDrive/datasets/Mosaic_ADL_2x2/Fall/SA17/F03_SA17_R03_T7.5-12.5s.png,1,Fall,SA17
/content/drive/MyDrive/datasets/Mosaic_ADL_2x2/Fall/SA17/F03_SA17_R03_T10.0-15.0s.png,1,Fall,SA17
/content/drive/MyDrive/datasets/Mosaic_ADL_2x2/Fall/SA17/F03_SA17_R04_T0.0-5.0s.png,1,Fall,SA17
/content/drive/MyDrive/datasets/Mosaic_ADL_2x2/Fall/SA17/F03_SA17_R04_T2.5-7.5s.png,1,Fall,SA17
/content/drive/MyDrive/datasets/Mosaic_ADL_2x2/Fall/SA17/F03_SA17_R04_T5.0-10.0s.png,1,Fall,SA17
/content/drive/MyDrive/datasets/Mosaic_ADL_2x2/Fall/SA17/F03_SA17_R04_T7.5-12.5s.png,1,Fall,SA17
/content/drive/MyDrive/datasets/Mosaic_ADL_2x2/Fall/SA17/F03_SA17_R04_T10.0-15.0s.png,1,Fall,SA17
/content/drive/MyDrive/datasets/Mosaic_ADL_2x2/Fall/SA17/F03_SA17_R05_T0.0-5.0s.png,1,Fall,SA17
/content/drive/MyDrive/datasets/Mosaic_ADL_2x2/Fall/SA17/F03_SA17_R05_T2.5-7.5s.png,1,Fall,SA17
/content/drive/MyDrive/datasets/Mosaic_ADL_2x2/Fall/SA17/F03_SA17_R05_T5.0-10.0s.png,1,Fall,SA17
/content/drive/MyDrive/datasets/Mosaic_ADL_2x2/Fall/SA17/F03_SA17_R05_T7.5-12.5s.png,1,Fall,SA17
/content/drive/MyDrive/datasets/Mosaic_ADL_2x2/Fall/SA17/F03_SA17_R05_T10.0-15.0s.png,1,Fall,SA17
/content/drive/MyDrive/datasets/Mosaic_ADL_2x2/Fall/SA17/F04_SA17_R01_T0.0-5.0s.png,1,Fall,SA17
/content/drive/MyDrive/datasets/Mosaic_ADL_2x2/Fall/SA17/F04_SA17_R01_T2.5-7.5s.png,1,Fall,SA17
/content/drive/MyDrive/datasets/Mosaic_ADL_2x2/Fall/SA17/F04_SA17_R01_T5.0-10.0s.png,1,Fall,SA17
/content/drive/MyDrive/datasets/Mosaic_ADL_2x2/Fall/SA17/F04_SA17_R01_T7.5-12.5s.png,1,Fall,SA17
/content/drive/MyDrive/datasets/Mosaic_ADL_2x2/Fall/SA17/F04_SA17_R02_T0.0-5.0s.png,1,Fall,SA17
/content/drive/MyDrive/datasets/Mosaic_ADL_2x2/Fall/SA17/F04_SA17_R02_T2.5-7.5s.png,1,Fall,SA17
/content/drive/MyDrive/datasets/Mosaic_ADL_2x2/Fall/SA17/F04_SA17_R02_T5.0-10.0s.png,1,Fall,SA17
/content/drive/MyDrive/datasets/Mosaic_ADL_2x2/Fall/SA17/F04_SA17_R02_T7.5-12.5s.png,1,Fall,SA17
/content/drive/MyDrive/datasets/Mosaic_ADL_2x2/Fall/SA17/F04_SA17_R02_T10.0-15.0s.png,1,Fall,SA17
/content/drive/MyDrive/datasets/Mosaic_ADL_2x2/Fall/SA17/F04_SA17_R03_T0.0-5.0s.png,1,Fall,SA17
/content/drive/MyDrive/datasets/Mosaic_ADL_2x2/Fall/SA17/F04_SA17_R03_T2.5-7.5s.png,1,Fall,SA17
/content/drive/MyDrive/datasets/Mosaic_ADL_2x2/Fall/SA17/F04_SA17_R03_T5.0-10.0s.png,1,Fall,SA17
/content/drive/MyDrive/datasets/Mosaic_ADL_2x2/Fall/SA17/F04_SA17_R03_T7.5-12.5s.png,1,Fall,SA17
/content/drive/MyDrive/datasets/Mosaic_ADL_2x2/Fall/SA17/F04_SA17_R03_T10.0-15.0s.png,1,Fall,SA17
/content/drive/MyDrive/datasets/Mosaic_ADL_2x2/Fall/SA17/F04_SA17_R04_T0.0-5.0s.png,1,Fall,SA17
/content/drive/MyDrive/datasets/Mosaic_ADL_2x2/Fall/SA17/F04_SA17_R04_T2.5-7.5s.png,1,Fall,SA17
/content/drive/MyDrive/datasets/Mosaic_ADL_2x2/Fall/SA17/F04_SA17_R04_T5.0-10.0s.png,1,Fall,SA17
/content/drive/MyDrive/datasets/Mosaic_ADL_2x2/Fall/SA17/F04_SA17_R04_T7.5-12.5s.png,1,Fall,SA17
/content/drive/MyDrive/datasets/Mosaic_ADL_2x2/Fall/SA17/F04_SA17_R04_T10.0-15.0s.png,1,Fall,SA17
/content/drive/MyDrive/datasets/Mosaic_ADL_2x2/Fall/SA17/F04_SA17_R05_T0.0-5.0s.png,1,Fall,SA17
/content/drive/MyDrive/datasets/Mosaic_ADL_2x2/Fall/SA17/F04_SA17_R05_T2.5-7.5s.png,1,Fall,SA17
/content/drive/MyDrive/datasets/Mosaic_ADL_2x2/Fall/SA17/F04_SA17_R05_T5.0-10.0s.png,1,Fall,SA17
/content/drive/MyDrive/datasets/Mosaic_ADL_2x2/Fall/SA17/F04_SA17_R05_T7.5-12.5s.png,1,Fall,SA17
/content/drive/MyDrive/datasets/Mosaic_ADL_2x2/Fall/SA17/F04_SA17_R05_T10.0-15.0s.png,1,Fall,SA17
/content/drive/MyDrive/datasets/Mosaic_ADL_2x2/Fall/SA17/F05_SA17_R01_T0.0-5.0s.png,1,Fall,SA17
/content/drive/MyDrive/datasets/Mosaic_ADL_2x2/Fall/SA17/F05_SA17_R01_T2.5-7.5s.png,1,Fall,SA17
/content/drive/MyDrive/datasets/Mosaic_ADL_2x2/Fall/SA17/F05_SA17_R01_T5.0-10.0s.png,1,Fall,SA17
/content/drive/MyDrive/datasets/Mosaic_ADL_2x2/Fall/SA17/F05_SA17_R01_T7.5-12.5s.png,1,Fall,SA17
/content/drive/MyDrive/datasets/Mosaic_ADL_2x2/Fall/SA17/F05_SA17_R01_T10.0-15.0s.png,1,Fall,SA17
/content/drive/MyDrive/datasets/Mosaic_ADL_2x2/Fall/SA17/F05_SA17_R02_T0.0-5.0s.png,1,Fall,SA17
/content/drive/MyDrive/datasets/Mosaic_ADL_2x2/Fall/SA17/F05_SA17_R02_T2.5-7.5s.png,1,Fall,SA17
/content/drive/MyDrive/datasets/Mosaic_ADL_2x2/Fall/SA17/F05_SA17_R02_T5.0-10.0s.png,1,Fall,SA17
/content/drive/MyDrive/datasets/Mosaic_ADL_2x2/Fall/SA17/F05_SA17_R02_T7.5-12.5s.png,1,Fall,SA17
/content/drive/MyDrive/datasets/Mosaic_ADL_2x2/Fall/SA17/F05_SA17_R02_T10.0-15.0s.png,1,Fall,SA17
/content/drive/MyDrive/datasets/Mosaic_ADL_2x2/Fall/SA17/F05_SA17_R03_T0.0-5.0s.png,1,Fall,SA17
/content/drive/MyDrive/datasets/Mosaic_ADL_2x2/Fall/SA17/F05_SA17_R03_T2.5-7.5s.png,1,Fall,SA17
/content/drive/MyDrive/datasets/Mosaic_ADL_2x2/Fall/SA17/F05_SA17_R03_T5.0-10.0s.png,1,Fall,SA17
/content/drive/MyDrive/datasets/Mosaic_ADL_2x2/Fall/SA17/F05_SA17_R03_T7.5-12.5s.png,1,Fall,SA17
/content/drive/MyDrive/datasets/Mosaic_ADL_2x2/Fall/SA17/F05_SA17_R03_T10.0-15.0s.png,1,Fall,SA17
/content/drive/MyDrive/datasets/Mosaic_ADL_2x2/Fall/SA17/F05_SA17_R04_T0.0-5.0s.png,1,Fall,SA17
/content/drive/MyDrive/datasets/Mosaic_ADL_2x2/Fall/SA17/F05_SA17_R04_T2.5-7.5s.png,1,Fall,SA17
/content/drive/MyDrive/datasets/Mosaic_ADL_2x2/Fall/SA17/F05_SA17_R04_T5.0-10.0s.png,1,Fall,SA17
/content/drive/MyDrive/datasets/Mosaic_ADL_2x2/Fall/SA17/F05_SA17_R04_T7.5-12.5s.png,1,Fall,SA17
/content/drive/MyDrive/datasets/Mosaic_ADL_2x2/Fall/SA17/F05_SA17_R04_T10.0-15.0s.png,1,Fall,SA17
/content/drive/MyDrive/datasets/Mosaic_ADL_2x2/Fall/SA17/F05_SA17_R05_T0.0-5.0s.png,1,Fall,SA17
/content/drive/MyDrive/datasets/Mosaic_ADL_2x2/Fall/SA17/F05_SA17_R05_T2.5-7.5s.png,1,Fall,SA17
/content/drive/MyDrive/datasets/Mosaic_ADL_2x2/Fall/SA17/F05_SA17_R05_T5.0-10.0s.png,1,Fall,SA17
/content/drive/MyDrive/datasets/Mosaic_ADL_2x2/Fall/SA17/F05_SA17_R05_T7.5-12.5s.png,1,Fall,SA17
/content/drive/MyDrive/datasets/Mosaic_ADL_2x2/Fall/SA17/F05_SA17_R05_T10.0-15.0s.png,1,Fall,SA17
/content/drive/MyDrive/datasets/Mosaic_ADL_2x2/Fall/SA17/F06_SA17_R01_T0.0-5.0s.png,1,Fall,SA17
/content/drive/MyDrive/datasets/Mosaic_ADL_2x2/Fall/SA17/F06_SA17_R01_T2.5-7.5s.png,1,Fall,SA17
/content/drive/MyDrive/datasets/Mosaic_ADL_2x2/Fall/SA17/F06_SA17_R01_T5.0-10.0s.png,1,Fall,SA17
/content/drive/MyDrive/datasets/Mosaic_ADL_2x2/Fall/SA17/F06_SA17_R01_T7.5-12.5s.png,1,Fall,SA17
/content/drive/MyDrive/datasets/Mosaic_ADL_2x2/Fall/SA17/F06_SA17_R02_T0.0-5.0s.png,1,Fall,SA17
/content/drive/MyDrive/datasets/Mosaic_ADL_2x2/Fall/SA17/F06_SA17_R02_T2.5-7.5s.png,1,Fall,SA17
/content/drive/MyDrive/datasets/Mosaic_ADL_2x2/Fall/SA17/F06_SA17_R02_T5.0-10.0s.png,1,Fall,SA17
/content/drive/MyDrive/datasets/Mosaic_ADL_2x2/Fall/SA17/F06_SA17_R02_T7.5-12.5s.png,1,Fall,SA17
/content/drive/MyDrive/datasets/Mosaic_ADL_2x2/Fall/SA17/F06_SA17_R02_T10.0-15.0s.png,1,Fall,SA17
/content/drive/MyDrive/datasets/Mosaic_ADL_2x2/Fall/SA17/F06_SA17_R03_T0.0-5.0s.png,1,Fall,SA17
/content/drive/MyDrive/datasets/Mosaic_ADL_2x2/Fall/SA17/F06_SA17_R03_T2.5-7.5s.png,1,Fall,SA17
/content/drive/MyDrive/datasets/Mosaic_ADL_2x2/Fall/SA17/F06_SA17_R03_T5.0-10.0s.png,1,Fall,SA17
/content/drive/MyDrive/datasets/Mosaic_ADL_2x2/Fall/SA17/F06_SA17_R03_T7.5-12.5s.png,1,Fall,SA17
/content/drive/MyDrive/datasets/Mosaic_ADL_2x2/Fall/SA17/F06_SA17_R04_T0.0-5.0s.png,1,Fall,SA17
/content/drive/MyDrive/datasets/Mosaic_ADL_2x2/Fall/SA17/F06_SA17_R04_T2.5-7.5s.png,1,Fall,SA17
/content/drive/MyDrive/datasets/Mosaic_ADL_2x2/Fall/SA17/F06_SA17_R04_T5.0-10.0s.png,1,Fall,SA17
/content/drive/MyDrive/datasets/Mosaic_ADL_2x2/Fall/SA17/F06_SA17_R04_T7.5-12.5s.png,1,Fall,SA17
/content/drive/MyDrive/datasets/Mosaic_ADL_2x2/Fall/SA17/F06_SA17_R04_T10.0-15.0s.png,1,Fall,SA17
/content/drive/MyDrive/datasets/Mosaic_ADL_2x2/Fall/SA17/F06_SA17_R05_T0.0-5.0s.png,1,Fall,SA17
/content/drive/MyDrive/datasets/Mosaic_ADL_2x2/Fall/SA17/F06_SA17_R05_T2.5-7.5s.png,1,Fall,SA17
/content/drive/MyDrive/datasets/Mosaic_ADL_2x2/Fall/SA17/F06_SA17_R05_T5.0-10.0s.png,1,Fall,SA17
/content/drive/MyDrive/datasets/Mosaic_ADL_2x2/Fall/SA17/F06_SA17_R05_T7.5-12.5s.png,1,Fall,SA17
/content/drive/MyDrive/datasets/Mosaic_ADL_2x2/Fall/SA17/F06_SA17_R05_T10.0-15.0s.png,1,Fall,SA17
/content/drive/MyDrive/datasets/Mosaic_ADL_2x2/Fall/SA17/F07_SA17_R01_T0.0-5.0s.png,1,Fall,SA17
/content/drive/MyDrive/datasets/Mosaic_ADL_2x2/Fall/SA17/F07_SA17_R01_T2.5-7.5s.png,1,Fall,SA17
/content/drive/MyDrive/datasets/Mosaic_ADL_2x2/Fall/SA17/F07_SA17_R01_T5.0-10.0s.png,1,Fall,SA17
/content/drive/MyDrive/datasets/Mosaic_ADL_2x2/Fall/SA17/F07_SA17_R01_T7.5-12.5s.png,1,Fall,SA17
/content/drive/MyDrive/datasets/Mosaic_ADL_2x2/Fall/SA17/F07_SA17_R01_T10.0-15.0s.png,1,Fall,SA17
/content/drive/MyDrive/datasets/Mosaic_ADL_2x2/Fall/SA17/F07_SA17_R02_T0.0-5.0s.png,1,Fall,SA17
/content/drive/MyDrive/datasets/Mosaic_ADL_2x2/Fall/SA17/F07_SA17_R02_T2.5-7.5s.png,1,Fall,SA17
/content/drive/MyDrive/datasets/Mosaic_ADL_2x2/Fall/SA17/F07_SA17_R02_T5.0-10.0s.png,1,Fall,SA17
/content/drive/MyDrive/datasets/Mosaic_ADL_2x2/Fall/SA17/F07_SA17_R02_T7.5-12.5s.png,1,Fall,SA17
/content/drive/MyDrive/datasets/Mosaic_ADL_2x2/Fall/SA17/F07_SA17_R02_T10.0-15.0s.png,1,Fall,SA17
/content/drive/MyDrive/datasets/Mosaic_ADL_2x2/Fall/SA17/F07_SA17_R03_T0.0-5.0s.png,1,Fall,SA17
/content/drive/MyDrive/datasets/Mosaic_ADL_2x2/Fall/SA17/F07_SA17_R03_T2.5-7.5s.png,1,Fall,SA17
/content/drive/MyDrive/datasets/Mosaic_ADL_2x2/Fall/SA17/F07_SA17_R03_T5.0-10.0s.png,1,Fall,SA17
/content/drive/MyDrive/datasets/Mosaic_ADL_2x2/Fall/SA17/F07_SA17_R03_T7.5-12.5s.png,1,Fall,SA17
/content/drive/MyDrive/datasets/Mosaic_ADL_2x2/Fall/SA17/F07_SA17_R03_T10.0-15.0s.png,1,Fall,SA17
/content/drive/MyDrive/datasets/Mosaic_ADL_2x2/Fall/SA17/F07_SA17_R04_T0.0-5.0s.png,1,Fall,SA17
/content/drive/MyDrive/datasets/Mosaic_ADL_2x2/Fall/SA17/F07_SA17_R04_T2.5-7.5s.png,1,Fall,SA17
/content/drive/MyDrive/datasets/Mosaic_ADL_2x2/Fall/SA17/F07_SA17_R04_T5.0-10.0s.png,1,Fall,SA17
/content/drive/MyDrive/datasets/Mosaic_ADL_2x2/Fall/SA17/F07_SA17_R04_T7.5-12.5s.png,1,Fall,SA17
/content/drive/MyDrive/datasets/Mosaic_ADL_2x2/Fall/SA17/F07_SA17_R04_T10.0-15.0s.png,1,Fall,SA17
/content/drive/MyDrive/datasets/Mosaic_ADL_2x2/Fall/SA17/F07_SA17_R05_T0.0-5.0s.png,1,Fall,SA17
/content/drive/MyDrive/datasets/Mosaic_ADL_2x2/Fall/SA17/F07_SA17_R05_T2.5-7.5s.png,1,Fall,SA17
/content/drive/MyDrive/datasets/Mosaic_ADL_2x2/Fall/SA17/F07_SA17_R05_T5.0-10.0s.png,1,Fall,SA17
/content/drive/MyDrive/datasets/Mosaic_ADL_2x2/Fall/SA17/F07_SA17_R05_T7.5-12.5s.png,1,Fall,SA17
/content/drive/MyDrive/datasets/Mosaic_ADL_2x2/Fall/SA17/F07_SA17_R05_T10.0-15.0s.png,1,Fall,SA17
/content/drive/MyDrive/datasets/Mosaic_ADL_2x2/Fall/SA17/F08_SA17_R01_T0.0-5.0s.png,1,Fall,SA17
/content/drive/MyDrive/datasets/Mosaic_ADL_2x2/Fall/SA17/F08_SA17_R01_T2.5-7.5s.png,1,Fall,SA17
/content/drive/MyDrive/datasets/Mosaic_ADL_2x2/Fall/SA17/F08_SA17_R01_T5.0-10.0s.png,1,Fall,SA17
/content/drive/MyDrive/datasets/Mosaic_ADL_2x2/Fall/SA17/F08_SA17_R01_T7.5-12.5s.png,1,Fall,SA17
/content/drive/MyDrive/datasets/Mosaic_ADL_2x2/Fall/SA17/F08_SA17_R01_T10.0-15.0s.png,1,Fall,SA17
/content/drive/MyDrive/datasets/Mosaic_ADL_2x2/Fall/SA17/F08_SA17_R02_T0.0-5.0s.png,1,Fall,SA17
/content/drive/MyDrive/datasets/Mosaic_ADL_2x2/Fall/SA17/F08_SA17_R02_T2.5-7.5s.png,1,Fall,SA17
/content/drive/MyDrive/datasets/Mosaic_ADL_2x2/Fall/SA17/F08_SA17_R02_T5.0-10.0s.png,1,Fall,SA17
/content/drive/MyDrive/datasets/Mosaic_ADL_2x2/Fall/SA17/F08_SA17_R02_T7.5-12.5s.png,1,Fall,SA17
/content/drive/MyDrive/datasets/Mosaic_ADL_2x2/Fall/SA17/F08_SA17_R02_T10.0-15.0s.png,1,Fall,SA17
/content/drive/MyDrive/datasets/Mosaic_ADL_2x2/Fall/SA17/F08_SA17_R03_T0.0-5.0s.png,1,Fall,SA17
/content/drive/MyDrive/datasets/Mosaic_ADL_2x2/Fall/SA17/F08_SA17_R03_T2.5-7.5s.png,1,Fall,SA17
/content/drive/MyDrive/datasets/Mosaic_ADL_2x2/Fall/SA17/F08_SA17_R03_T5.0-10.0s.png,1,Fall,SA17
/content/drive/MyDrive/datasets/Mosaic_ADL_2x2/Fall/SA17/F08_SA17_R03_T7.5-12.5s.png,1,Fall,SA17
/content/drive/MyDrive/datasets/Mosaic_ADL_2x2/Fall/SA17/F08_SA17_R04_T0.0-5.0s.png,1,Fall,SA17
/content/drive/MyDrive/datasets/Mosaic_ADL_2x2/Fall/SA17/F08_SA17_R04_T2.5-7.5s.png,1,Fall,SA17
/content/drive/MyDrive/datasets/Mosaic_ADL_2x2/Fall/SA17/F08_SA17_R04_T5.0-10.0s.png,1,Fall,SA17
/content/drive/MyDrive/datasets/Mosaic_ADL_2x2/Fall/SA17/F08_SA17_R04_T7.5-12.5s.png,1,Fall,SA17
/content/drive/MyDrive/datasets/Mosaic_ADL_2x2/Fall/SA17/F08_SA17_R04_T10.0-15.0s.png,1,Fall,SA17
/content/drive/MyDrive/datasets/Mosaic_ADL_2x2/Fall/SA17/F08_SA17_R05_T0.0-5.0s.png,1,Fall,SA17
/content/drive/MyDrive/datasets/Mosaic_ADL_2x2/Fall/SA17/F08_SA17_R05_T2.5-7.5s.png,1,Fall,SA17
/content/drive/MyDrive/datasets/Mosaic_ADL_2x2/Fall/SA17/F08_SA17_R05_T5.0-10.0s.png,1,Fall,SA17
/content/drive/MyDrive/datasets/Mosaic_ADL_2x2/Fall/SA17/F08_SA17_R05_T7.5-12.5s.png,1,Fall,SA17
/content/drive/MyDrive/datasets/Mosaic_ADL_2x2/Fall/SA17/F08_SA17_R05_T10.0-15.0s.png,1,Fall,SA17
/content/drive/MyDrive/datasets/Mosaic_ADL_2x2/Fall/SA17/F09_SA17_R01_T0.0-5.0s.png,1,Fall,SA17
/content/drive/MyDrive/datasets/Mosaic_ADL_2x2/Fall/SA17/F09_SA17_R01_T2.5-7.5s.png,1,Fall,SA17
/content/drive/MyDrive/datasets/Mosaic_ADL_2x2/Fall/SA17/F09_SA17_R01_T5.0-10.0s.png,1,Fall,SA17
/content/drive/MyDrive/datasets/Mosaic_ADL_2x2/Fall/SA17/F09_SA17_R01_T7.5-12.5s.png,1,Fall,SA17
/content/drive/MyDrive/datasets/Mosaic_ADL_2x2/Fall/SA17/F09_SA17_R01_T10.0-15.0s.png,1,Fall,SA17
/content/drive/MyDrive/datasets/Mosaic_ADL_2x2/Fall/SA17/F09_SA17_R02_T0.0-5.0s.png,1,Fall,SA17
/content/drive/MyDrive/datasets/Mosaic_ADL_2x2/Fall/SA17/F09_SA17_R02_T2.5-7.5s.png,1,Fall,SA17
/content/drive/MyDrive/datasets/Mosaic_ADL_2x2/Fall/SA17/F09_SA17_R02_T5.0-10.0s.png,1,Fall,SA17
/content/drive/MyDrive/datasets/Mosaic_ADL_2x2/Fall/SA17/F09_SA17_R02_T7.5-12.5s.png,1,Fall,SA17
/content/drive/MyDrive/datasets/Mosaic_ADL_2x2/Fall/SA17/F09_SA17_R02_T10.0-15.0s.png,1,Fall,SA17
/content/drive/MyDrive/datasets/Mosaic_ADL_2x2/Fall/SA17/F09_SA17_R03_T0.0-5.0s.png,1,Fall,SA17
/content/drive/MyDrive/datasets/Mosaic_ADL_2x2/Fall/SA17/F09_SA17_R03_T2.5-7.5s.png,1,Fall,SA17
/content/drive/MyDrive/datasets/Mosaic_ADL_2x2/Fall/SA17/F09_SA17_R03_T5.0-10.0s.png,1,Fall,SA17
/content/drive/MyDrive/datasets/Mosaic_ADL_2x2/Fall/SA17/F09_SA17_R03_T7.5-12.5s.png,1,Fall,SA17
/content/drive/MyDrive/datasets/Mosaic_ADL_2x2/Fall/SA17/F09_SA17_R03_T10.0-15.0s.png,1,Fall,SA17
/content/drive/MyDrive/datasets/Mosaic_ADL_2x2/Fall/SA17/F09_SA17_R04_T0.0-5.0s.png,1,Fall,SA17
/content/drive/MyDrive/datasets/Mosaic_ADL_2x2/Fall/SA17/F09_SA17_R04_T2.5-7.5s.png,1,Fall,SA17
/content/drive/MyDrive/datasets/Mosaic_ADL_2x2/Fall/SA17/F09_SA17_R04_T5.0-10.0s.png,1,Fall,SA17
/content/drive/MyDrive/datasets/Mosaic_ADL_2x2/Fall/SA17/F09_SA17_R04_T7.5-12.5s.png,1,Fall,SA17
/content/drive/MyDrive/datasets/Mosaic_ADL_2x2/Fall/SA17/F09_SA17_R04_T10.0-15.0s.png,1,Fall,SA17
/content/drive/MyDrive/datasets/Mosaic_ADL_2x2/Fall/SA17/F09_SA17_R05_T0.0-5.0s.png,1,Fall,SA17
/content/drive/MyDrive/datasets/Mosaic_ADL_2x2/Fall/SA17/F09_SA17_R05_T2.5-7.5s.png,1,Fall,SA17
/content/drive/MyDrive/datasets/Mosaic_ADL_2x2/Fall/SA17/F09_SA17_R05_T5.0-10.0s.png,1,Fall,SA17
/content/drive/MyDrive/datasets/Mosaic_ADL_2x2/Fall/SA17/F09_SA17_R05_T7.5-12.5s.png,1,Fall,SA17
/content/drive/MyDrive/datasets/Mosaic_ADL_2x2/Fall/SA17/F09_SA17_R05_T10.0-15.0s.png,1,Fall,SA17
/content/drive/MyDrive/datasets/Mosaic_ADL_2x2/Fall/SA17/F10_SA17_R01_T0.0-5.0s.png,1,Fall,SA17
/content/drive/MyDrive/datasets/Mosaic_ADL_2x2/Fall/SA17/F10_SA17_R01_T2.5-7.5s.png,1,Fall,SA17
/content/drive/MyDrive/datasets/Mosaic_ADL_2x2/Fall/SA17/F10_SA17_R01_T5.0-10.0s.png,1,Fall,SA17
/content/drive/MyDrive/datasets/Mosaic_ADL_2x2/Fall/SA17/F10_SA17_R01_T7.5-12.5s.png,1,Fall,SA17
/content/drive/MyDrive/datasets/Mosaic_ADL_2x2/Fall/SA17/F10_SA17_R01_T10.0-15.0s.png,1,Fall,SA17
/content/drive/MyDrive/datasets/Mosaic_ADL_2x2/Fall/SA17/F10_SA17_R02_T0.0-5.0s.png,1,Fall,SA17
/content/drive/MyDrive/datasets/Mosaic_ADL_2x2/Fall/SA17/F10_SA17_R02_T2.5-7.5s.png,1,Fall,SA17
/content/drive/MyDrive/datasets/Mosaic_ADL_2x2/Fall/SA17/F10_SA17_R02_T5.0-10.0s.png,1,Fall,SA17
/content/drive/MyDrive/datasets/Mosaic_ADL_2x2/Fall/SA17/F10_SA17_R02_T7.5-12.5s.png,1,Fall,SA17
/content/drive/MyDrive/datasets/Mosaic_ADL_2x2/Fall/SA17/F10_SA17_R02_T10.0-15.0s.png,1,Fall,SA17
/content/drive/MyDrive/datasets/Mosaic_ADL_2x2/Fall/SA17/F10_SA17_R03_T0.0-5.0s.png,1,Fall,SA17
/content/drive/MyDrive/datasets/Mosaic_ADL_2x2/Fall/SA17/F10_SA17_R03_T2.5-7.5s.png,1,Fall,SA17
/content/drive/MyDrive/datasets/Mosaic_ADL_2x2/Fall/SA17/F10_SA17_R03_T5.0-10.0s.png,1,Fall,SA17
/content/drive/MyDrive/datasets/Mosaic_ADL_2x2/Fall/SA17/F10_SA17_R03_T7.5-12.5s.png,1,Fall,SA17
/content/drive/MyDrive/datasets/Mosaic_ADL_2x2/Fall/SA17/F10_SA17_R04_T0.0-5.0s.png,1,Fall,SA17
/content/drive/MyDrive/datasets/Mosaic_ADL_2x2/Fall/SA17/F10_SA17_R04_T2.5-7.5s.png,1,Fall,SA17
/content/drive/MyDrive/datasets/Mosaic_ADL_2x2/Fall/SA17/F10_SA17_R04_T5.0-10.0s.png,1,Fall,SA17
/content/drive/MyDrive/datasets/Mosaic_ADL_2x2/Fall/SA17/F10_SA17_R04_T7.5-12.5s.png,1,Fall,SA17
/content/drive/MyDrive/datasets/Mosaic_ADL_2x2/Fall/SA17/F10_SA17_R04_T10.0-15.0s.png,1,Fall,SA17
/content/drive/MyDrive/datasets/Mosaic_ADL_2x2/Fall/SA17/F10_SA17_R05_T0.0-5.0s.png,1,Fall,SA17
/content/drive/MyDrive/datasets/Mosaic_ADL_2x2/Fall/SA17/F10_SA17_R05_T2.5-7.5s.png,1,Fall,SA17
/content/drive/MyDrive/datasets/Mosaic_ADL_2x2/Fall/SA17/F10_SA17_R05_T5.0-10.0s.png,1,Fall,SA17
/content/drive/MyDrive/datasets/Mosaic_ADL_2x2/Fall/SA17/F10_SA17_R05_T7.5-12.5s.png,1,Fall,SA17
/content/drive/MyDrive/datasets/Mosaic_ADL_2x2/Fall/SA17/F10_SA17_R05_T10.0-15.0s.png,1,Fall,SA17
/content/drive/MyDrive/datasets/Mosaic_ADL_2x2/Fall/SA17/F11_SA17_R01_T0.0-5.0s.png,1,Fall,SA17
/content/drive/MyDrive/datasets/Mosaic_ADL_2x2/Fall/SA17/F11_SA17_R01_T2.5-7.5s.png,1,Fall,SA17
/content/drive/MyDrive/datasets/Mosaic_ADL_2x2/Fall/SA17/F11_SA17_R01_T5.0-10.0s.png,1,Fall,SA17
/content/drive/MyDrive/datasets/Mosaic_ADL_2x2/Fall/SA17/F11_SA17_R01_T7.5-12.5s.png,1,Fall,SA17
/content/drive/MyDrive/datasets/Mosaic_ADL_2x2/Fall/SA17/F11_SA17_R02_T0.0-5.0s.png,1,Fall,SA17
/content/drive/MyDrive/datasets/Mosaic_ADL_2x2/Fall/SA17/F11_SA17_R02_T2.5-7.5s.png,1,Fall,SA17
/content/drive/MyDrive/datasets/Mosaic_ADL_2x2/Fall/SA17/F11_SA17_R02_T5.0-10.0s.png,1,Fall,SA17
/content/drive/MyDrive/datasets/Mosaic_ADL_2x2/Fall/SA17/F11_SA17_R02_T7.5-12.5s.png,1,Fall,SA17
/content/drive/MyDrive/datasets/Mosaic_ADL_2x2/Fall/SA17/F11_SA17_R02_T10.0-15.0s.png,1,Fall,SA17
/content/drive/MyDrive/datasets/Mosaic_ADL_2x2/Fall/SA17/F11_SA17_R03_T0.0-5.0s.png,1,Fall,SA17
/content/drive/MyDrive/datasets/Mosaic_ADL_2x2/Fall/SA17/F11_SA17_R03_T2.5-7.5s.png,1,Fall,SA17
/content/drive/MyDrive/datasets/Mosaic_ADL_2x2/Fall/SA17/F11_SA17_R03_T5.0-10.0s.png,1,Fall,SA17
/content/drive/MyDrive/datasets/Mosaic_ADL_2x2/Fall/SA17/F11_SA17_R03_T7.5-12.5s.png,1,Fall,SA17
/content/drive/MyDrive/datasets/Mosaic_ADL_2x2/Fall/SA17/F11_SA17_R03_T10.0-15.0s.png,1,Fall,SA17
/content/drive/MyDrive/datasets/Mosaic_ADL_2x2/Fall/SA17/F11_SA17_R04_T0.0-5.0s.png,1,Fall,SA17
/content/drive/MyDrive/datasets/Mosaic_ADL_2x2/Fall/SA17/F11_SA17_R04_T2.5-7.5s.png,1,Fall,SA17
/content/drive/MyDrive/datasets/Mosaic_ADL_2x2/Fall/SA17/F11_SA17_R04_T5.0-10.0s.png,1,Fall,SA17
/content/drive/MyDrive/datasets/Mosaic_ADL_2x2/Fall/SA17/F11_SA17_R04_T7.5-12.5s.png,1,Fall,SA17
/content/drive/MyDrive/datasets/Mosaic_ADL_2x2/Fall/SA17/F11_SA17_R04_T10.0-15.0s.png,1,Fall,SA17
/content/drive/MyDrive/datasets/Mosaic_ADL_2x2/Fall/SA17/F11_SA17_R05_T0.0-5.0s.png,1,Fall,SA17
/content/drive/MyDrive/datasets/Mosaic_ADL_2x2/Fall/SA17/F11_SA17_R05_T2.5-7.5s.png,1,Fall,SA17
/content/drive/MyDrive/datasets/Mosaic_ADL_2x2/Fall/SA17/F11_SA17_R05_T5.0-10.0s.png,1,Fall,SA17
/content/drive/MyDrive/datasets/Mosaic_ADL_2x2/Fall/SA17/F11_SA17_R05_T7.5-12.5s.png,1,Fall,SA17
/content/drive/MyDrive/datasets/Mosaic_ADL_2x2/Fall/SA17/F11_SA17_R05_T10.0-15.0s.png,1,Fall,SA17
/content/drive/MyDrive/datasets/Mosaic_ADL_2x2/Fall/SA17/F12_SA17_R01_T0.0-5.0s.png,1,Fall,SA17
/content/drive/MyDrive/datasets/Mosaic_ADL_2x2/Fall/SA17/F12_SA17_R01_T2.5-7.5s.png,1,Fall,SA17
/content/drive/MyDrive/datasets/Mosaic_ADL_2x2/Fall/SA17/F12_SA17_R01_T5.0-10.0s.png,1,Fall,SA17
/content/drive/MyDrive/datasets/Mosaic_ADL_2x2/Fall/SA17/F12_SA17_R01_T7.5-12.5s.png,1,Fall,SA17
/content/drive/MyDrive/datasets/Mosaic_ADL_2x2/Fall/SA17/F12_SA17_R01_T10.0-15.0s.png,1,Fall,SA17
/content/drive/MyDrive/datasets/Mosaic_ADL_2x2/Fall/SA17/F12_SA17_R02_T0.0-5.0s.png,1,Fall,SA17
/content/drive/MyDrive/datasets/Mosaic_ADL_2x2/Fall/SA17/F12_SA17_R02_T2.5-7.5s.png,1,Fall,SA17
/content/drive/MyDrive/datasets/Mosaic_ADL_2x2/Fall/SA17/F12_SA17_R02_T5.0-10.0s.png,1,Fall,SA17
/content/drive/MyDrive/datasets/Mosaic_ADL_2x2/Fall/SA17/F12_SA17_R02_T7.5-12.5s.png,1,Fall,SA17
/content/drive/MyDrive/datasets/Mosaic_ADL_2x2/Fall/SA17/F12_SA17_R02_T10.0-15.0s.png,1,Fall,SA17
/content/drive/MyDrive/datasets/Mosaic_ADL_2x2/Fall/SA17/F12_SA17_R03_T0.0-5.0s.png,1,Fall,SA17
/content/drive/MyDrive/datasets/Mosaic_ADL_2x2/Fall/SA17/F12_SA17_R03_T2.5-7.5s.png,1,Fall,SA17
/content/drive/MyDrive/datasets/Mosaic_ADL_2x2/Fall/SA17/F12_SA17_R03_T5.0-10.0s.png,1,Fall,SA17
/content/drive/MyDrive/datasets/Mosaic_ADL_2x2/Fall/SA17/F12_SA17_R03_T7.5-12.5s.png,1,Fall,SA17
/content/drive/MyDrive/datasets/Mosaic_ADL_2x2/Fall/SA17/F12_SA17_R03_T10.0-15.0s.png,1,Fall,SA17
/content/drive/MyDrive/datasets/Mosaic_ADL_2x2/Fall/SA17/F12_SA17_R04_T0.0-5.0s.png,1,Fall,SA17
/content/drive/MyDrive/datasets/Mosaic_ADL_2x2/Fall/SA17/F12_SA17_R04_T2.5-7.5s.png,1,Fall,SA17
/content/drive/MyDrive/datasets/Mosaic_ADL_2x2/Fall/SA17/F12_SA17_R04_T5.0-10.0s.png,1,Fall,SA17
/content/drive/MyDrive/datasets/Mosaic_ADL_2x2/Fall/SA17/F12_SA17_R04_T7.5-12.5s.png,1,Fall,SA17
/content/drive/MyDrive/datasets/Mosaic_ADL_2x2/Fall/SA17/F12_SA17_R04_T10.0-15.0s.png,1,Fall,SA17
/content/drive/MyDrive/datasets/Mosaic_ADL_2x2/Fall/SA17/F12_SA17_R05_T0.0-5.0s.png,1,Fall,SA17
/content/drive/MyDrive/datasets/Mosaic_ADL_2x2/Fall/SA17/F12_SA17_R05_T2.5-7.5s.png,1,Fall,SA17
/content/drive/MyDrive/datasets/Mosaic_ADL_2x2/Fall/SA17/F12_SA17_R05_T5.0-10.0s.png,1,Fall,SA17
/content/drive/MyDrive/datasets/Mosaic_ADL_2x2/Fall/SA17/F12_SA17_R05_T7.5-12.5s.png,1,Fall,SA17
/content/drive/MyDrive/datasets/Mosaic_ADL_2x2/Fall/SA17/F12_SA17_R05_T10.0-15.0s.png,1,Fall,SA17
/content/drive/MyDrive/datasets/Mosaic_ADL_2x2/Fall/SA17/F13_SA17_R01_T0.0-5.0s.png,1,Fall,SA17
/content/drive/MyDrive/datasets/Mosaic_ADL_2x2/Fall/SA17/F13_SA17_R01_T2.5-7.5s.png,1,Fall,SA17
/content/drive/MyDrive/datasets/Mosaic_ADL_2x2/Fall/SA17/F13_SA17_R01_T5.0-10.0s.png,1,Fall,SA17
/content/drive/MyDrive/datasets/Mosaic_ADL_2x2/Fall/SA17/F13_SA17_R01_T7.5-12.5s.png,1,Fall,SA17
/content/drive/MyDrive/datasets/Mosaic_ADL_2x2/Fall/SA17/F13_SA17_R01_T10.0-15.0s.png,1,Fall,SA17
/content/drive/MyDrive/datasets/Mosaic_ADL_2x2/Fall/SA17/F13_SA17_R02_T0.0-5.0s.png,1,Fall,SA17
/content/drive/MyDrive/datasets/Mosaic_ADL_2x2/Fall/SA17/F13_SA17_R02_T2.5-7.5s.png,1,Fall,SA17
/content/drive/MyDrive/datasets/Mosaic_ADL_2x2/Fall/SA17/F13_SA17_R02_T5.0-10.0s.png,1,Fall,SA17
/content/drive/MyDrive/datasets/Mosaic_ADL_2x2/Fall/SA17/F13_SA17_R02_T7.5-12.5s.png,1,Fall,SA17
/content/drive/MyDrive/datasets/Mosaic_ADL_2x2/Fall/SA17/F13_SA17_R02_T10.0-15.0s.png,1,Fall,SA17
/content/drive/MyDrive/datasets/Mosaic_ADL_2x2/Fall/SA17/F13_SA17_R03_T0.0-5.0s.png,1,Fall,SA17
/content/drive/MyDrive/datasets/Mosaic_ADL_2x2/Fall/SA17/F13_SA17_R03_T2.5-7.5s.png,1,Fall,SA17
/content/drive/MyDrive/datasets/Mosaic_ADL_2x2/Fall/SA17/F13_SA17_R03_T5.0-10.0s.png,1,Fall,SA17
/content/drive/MyDrive/datasets/Mosaic_ADL_2x2/Fall/SA17/F13_SA17_R03_T7.5-12.5s.png,1,Fall,SA17
/content/drive/MyDrive/datasets/Mosaic_ADL_2x2/Fall/SA17/F13_SA17_R03_T10.0-15.0s.png,1,Fall,SA17
/content/drive/MyDrive/datasets/Mosaic_ADL_2x2/Fall/SA17/F13_SA17_R04_T0.0-5.0s.png,1,Fall,SA17
/content/drive/MyDrive/datasets/Mosaic_ADL_2x2/Fall/SA17/F13_SA17_R04_T2.5-7.5s.png,1,Fall,SA17
/content/drive/MyDrive/datasets/Mosaic_ADL_2x2/Fall/SA17/F13_SA17_R04_T5.0-10.0s.png,1,Fall,SA17
/content/drive/MyDrive/datasets/Mosaic_ADL_2x2/Fall/SA17/F13_SA17_R04_T7.5-12.5s.png,1,Fall,SA17
/content/drive/MyDrive/datasets/Mosaic_ADL_2x2/Fall/SA17/F13_SA17_R04_T10.0-15.0s.png,1,Fall,SA17
/content/drive/MyDrive/datasets/Mosaic_ADL_2x2/Fall/SA17/F13_SA17_R05_T0.0-5.0s.png,1,Fall,SA17
/content/drive/MyDrive/datasets/Mosaic_ADL_2x2/Fall/SA17/F13_SA17_R05_T2.5-7.5s.png,1,Fall,SA17
/content/drive/MyDrive/datasets/Mosaic_ADL_2x2/Fall/SA17/F13_SA17_R05_T5.0-10.0s.png,1,Fall,SA17
/content/drive/MyDrive/datasets/Mosaic_ADL_2x2/Fall/SA17/F13_SA17_R05_T7.5-12.5s.png,1,Fall,SA17
/content/drive/MyDrive/datasets/Mosaic_ADL_2x2/Fall/SA17/F13_SA17_R05_T10.0-15.0s.png,1,Fall,SA17
/content/drive/MyDrive/datasets/Mosaic_ADL_2x2/Fall/SA17/F14_SA17_R01_T0.0-5.0s.png,1,Fall,SA17
/content/drive/MyDrive/datasets/Mosaic_ADL_2x2/Fall/SA17/F14_SA17_R01_T2.5-7.5s.png,1,Fall,SA17
/content/drive/MyDrive/datasets/Mosaic_ADL_2x2/Fall/SA17/F14_SA17_R01_T5.0-10.0s.png,1,Fall,SA17
/content/drive/MyDrive/datasets/Mosaic_ADL_2x2/Fall/SA17/F14_SA17_R01_T7.5-12.5s.png,1,Fall,SA17
/content/drive/MyDrive/datasets/Mosaic_ADL_2x2/Fall/SA17/F14_SA17_R01_T10.0-15.0s.png,1,Fall,SA17
/content/drive/MyDrive/datasets/Mosaic_ADL_2x2/Fall/SA17/F14_SA17_R02_T0.0-5.0s.png,1,Fall,SA17
/content/drive/MyDrive/datasets/Mosaic_ADL_2x2/Fall/SA17/F14_SA17_R02_T2.5-7.5s.png,1,Fall,SA17
/content/drive/MyDrive/datasets/Mosaic_ADL_2x2/Fall/SA17/F14_SA17_R02_T5.0-10.0s.png,1,Fall,SA17
/content/drive/MyDrive/datasets/Mosaic_ADL_2x2/Fall/SA17/F14_SA17_R02_T7.5-12.5s.png,1,Fall,SA17
/content/drive/MyDrive/datasets/Mosaic_ADL_2x2/Fall/SA17/F14_SA17_R02_T10.0-15.0s.png,1,Fall,SA17
/content/drive/MyDrive/datasets/Mosaic_ADL_2x2/Fall/SA17/F14_SA17_R03_T0.0-5.0s.png,1,Fall,SA17
/content/drive/MyDrive/datasets/Mosaic_ADL_2x2/Fall/SA17/F14_SA17_R03_T2.5-7.5s.png,1,Fall,SA17
/content/drive/MyDrive/datasets/Mosaic_ADL_2x2/Fall/SA17/F14_SA17_R03_T5.0-10.0s.png,1,Fall,SA17
/content/drive/MyDrive/datasets/Mosaic_ADL_2x2/Fall/SA17/F14_SA17_R03_T7.5-12.5s.png,1,Fall,SA17
/content/drive/MyDrive/datasets/Mosaic_ADL_2x2/Fall/SA17/F14_SA17_R04_T0.0-5.0s.png,1,Fall,SA17
/content/drive/MyDrive/datasets/Mosaic_ADL_2x2/Fall/SA17/F14_SA17_R04_T2.5-7.5s.png,1,Fall,SA17
/content/drive/MyDrive/datasets/Mosaic_ADL_2x2/Fall/SA17/F14_SA17_R04_T5.0-10.0s.png,1,Fall,SA17
/content/drive/MyDrive/datasets/Mosaic_ADL_2x2/Fall/SA17/F14_SA17_R04_T7.5-12.5s.png,1,Fall,SA17
/content/drive/MyDrive/datasets/Mosaic_ADL_2x2/Fall/SA17/F14_SA17_R04_T10.0-15.0s.png,1,Fall,SA17
/content/drive/MyDrive/datasets/Mosaic_ADL_2x2/Fall/SA17/F14_SA17_R05_T0.0-5.0s.png,1,Fall,SA17
/content/drive/MyDrive/datasets/Mosaic_ADL_2x2/Fall/SA17/F14_SA17_R05_T2.5-7.5s.png,1,Fall,SA17
/content/drive/MyDrive/datasets/Mosaic_ADL_2x2/Fall/SA17/F14_SA17_R05_T5.0-10.0s.png,1,Fall,SA17
/content/drive/MyDrive/datasets/Mosaic_ADL_2x2/Fall/SA17/F14_SA17_R05_T7.5-12.5s.png,1,Fall,SA17
/content/drive/MyDrive/datasets/Mosaic_ADL_2x2/Fall/SA17/F14_SA17_R05_T10.0-15.0s.png,1,Fall,SA17
/content/drive/MyDrive/datasets/Mosaic_ADL_2x2/Fall/SA17/F15_SA17_R01_T0.0-5.0s.png,1,Fall,SA17
/content/drive/MyDrive/datasets/Mosaic_ADL_2x2/Fall/SA17/F15_SA17_R01_T2.5-7.5s.png,1,Fall,SA17
/content/drive/MyDrive/datasets/Mosaic_ADL_2x2/Fall/SA17/F15_SA17_R01_T5.0-10.0s.png,1,Fall,SA17
/content/drive/MyDrive/datasets/Mosaic_ADL_2x2/Fall/SA17/F15_SA17_R01_T7.5-12.5s.png,1,Fall,SA17
/content/drive/MyDrive/datasets/Mosaic_ADL_2x2/Fall/SA17/F15_SA17_R01_T10.0-15.0s.png,1,Fall,SA17
/content/drive/MyDrive/datasets/Mosaic_ADL_2x2/Fall/SA17/F15_SA17_R02_T0.0-5.0s.png,1,Fall,SA17
/content/drive/MyDrive/datasets/Mosaic_ADL_2x2/Fall/SA17/F15_SA17_R02_T2.5-7.5s.png,1,Fall,SA17
/content/drive/MyDrive/datasets/Mosaic_ADL_2x2/Fall/SA17/F15_SA17_R02_T5.0-10.0s.png,1,Fall,SA17
/content/drive/MyDrive/datasets/Mosaic_ADL_2x2/Fall/SA17/F15_SA17_R02_T7.5-12.5s.png,1,Fall,SA17
/content/drive/MyDrive/datasets/Mosaic_ADL_2x2/Fall/SA17/F15_SA17_R02_T10.0-15.0s.png,1,Fall,SA17
/content/drive/MyDrive/datasets/Mosaic_ADL_2x2/Fall/SA17/F15_SA17_R03_T0.0-5.0s.png,1,Fall,SA17
/content/drive/MyDrive/datasets/Mosaic_ADL_2x2/Fall/SA17/F15_SA17_R03_T2.5-7.5s.png,1,Fall,SA17
/content/drive/MyDrive/datasets/Mosaic_ADL_2x2/Fall/SA17/F15_SA17_R03_T5.0-10.0s.png,1,Fall,SA17
/content/drive/MyDrive/datasets/Mosaic_ADL_2x2/Fall/SA17/F15_SA17_R03_T7.5-12.5s.png,1,Fall,SA17
/content/drive/MyDrive/datasets/Mosaic_ADL_2x2/Fall/SA17/F15_SA17_R04_T0.0-5.0s.png,1,Fall,SA17
/content/drive/MyDrive/datasets/Mosaic_ADL_2x2/Fall/SA17/F15_SA17_R04_T2.5-7.5s.png,1,Fall,SA17
/content/drive/MyDrive/datasets/Mosaic_ADL_2x2/Fall/SA17/F15_SA17_R04_T5.0-10.0s.png,1,Fall,SA17
/content/drive/MyDrive/datasets/Mosaic_ADL_2x2/Fall/SA17/F15_SA17_R04_T7.5-12.5s.png,1,Fall,SA17
/content/drive/MyDrive/datasets/Mosaic_ADL_2x2/Fall/SA17/F15_SA17_R04_T10.0-15.0s.png,1,Fall,SA17
/content/drive/MyDrive/datasets/Mosaic_ADL_2x2/Fall/SA17/F15_SA17_R05_T0.0-5.0s.png,1,Fall,SA17
/content/drive/MyDrive/datasets/Mosaic_ADL_2x2/Fall/SA17/F15_SA17_R05_T2.5-7.5s.png,1,Fall,SA17
/content/drive/MyDrive/datasets/Mosaic_ADL_2x2/Fall/SA17/F15_SA17_R05_T5.0-10.0s.png,1,Fall,SA17
/content/drive/MyDrive/datasets/Mosaic_ADL_2x2/Fall/SA17/F15_SA17_R05_T7.5-12.5s.png,1,Fall,SA17
/content/drive/MyDrive/datasets/Mosaic_ADL_2x2/Fall/SA17/F15_SA17_R05_T10.0-15.0s.png,1,Fall,SA17
/content/drive/MyDrive/datasets/Mosaic_ADL_2x2/Fall/SA02/F01_SA02_R01_T0.0-5.0s.png,1,Fall,SA02
/content/drive/MyDrive/datasets/Mosaic_ADL_2x2/Fall/SA02/F01_SA02_R01_T2.5-7.5s.png,1,Fall,SA02
/content/drive/MyDrive/datasets/Mosaic_ADL_2x2/Fall/SA02/F01_SA02_R01_T5.0-10.0s.png,1,Fall,SA02
/content/drive/MyDrive/datasets/Mosaic_ADL_2x2/Fall/SA02/F01_SA02_R01_T7.5-12.5s.png,1,Fall,SA02
/content/drive/MyDrive/datasets/Mosaic_ADL_2x2/Fall/SA02/F01_SA02_R01_T10.0-15.0s.png,1,Fall,SA02
/content/drive/MyDrive/datasets/Mosaic_ADL_2x2/Fall/SA02/F01_SA02_R02_T0.0-5.0s.png,1,Fall,SA02
/content/drive/MyDrive/datasets/Mosaic_ADL_2x2/Fall/SA02/F01_SA02_R02_T2.5-7.5s.png,1,Fall,SA02
/content/drive/MyDrive/datasets/Mosaic_ADL_2x2/Fall/SA02/F01_SA02_R02_T5.0-10.0s.png,1,Fall,SA02
/content/drive/MyDrive/datasets/Mosaic_ADL_2x2/Fall/SA02/F01_SA02_R02_T7.5-12.5s.png,1,Fall,SA02
/content/drive/MyDrive/datasets/Mosaic_ADL_2x2/Fall/SA02/F01_SA02_R02_T10.0-15.0s.png,1,Fall,SA02
/content/drive/MyDrive/datasets/Mosaic_ADL_2x2/Fall/SA02/F01_SA02_R03_T0.0-5.0s.png,1,Fall,SA02
/content/drive/MyDrive/datasets/Mosaic_ADL_2x2/Fall/SA02/F01_SA02_R03_T2.5-7.5s.png,1,Fall,SA02
/content/drive/MyDrive/datasets/Mosaic_ADL_2x2/Fall/SA02/F01_SA02_R03_T5.0-10.0s.png,1,Fall,SA02
/content/drive/MyDrive/datasets/Mosaic_ADL_2x2/Fall/SA02/F01_SA02_R03_T7.5-12.5s.png,1,Fall,SA02
/content/drive/MyDrive/datasets/Mosaic_ADL_2x2/Fall/SA02/F01_SA02_R03_T10.0-15.0s.png,1,Fall,SA02
/content/drive/MyDrive/datasets/Mosaic_ADL_2x2/Fall/SA02/F01_SA02_R04_T0.0-5.0s.png,1,Fall,SA02
/content/drive/MyDrive/datasets/Mosaic_ADL_2x2/Fall/SA02/F01_SA02_R04_T2.5-7.5s.png,1,Fall,SA02
/content/drive/MyDrive/datasets/Mosaic_ADL_2x2/Fall/SA02/F01_SA02_R04_T5.0-10.0s.png,1,Fall,SA02
/content/drive/MyDrive/datasets/Mosaic_ADL_2x2/Fall/SA02/F01_SA02_R04_T7.5-12.5s.png,1,Fall,SA02
/content/drive/MyDrive/datasets/Mosaic_ADL_2x2/Fall/SA02/F01_SA02_R04_T10.0-15.0s.png,1,Fall,SA02
/content/drive/MyDrive/datasets/Mosaic_ADL_2x2/Fall/SA02/F01_SA02_R05_T0.0-5.0s.png,1,Fall,SA02
/content/drive/MyDrive/datasets/Mosaic_ADL_2x2/Fall/SA02/F01_SA02_R05_T2.5-7.5s.png,1,Fall,SA02
/content/drive/MyDrive/datasets/Mosaic_ADL_2x2/Fall/SA02/F01_SA02_R05_T5.0-10.0s.png,1,Fall,SA02
/content/drive/MyDrive/datasets/Mosaic_ADL_2x2/Fall/SA02/F01_SA02_R05_T7.5-12.5s.png,1,Fall,SA02
/content/drive/MyDrive/datasets/Mosaic_ADL_2x2/Fall/SA02/F01_SA02_R05_T10.0-15.0s.png,1,Fall,SA02
/content/drive/MyDrive/datasets/Mosaic_ADL_2x2/Fall/SA02/F02_SA02_R01_T0.0-5.0s.png,1,Fall,SA02
/content/drive/MyDrive/datasets/Mosaic_ADL_2x2/Fall/SA02/F02_SA02_R01_T2.5-7.5s.png,1,Fall,SA02
/content/drive/MyDrive/datasets/Mosaic_ADL_2x2/Fall/SA02/F02_SA02_R01_T5.0-10.0s.png,1,Fall,SA02
/content/drive/MyDrive/datasets/Mosaic_ADL_2x2/Fall/SA02/F02_SA02_R01_T7.5-12.5s.png,1,Fall,SA02
/content/drive/MyDrive/datasets/Mosaic_ADL_2x2/Fall/SA02/F02_SA02_R01_T10.0-15.0s.png,1,Fall,SA02
/content/drive/MyDrive/datasets/Mosaic_ADL_2x2/Fall/SA02/F02_SA02_R02_T0.0-5.0s.png,1,Fall,SA02
/content/drive/MyDrive/datasets/Mosaic_ADL_2x2/Fall/SA02/F02_SA02_R02_T2.5-7.5s.png,1,Fall,SA02
/content/drive/MyDrive/datasets/Mosaic_ADL_2x2/Fall/SA02/F02_SA02_R02_T5.0-10.0s.png,1,Fall,SA02
/content/drive/MyDrive/datasets/Mosaic_ADL_2x2/Fall/SA02/F02_SA02_R02_T7.5-12.5s.png,1,Fall,SA02
/content/drive/MyDrive/datasets/Mosaic_ADL_2x2/Fall/SA02/F02_SA02_R03_T0.0-5.0s.png,1,Fall,SA02
/content/drive/MyDrive/datasets/Mosaic_ADL_2x2/Fall/SA02/F02_SA02_R03_T2.5-7.5s.png,1,Fall,SA02
/content/drive/MyDrive/datasets/Mosaic_ADL_2x2/Fall/SA02/F02_SA02_R03_T5.0-10.0s.png,1,Fall,SA02
/content/drive/MyDrive/datasets/Mosaic_ADL_2x2/Fall/SA02/F02_SA02_R03_T7.5-12.5s.png,1,Fall,SA02
/content/drive/MyDrive/datasets/Mosaic_ADL_2x2/Fall/SA02/F02_SA02_R03_T10.0-15.0s.png,1,Fall,SA02
/content/drive/MyDrive/datasets/Mosaic_ADL_2x2/Fall/SA02/F02_SA02_R04_T0.0-5.0s.png,1,Fall,SA02
/content/drive/MyDrive/datasets/Mosaic_ADL_2x2/Fall/SA02/F02_SA02_R04_T2.5-7.5s.png,1,Fall,SA02
/content/drive/MyDrive/datasets/Mosaic_ADL_2x2/Fall/SA02/F02_SA02_R04_T5.0-10.0s.png,1,Fall,SA02
/content/drive/MyDrive/datasets/Mosaic_ADL_2x2/Fall/SA02/F02_SA02_R04_T7.5-12.5s.png,1,Fall,SA02
/content/drive/MyDrive/datasets/Mosaic_ADL_2x2/Fall/SA02/F02_SA02_R04_T10.0-15.0s.png,1,Fall,SA02
/content/drive/MyDrive/datasets/Mosaic_ADL_2x2/Fall/SA02/F02_SA02_R05_T0.0-5.0s.png,1,Fall,SA02
/content/drive/MyDrive/datasets/Mosaic_ADL_2x2/Fall/SA02/F02_SA02_R05_T2.5-7.5s.png,1,Fall,SA02
/content/drive/MyDrive/datasets/Mosaic_ADL_2x2/Fall/SA02/F02_SA02_R05_T5.0-10.0s.png,1,Fall,SA02
/content/drive/MyDrive/datasets/Mosaic_ADL_2x2/Fall/SA02/F02_SA02_R05_T7.5-12.5s.png,1,Fall,SA02
/content/drive/MyDrive/datasets/Mosaic_ADL_2x2/Fall/SA02/F02_SA02_R05_T10.0-15.0s.png,1,Fall,SA02
/content/drive/MyDrive/datasets/Mosaic_ADL_2x2/Fall/SA02/F03_SA02_R01_T0.0-5.0s.png,1,Fall,SA02
/content/drive/MyDrive/datasets/Mosaic_ADL_2x2/Fall/SA02/F03_SA02_R01_T2.5-7.5s.png,1,Fall,SA02
/content/drive/MyDrive/datasets/Mosaic_ADL_2x2/Fall/SA02/F03_SA02_R01_T5.0-10.0s.png,1,Fall,SA02
/content/drive/MyDrive/datasets/Mosaic_ADL_2x2/Fall/SA02/F03_SA02_R01_T7.5-12.5s.png,1,Fall,SA02
/content/drive/MyDrive/datasets/Mosaic_ADL_2x2/Fall/SA02/F03_SA02_R01_T10.0-15.0s.png,1,Fall,SA02
/content/drive/MyDrive/datasets/Mosaic_ADL_2x2/Fall/SA02/F03_SA02_R02_T0.0-5.0s.png,1,Fall,SA02
/content/drive/MyDrive/datasets/Mosaic_ADL_2x2/Fall/SA02/F03_SA02_R02_T2.5-7.5s.png,1,Fall,SA02
/content/drive/MyDrive/datasets/Mosaic_ADL_2x2/Fall/SA02/F03_SA02_R02_T5.0-10.0s.png,1,Fall,SA02
/content/drive/MyDrive/datasets/Mosaic_ADL_2x2/Fall/SA02/F03_SA02_R02_T7.5-12.5s.png,1,Fall,SA02
/content/drive/MyDrive/datasets/Mosaic_ADL_2x2/Fall/SA02/F03_SA02_R03_T0.0-5.0s.png,1,Fall,SA02
/content/drive/MyDrive/datasets/Mosaic_ADL_2x2/Fall/SA02/F03_SA02_R03_T2.5-7.5s.png,1,Fall,SA02
/content/drive/MyDrive/datasets/Mosaic_ADL_2x2/Fall/SA02/F03_SA02_R03_T5.0-10.0s.png,1,Fall,SA02
/content/drive/MyDrive/datasets/Mosaic_ADL_2x2/Fall/SA02/F03_SA02_R03_T7.5-12.5s.png,1,Fall,SA02
/content/drive/MyDrive/datasets/Mosaic_ADL_2x2/Fall/SA02/F03_SA02_R03_T10.0-15.0s.png,1,Fall,SA02
/content/drive/MyDrive/datasets/Mosaic_ADL_2x2/Fall/SA02/F03_SA02_R04_T0.0-5.0s.png,1,Fall,SA02
/content/drive/MyDrive/datasets/Mosaic_ADL_2x2/Fall/SA02/F03_SA02_R04_T2.5-7.5s.png,1,Fall,SA02
/content/drive/MyDrive/datasets/Mosaic_ADL_2x2/Fall/SA02/F03_SA02_R04_T5.0-10.0s.png,1,Fall,SA02
/content/drive/MyDrive/datasets/Mosaic_ADL_2x2/Fall/SA02/F03_SA02_R04_T7.5-12.5s.png,1,Fall,SA02
/content/drive/MyDrive/datasets/Mosaic_ADL_2x2/Fall/SA02/F03_SA02_R04_T10.0-15.0s.png,1,Fall,SA02
/content/drive/MyDrive/datasets/Mosaic_ADL_2x2/Fall/SA02/F03_SA02_R05_T0.0-5.0s.png,1,Fall,SA02
/content/drive/MyDrive/datasets/Mosaic_ADL_2x2/Fall/SA02/F03_SA02_R05_T2.5-7.5s.png,1,Fall,SA02
/content/drive/MyDrive/datasets/Mosaic_ADL_2x2/Fall/SA02/F03_SA02_R05_T5.0-10.0s.png,1,Fall,SA02
/content/drive/MyDrive/datasets/Mosaic_ADL_2x2/Fall/SA02/F03_SA02_R05_T7.5-12.5s.png,1,Fall,SA02
/content/drive/MyDrive/datasets/Mosaic_ADL_2x2/Fall/SA02/F03_SA02_R05_T10.0-15.0s.png,1,Fall,SA02
/content/drive/MyDrive/datasets/Mosaic_ADL_2x2/Fall/SA02/F04_SA02_R01_T0.0-5.0s.png,1,Fall,SA02
/content/drive/MyDrive/datasets/Mosaic_ADL_2x2/Fall/SA02/F04_SA02_R01_T2.5-7.5s.png,1,Fall,SA02
/content/drive/MyDrive/datasets/Mosaic_ADL_2x2/Fall/SA02/F04_SA02_R01_T5.0-10.0s.png,1,Fall,SA02
/content/drive/MyDrive/datasets/Mosaic_ADL_2x2/Fall/SA02/F04_SA02_R01_T7.5-12.5s.png,1,Fall,SA02
/content/drive/MyDrive/datasets/Mosaic_ADL_2x2/Fall/SA02/F04_SA02_R01_T10.0-15.0s.png,1,Fall,SA02
/content/drive/MyDrive/datasets/Mosaic_ADL_2x2/Fall/SA02/F04_SA02_R02_T0.0-5.0s.png,1,Fall,SA02
/content/drive/MyDrive/datasets/Mosaic_ADL_2x2/Fall/SA02/F04_SA02_R02_T2.5-7.5s.png,1,Fall,SA02
/content/drive/MyDrive/datasets/Mosaic_ADL_2x2/Fall/SA02/F04_SA02_R02_T5.0-10.0s.png,1,Fall,SA02
/content/drive/MyDrive/datasets/Mosaic_ADL_2x2/Fall/SA02/F04_SA02_R02_T7.5-12.5s.png,1,Fall,SA02
/content/drive/MyDrive/datasets/Mosaic_ADL_2x2/Fall/SA02/F04_SA02_R02_T10.0-15.0s.png,1,Fall,SA02
/content/drive/MyDrive/datasets/Mosaic_ADL_2x2/Fall/SA02/F04_SA02_R03_T0.0-5.0s.png,1,Fall,SA02
/content/drive/MyDrive/datasets/Mosaic_ADL_2x2/Fall/SA02/F04_SA02_R03_T2.5-7.5s.png,1,Fall,SA02
/content/drive/MyDrive/datasets/Mosaic_ADL_2x2/Fall/SA02/F04_SA02_R03_T5.0-10.0s.png,1,Fall,SA02
/content/drive/MyDrive/datasets/Mosaic_ADL_2x2/Fall/SA02/F04_SA02_R03_T7.5-12.5s.png,1,Fall,SA02
/content/drive/MyDrive/datasets/Mosaic_ADL_2x2/Fall/SA02/F04_SA02_R03_T10.0-15.0s.png,1,Fall,SA02
/content/drive/MyDrive/datasets/Mosaic_ADL_2x2/Fall/SA02/F04_SA02_R04_T0.0-5.0s.png,1,Fall,SA02
/content/drive/MyDrive/datasets/Mosaic_ADL_2x2/Fall/SA02/F04_SA02_R04_T2.5-7.5s.png,1,Fall,SA02
/content/drive/MyDrive/datasets/Mosaic_ADL_2x2/Fall/SA02/F04_SA02_R04_T5.0-10.0s.png,1,Fall,SA02
/content/drive/MyDrive/datasets/Mosaic_ADL_2x2/Fall/SA02/F04_SA02_R04_T7.5-12.5s.png,1,Fall,SA02
/content/drive/MyDrive/datasets/Mosaic_ADL_2x2/Fall/SA02/F04_SA02_R04_T10.0-15.0s.png,1,Fall,SA02
/content/drive/MyDrive/datasets/Mosaic_ADL_2x2/Fall/SA02/F04_SA02_R05_T0.0-5.0s.png,1,Fall,SA02
/content/drive/MyDrive/datasets/Mosaic_ADL_2x2/Fall/SA02/F04_SA02_R05_T2.5-7.5s.png,1,Fall,SA02
/content/drive/MyDrive/datasets/Mosaic_ADL_2x2/Fall/SA02/F04_SA02_R05_T5.0-10.0s.png,1,Fall,SA02
/content/drive/MyDrive/datasets/Mosaic_ADL_2x2/Fall/SA02/F04_SA02_R05_T7.5-12.5s.png,1,Fall,SA02
/content/drive/MyDrive/datasets/Mosaic_ADL_2x2/Fall/SA02/F04_SA02_R05_T10.0-15.0s.png,1,Fall,SA02
/content/drive/MyDrive/datasets/Mosaic_ADL_2x2/Fall/SA02/F05_SA02_R01_T0.0-5.0s.png,1,Fall,SA02
/content/drive/MyDrive/datasets/Mosaic_ADL_2x2/Fall/SA02/F05_SA02_R01_T2.5-7.5s.png,1,Fall,SA02
/content/drive/MyDrive/datasets/Mosaic_ADL_2x2/Fall/SA02/F05_SA02_R01_T5.0-10.0s.png,1,Fall,SA02
/content/drive/MyDrive/datasets/Mosaic_ADL_2x2/Fall/SA02/F05_SA02_R01_T7.5-12.5s.png,1,Fall,SA02
/content/drive/MyDrive/datasets/Mosaic_ADL_2x2/Fall/SA02/F05_SA02_R01_T10.0-15.0s.png,1,Fall,SA02
/content/drive/MyDrive/datasets/Mosaic_ADL_2x2/Fall/SA02/F05_SA02_R02_T0.0-5.0s.png,1,Fall,SA02
/content/drive/MyDrive/datasets/Mosaic_ADL_2x2/Fall/SA02/F05_SA02_R02_T2.5-7.5s.png,1,Fall,SA02
/content/drive/MyDrive/datasets/Mosaic_ADL_2x2/Fall/SA02/F05_SA02_R02_T5.0-10.0s.png,1,Fall,SA02
/content/drive/MyDrive/datasets/Mosaic_ADL_2x2/Fall/SA02/F05_SA02_R02_T7.5-12.5s.png,1,Fall,SA02
/content/drive/MyDrive/datasets/Mosaic_ADL_2x2/Fall/SA02/F05_SA02_R02_T10.0-15.0s.png,1,Fall,SA02
/content/drive/MyDrive/datasets/Mosaic_ADL_2x2/Fall/SA02/F05_SA02_R03_T0.0-5.0s.png,1,Fall,SA02
/content/drive/MyDrive/datasets/Mosaic_ADL_2x2/Fall/SA02/F05_SA02_R03_T2.5-7.5s.png,1,Fall,SA02
/content/drive/MyDrive/datasets/Mosaic_ADL_2x2/Fall/SA02/F05_SA02_R03_T5.0-10.0s.png,1,Fall,SA02
/content/drive/MyDrive/datasets/Mosaic_ADL_2x2/Fall/SA02/F05_SA02_R03_T7.5-12.5s.png,1,Fall,SA02
/content/drive/MyDrive/datasets/Mosaic_ADL_2x2/Fall/SA02/F05_SA02_R03_T10.0-15.0s.png,1,Fall,SA02
/content/drive/MyDrive/datasets/Mosaic_ADL_2x2/Fall/SA02/F05_SA02_R04_T0.0-5.0s.png,1,Fall,SA02
/content/drive/MyDrive/datasets/Mosaic_ADL_2x2/Fall/SA02/F05_SA02_R04_T2.5-7.5s.png,1,Fall,SA02
/content/drive/MyDrive/datasets/Mosaic_ADL_2x2/Fall/SA02/F05_SA02_R04_T5.0-10.0s.png,1,Fall,SA02
/content/drive/MyDrive/datasets/Mosaic_ADL_2x2/Fall/SA02/F05_SA02_R04_T7.5-12.5s.png,1,Fall,SA02
/content/drive/MyDrive/datasets/Mosaic_ADL_2x2/Fall/SA02/F05_SA02_R04_T10.0-15.0s.png,1,Fall,SA02
/content/drive/MyDrive/datasets/Mosaic_ADL_2x2/Fall/SA02/F05_SA02_R05_T0.0-5.0s.png,1,Fall,SA02
/content/drive/MyDrive/datasets/Mosaic_ADL_2x2/Fall/SA02/F05_SA02_R05_T2.5-7.5s.png,1,Fall,SA02
/content/drive/MyDrive/datasets/Mosaic_ADL_2x2/Fall/SA02/F05_SA02_R05_T5.0-10.0s.png,1,Fall,SA02
/content/drive/MyDrive/datasets/Mosaic_ADL_2x2/Fall/SA02/F05_SA02_R05_T7.5-12.5s.png,1,Fall,SA02
/content/drive/MyDrive/datasets/Mosaic_ADL_2x2/Fall/SA02/F05_SA02_R05_T10.0-15.0s.png,1,Fall,SA02
/content/drive/MyDrive/datasets/Mosaic_ADL_2x2/Fall/SA02/F06_SA02_R01_T0.0-5.0s.png,1,Fall,SA02
/content/drive/MyDrive/datasets/Mosaic_ADL_2x2/Fall/SA02/F06_SA02_R01_T2.5-7.5s.png,1,Fall,SA02
/content/drive/MyDrive/datasets/Mosaic_ADL_2x2/Fall/SA02/F06_SA02_R01_T5.0-10.0s.png,1,Fall,SA02
/content/drive/MyDrive/datasets/Mosaic_ADL_2x2/Fall/SA02/F06_SA02_R01_T7.5-12.5s.png,1,Fall,SA02
/content/drive/MyDrive/datasets/Mosaic_ADL_2x2/Fall/SA02/F06_SA02_R01_T10.0-15.0s.png,1,Fall,SA02
/content/drive/MyDrive/datasets/Mosaic_ADL_2x2/Fall/SA02/F06_SA02_R02_T0.0-5.0s.png,1,Fall,SA02
/content/drive/MyDrive/datasets/Mosaic_ADL_2x2/Fall/SA02/F06_SA02_R02_T2.5-7.5s.png,1,Fall,SA02
/content/drive/MyDrive/datasets/Mosaic_ADL_2x2/Fall/SA02/F06_SA02_R02_T5.0-10.0s.png,1,Fall,SA02
/content/drive/MyDrive/datasets/Mosaic_ADL_2x2/Fall/SA02/F06_SA02_R02_T7.5-12.5s.png,1,Fall,SA02
/content/drive/MyDrive/datasets/Mosaic_ADL_2x2/Fall/SA02/F06_SA02_R02_T10.0-15.0s.png,1,Fall,SA02
/content/drive/MyDrive/datasets/Mosaic_ADL_2x2/Fall/SA02/F06_SA02_R03_T0.0-5.0s.png,1,Fall,SA02
/content/drive/MyDrive/datasets/Mosaic_ADL_2x2/Fall/SA02/F06_SA02_R03_T2.5-7.5s.png,1,Fall,SA02
/content/drive/MyDrive/datasets/Mosaic_ADL_2x2/Fall/SA02/F06_SA02_R03_T5.0-10.0s.png,1,Fall,SA02
/content/drive/MyDrive/datasets/Mosaic_ADL_2x2/Fall/SA02/F06_SA02_R03_T7.5-12.5s.png,1,Fall,SA02
/content/drive/MyDrive/datasets/Mosaic_ADL_2x2/Fall/SA02/F06_SA02_R03_T10.0-15.0s.png,1,Fall,SA02
/content/drive/MyDrive/datasets/Mosaic_ADL_2x2/Fall/SA02/F06_SA02_R04_T0.0-5.0s.png,1,Fall,SA02
/content/drive/MyDrive/datasets/Mosaic_ADL_2x2/Fall/SA02/F06_SA02_R04_T2.5-7.5s.png,1,Fall,SA02
/content/drive/MyDrive/datasets/Mosaic_ADL_2x2/Fall/SA02/F06_SA02_R04_T5.0-10.0s.png,1,Fall,SA02
/content/drive/MyDrive/datasets/Mosaic_ADL_2x2/Fall/SA02/F06_SA02_R04_T7.5-12.5s.png,1,Fall,SA02
/content/drive/MyDrive/datasets/Mosaic_ADL_2x2/Fall/SA02/F06_SA02_R04_T10.0-15.0s.png,1,Fall,SA02
/content/drive/MyDrive/datasets/Mosaic_ADL_2x2/Fall/SA02/F06_SA02_R05_T0.0-5.0s.png,1,Fall,SA02
/content/drive/MyDrive/datasets/Mosaic_ADL_2x2/Fall/SA02/F06_SA02_R05_T2.5-7.5s.png,1,Fall,SA02
/content/drive/MyDrive/datasets/Mosaic_ADL_2x2/Fall/SA02/F06_SA02_R05_T5.0-10.0s.png,1,Fall,SA02
/content/drive/MyDrive/datasets/Mosaic_ADL_2x2/Fall/SA02/F06_SA02_R05_T7.5-12.5s.png,1,Fall,SA02
/content/drive/MyDrive/datasets/Mosaic_ADL_2x2/Fall/SA02/F06_SA02_R05_T10.0-15.0s.png,1,Fall,SA02
/content/drive/MyDrive/datasets/Mosaic_ADL_2x2/Fall/SA02/F07_SA02_R01_T0.0-5.0s.png,1,Fall,SA02
/content/drive/MyDrive/datasets/Mosaic_ADL_2x2/Fall/SA02/F07_SA02_R01_T2.5-7.5s.png,1,Fall,SA02
/content/drive/MyDrive/datasets/Mosaic_ADL_2x2/Fall/SA02/F07_SA02_R01_T5.0-10.0s.png,1,Fall,SA02
/content/drive/MyDrive/datasets/Mosaic_ADL_2x2/Fall/SA02/F07_SA02_R01_T7.5-12.5s.png,1,Fall,SA02
/content/drive/MyDrive/datasets/Mosaic_ADL_2x2/Fall/SA02/F07_SA02_R01_T10.0-15.0s.png,1,Fall,SA02
/content/drive/MyDrive/datasets/Mosaic_ADL_2x2/Fall/SA02/F07_SA02_R02_T0.0-5.0s.png,1,Fall,SA02
/content/drive/MyDrive/datasets/Mosaic_ADL_2x2/Fall/SA02/F07_SA02_R02_T2.5-7.5s.png,1,Fall,SA02
/content/drive/MyDrive/datasets/Mosaic_ADL_2x2/Fall/SA02/F07_SA02_R02_T5.0-10.0s.png,1,Fall,SA02
/content/drive/MyDrive/datasets/Mosaic_ADL_2x2/Fall/SA02/F07_SA02_R02_T7.5-12.5s.png,1,Fall,SA02
/content/drive/MyDrive/datasets/Mosaic_ADL_2x2/Fall/SA02/F07_SA02_R02_T10.0-15.0s.png,1,Fall,SA02
/content/drive/MyDrive/datasets/Mosaic_ADL_2x2/Fall/SA02/F07_SA02_R03_T0.0-5.0s.png,1,Fall,SA02
/content/drive/MyDrive/datasets/Mosaic_ADL_2x2/Fall/SA02/F07_SA02_R03_T2.5-7.5s.png,1,Fall,SA02
/content/drive/MyDrive/datasets/Mosaic_ADL_2x2/Fall/SA02/F07_SA02_R03_T5.0-10.0s.png,1,Fall,SA02
/content/drive/MyDrive/datasets/Mosaic_ADL_2x2/Fall/SA02/F07_SA02_R03_T7.5-12.5s.png,1,Fall,SA02
/content/drive/MyDrive/datasets/Mosaic_ADL_2x2/Fall/SA02/F07_SA02_R03_T10.0-15.0s.png,1,Fall,SA02
/content/drive/MyDrive/datasets/Mosaic_ADL_2x2/Fall/SA02/F07_SA02_R04_T0.0-5.0s.png,1,Fall,SA02
/content/drive/MyDrive/datasets/Mosaic_ADL_2x2/Fall/SA02/F07_SA02_R04_T2.5-7.5s.png,1,Fall,SA02
/content/drive/MyDrive/datasets/Mosaic_ADL_2x2/Fall/SA02/F07_SA02_R04_T5.0-10.0s.png,1,Fall,SA02
/content/drive/MyDrive/datasets/Mosaic_ADL_2x2/Fall/SA02/F07_SA02_R04_T7.5-12.5s.png,1,Fall,SA02
/content/drive/MyDrive/datasets/Mosaic_ADL_2x2/Fall/SA02/F07_SA02_R04_T10.0-15.0s.png,1,Fall,SA02
/content/drive/MyDrive/datasets/Mosaic_ADL_2x2/Fall/SA02/F07_SA02_R05_T0.0-5.0s.png,1,Fall,SA02
/content/drive/MyDrive/datasets/Mosaic_ADL_2x2/Fall/SA02/F07_SA02_R05_T2.5-7.5s.png,1,Fall,SA02
/content/drive/MyDrive/datasets/Mosaic_ADL_2x2/Fall/SA02/F07_SA02_R05_T5.0-10.0s.png,1,Fall,SA02
/content/drive/MyDrive/datasets/Mosaic_ADL_2x2/Fall/SA02/F07_SA02_R05_T7.5-12.5s.png,1,Fall,SA02
/content/drive/MyDrive/datasets/Mosaic_ADL_2x2/Fall/SA02/F07_SA02_R05_T10.0-15.0s.png,1,Fall,SA02
/content/drive/MyDrive/datasets/Mosaic_ADL_2x2/Fall/SA02/F08_SA02_R01_T0.0-5.0s.png,1,Fall,SA02
/content/drive/MyDrive/datasets/Mosaic_ADL_2x2/Fall/SA02/F08_SA02_R01_T2.5-7.5s.png,1,Fall,SA02
/content/drive/MyDrive/datasets/Mosaic_ADL_2x2/Fall/SA02/F08_SA02_R01_T5.0-10.0s.png,1,Fall,SA02
/content/drive/MyDrive/datasets/Mosaic_ADL_2x2/Fall/SA02/F08_SA02_R01_T7.5-12.5s.png,1,Fall,SA02
/content/drive/MyDrive/datasets/Mosaic_ADL_2x2/Fall/SA02/F08_SA02_R01_T10.0-15.0s.png,1,Fall,SA02
/content/drive/MyDrive/datasets/Mosaic_ADL_2x2/Fall/SA02/F08_SA02_R02_T0.0-5.0s.png,1,Fall,SA02
/content/drive/MyDrive/datasets/Mosaic_ADL_2x2/Fall/SA02/F08_SA02_R02_T2.5-7.5s.png,1,Fall,SA02
/content/drive/MyDrive/datasets/Mosaic_ADL_2x2/Fall/SA02/F08_SA02_R02_T5.0-10.0s.png,1,Fall,SA02
/content/drive/MyDrive/datasets/Mosaic_ADL_2x2/Fall/SA02/F08_SA02_R02_T7.5-12.5s.png,1,Fall,SA02
/content/drive/MyDrive/datasets/Mosaic_ADL_2x2/Fall/SA02/F08_SA02_R02_T10.0-15.0s.png,1,Fall,SA02
/content/drive/MyDrive/datasets/Mosaic_ADL_2x2/Fall/SA02/F08_SA02_R03_T0.0-5.0s.png,1,Fall,SA02
/content/drive/MyDrive/datasets/Mosaic_ADL_2x2/Fall/SA02/F08_SA02_R03_T2.5-7.5s.png,1,Fall,SA02
/content/drive/MyDrive/datasets/Mosaic_ADL_2x2/Fall/SA02/F08_SA02_R03_T5.0-10.0s.png,1,Fall,SA02
/content/drive/MyDrive/datasets/Mosaic_ADL_2x2/Fall/SA02/F08_SA02_R03_T7.5-12.5s.png,1,Fall,SA02
/content/drive/MyDrive/datasets/Mosaic_ADL_2x2/Fall/SA02/F08_SA02_R03_T10.0-15.0s.png,1,Fall,SA02
/content/drive/MyDrive/datasets/Mosaic_ADL_2x2/Fall/SA02/F08_SA02_R04_T0.0-5.0s.png,1,Fall,SA02
/content/drive/MyDrive/datasets/Mosaic_ADL_2x2/Fall/SA02/F08_SA02_R04_T2.5-7.5s.png,1,Fall,SA02
/content/drive/MyDrive/datasets/Mosaic_ADL_2x2/Fall/SA02/F08_SA02_R04_T5.0-10.0s.png,1,Fall,SA02
/content/drive/MyDrive/datasets/Mosaic_ADL_2x2/Fall/SA02/F08_SA02_R04_T7.5-12.5s.png,1,Fall,SA02
/content/drive/MyDrive/datasets/Mosaic_ADL_2x2/Fall/SA02/F08_SA02_R04_T10.0-15.0s.png,1,Fall,SA02
/content/drive/MyDrive/datasets/Mosaic_ADL_2x2/Fall/SA02/F08_SA02_R05_T0.0-5.0s.png,1,Fall,SA02
/content/drive/MyDrive/datasets/Mosaic_ADL_2x2/Fall/SA02/F08_SA02_R05_T2.5-7.5s.png,1,Fall,SA02
/content/drive/MyDrive/datasets/Mosaic_ADL_2x2/Fall/SA02/F08_SA02_R05_T5.0-10.0s.png,1,Fall,SA02
/content/drive/MyDrive/datasets/Mosaic_ADL_2x2/Fall/SA02/F08_SA02_R05_T7.5-12.5s.png,1,Fall,SA02
/content/drive/MyDrive/datasets/Mosaic_ADL_2x2/Fall/SA02/F08_SA02_R05_T10.0-15.0s.png,1,Fall,SA02
/content/drive/MyDrive/datasets/Mosaic_ADL_2x2/Fall/SA02/F09_SA02_R01_T0.0-5.0s.png,1,Fall,SA02
/content/drive/MyDrive/datasets/Mosaic_ADL_2x2/Fall/SA02/F09_SA02_R01_T2.5-7.5s.png,1,Fall,SA02
/content/drive/MyDrive/datasets/Mosaic_ADL_2x2/Fall/SA02/F09_SA02_R01_T5.0-10.0s.png,1,Fall,SA02
/content/drive/MyDrive/datasets/Mosaic_ADL_2x2/Fall/SA02/F09_SA02_R01_T7.5-12.5s.png,1,Fall,SA02
/content/drive/MyDrive/datasets/Mosaic_ADL_2x2/Fall/SA02/F09_SA02_R01_T10.0-15.0s.png,1,Fall,SA02
/content/drive/MyDrive/datasets/Mosaic_ADL_2x2/Fall/SA02/F09_SA02_R02_T0.0-5.0s.png,1,Fall,SA02
/content/drive/MyDrive/datasets/Mosaic_ADL_2x2/Fall/SA02/F09_SA02_R02_T2.5-7.5s.png,1,Fall,SA02
/content/drive/MyDrive/datasets/Mosaic_ADL_2x2/Fall/SA02/F09_SA02_R02_T5.0-10.0s.png,1,Fall,SA02
/content/drive/MyDrive/datasets/Mosaic_ADL_2x2/Fall/SA02/F09_SA02_R02_T7.5-12.5s.png,1,Fall,SA02
/content/drive/MyDrive/datasets/Mosaic_ADL_2x2/Fall/SA02/F09_SA02_R02_T10.0-15.0s.png,1,Fall,SA02
/content/drive/MyDrive/datasets/Mosaic_ADL_2x2/Fall/SA02/F09_SA02_R03_T0.0-5.0s.png,1,Fall,SA02
/content/drive/MyDrive/datasets/Mosaic_ADL_2x2/Fall/SA02/F09_SA02_R03_T2.5-7.5s.png,1,Fall,SA02
/content/drive/MyDrive/datasets/Mosaic_ADL_2x2/Fall/SA02/F09_SA02_R03_T5.0-10.0s.png,1,Fall,SA02
/content/drive/MyDrive/datasets/Mosaic_ADL_2x2/Fall/SA02/F09_SA02_R03_T7.5-12.5s.png,1,Fall,SA02
/content/drive/MyDrive/datasets/Mosaic_ADL_2x2/Fall/SA02/F09_SA02_R03_T10.0-15.0s.png,1,Fall,SA02
/content/drive/MyDrive/datasets/Mosaic_ADL_2x2/Fall/SA02/F09_SA02_R04_T0.0-5.0s.png,1,Fall,SA02
/content/drive/MyDrive/datasets/Mosaic_ADL_2x2/Fall/SA02/F09_SA02_R04_T2.5-7.5s.png,1,Fall,SA02
/content/drive/MyDrive/datasets/Mosaic_ADL_2x2/Fall/SA02/F09_SA02_R04_T5.0-10.0s.png,1,Fall,SA02
/content/drive/MyDrive/datasets/Mosaic_ADL_2x2/Fall/SA02/F09_SA02_R04_T7.5-12.5s.png,1,Fall,SA02
/content/drive/MyDrive/datasets/Mosaic_ADL_2x2/Fall/SA02/F09_SA02_R04_T10.0-15.0s.png,1,Fall,SA02
/content/drive/MyDrive/datasets/Mosaic_ADL_2x2/Fall/SA02/F09_SA02_R05_T0.0-5.0s.png,1,Fall,SA02
/content/drive/MyDrive/datasets/Mosaic_ADL_2x2/Fall/SA02/F09_SA02_R05_T2.5-7.5s.png,1,Fall,SA02
/content/drive/MyDrive/datasets/Mosaic_ADL_2x2/Fall/SA02/F09_SA02_R05_T5.0-10.0s.png,1,Fall,SA02
/content/drive/MyDrive/datasets/Mosaic_ADL_2x2/Fall/SA02/F09_SA02_R05_T7.5-12.5s.png,1,Fall,SA02
/content/drive/MyDrive/datasets/Mosaic_ADL_2x2/Fall/SA02/F09_SA02_R05_T10.0-15.0s.png,1,Fall,SA02
/content/drive/MyDrive/datasets/Mosaic_ADL_2x2/Fall/SA02/F10_SA02_R01_T0.0-5.0s.png,1,Fall,SA02
/content/drive/MyDrive/datasets/Mosaic_ADL_2x2/Fall/SA02/F10_SA02_R01_T2.5-7.5s.png,1,Fall,SA02
/content/drive/MyDrive/datasets/Mosaic_ADL_2x2/Fall/SA02/F10_SA02_R01_T5.0-10.0s.png,1,Fall,SA02
/content/drive/MyDrive/datasets/Mosaic_ADL_2x2/Fall/SA02/F10_SA02_R01_T7.5-12.5s.png,1,Fall,SA02
/content/drive/MyDrive/datasets/Mosaic_ADL_2x2/Fall/SA02/F10_SA02_R01_T10.0-15.0s.png,1,Fall,SA02
/content/drive/MyDrive/datasets/Mosaic_ADL_2x2/Fall/SA02/F10_SA02_R02_T0.0-5.0s.png,1,Fall,SA02
/content/drive/MyDrive/datasets/Mosaic_ADL_2x2/Fall/SA02/F10_SA02_R02_T2.5-7.5s.png,1,Fall,SA02
/content/drive/MyDrive/datasets/Mosaic_ADL_2x2/Fall/SA02/F10_SA02_R02_T5.0-10.0s.png,1,Fall,SA02
/content/drive/MyDrive/datasets/Mosaic_ADL_2x2/Fall/SA02/F10_SA02_R02_T7.5-12.5s.png,1,Fall,SA02
/content/drive/MyDrive/datasets/Mosaic_ADL_2x2/Fall/SA02/F10_SA02_R02_T10.0-15.0s.png,1,Fall,SA02
/content/drive/MyDrive/datasets/Mosaic_ADL_2x2/Fall/SA02/F10_SA02_R03_T0.0-5.0s.png,1,Fall,SA02
/content/drive/MyDrive/datasets/Mosaic_ADL_2x2/Fall/SA02/F10_SA02_R03_T2.5-7.5s.png,1,Fall,SA02
/content/drive/MyDrive/datasets/Mosaic_ADL_2x2/Fall/SA02/F10_SA02_R03_T5.0-10.0s.png,1,Fall,SA02
/content/drive/MyDrive/datasets/Mosaic_ADL_2x2/Fall/SA02/F10_SA02_R03_T7.5-12.5s.png,1,Fall,SA02
/content/drive/MyDrive/datasets/Mosaic_ADL_2x2/Fall/SA02/F10_SA02_R03_T10.0-15.0s.png,1,Fall,SA02
/content/drive/MyDrive/datasets/Mosaic_ADL_2x2/Fall/SA02/F10_SA02_R04_T0.0-5.0s.png,1,Fall,SA02
/content/drive/MyDrive/datasets/Mosaic_ADL_2x2/Fall/SA02/F10_SA02_R04_T2.5-7.5s.png,1,Fall,SA02
/content/drive/MyDrive/datasets/Mosaic_ADL_2x2/Fall/SA02/F10_SA02_R04_T5.0-10.0s.png,1,Fall,SA02
/content/drive/MyDrive/datasets/Mosaic_ADL_2x2/Fall/SA02/F10_SA02_R04_T7.5-12.5s.png,1,Fall,SA02
/content/drive/MyDrive/datasets/Mosaic_ADL_2x2/Fall/SA02/F10_SA02_R04_T10.0-15.0s.png,1,Fall,SA02
/content/drive/MyDrive/datasets/Mosaic_ADL_2x2/Fall/SA02/F10_SA02_R05_T0.0-5.0s.png,1,Fall,SA02
/content/drive/MyDrive/datasets/Mosaic_ADL_2x2/Fall/SA02/F10_SA02_R05_T2.5-7.5s.png,1,Fall,SA02
/content/drive/MyDrive/datasets/Mosaic_ADL_2x2/Fall/SA02/F10_SA02_R05_T5.0-10.0s.png,1,Fall,SA02
/content/drive/MyDrive/datasets/Mosaic_ADL_2x2/Fall/SA02/F10_SA02_R05_T7.5-12.5s.png,1,Fall,SA02
/content/drive/MyDrive/datasets/Mosaic_ADL_2x2/Fall/SA02/F10_SA02_R05_T10.0-15.0s.png,1,Fall,SA02
/content/drive/MyDrive/datasets/Mosaic_ADL_2x2/Fall/SA02/F11_SA02_R01_T0.0-5.0s.png,1,Fall,SA02
/content/drive/MyDrive/datasets/Mosaic_ADL_2x2/Fall/SA02/F11_SA02_R01_T2.5-7.5s.png,1,Fall,SA02
/content/drive/MyDrive/datasets/Mosaic_ADL_2x2/Fall/SA02/F11_SA02_R01_T5.0-10.0s.png,1,Fall,SA02
/content/drive/MyDrive/datasets/Mosaic_ADL_2x2/Fall/SA02/F11_SA02_R01_T7.5-12.5s.png,1,Fall,SA02
/content/drive/MyDrive/datasets/Mosaic_ADL_2x2/Fall/SA02/F11_SA02_R01_T10.0-15.0s.png,1,Fall,SA02
/content/drive/MyDrive/datasets/Mosaic_ADL_2x2/Fall/SA02/F11_SA02_R02_T0.0-5.0s.png,1,Fall,SA02
/content/drive/MyDrive/datasets/Mosaic_ADL_2x2/Fall/SA02/F11_SA02_R02_T2.5-7.5s.png,1,Fall,SA02
/content/drive/MyDrive/datasets/Mosaic_ADL_2x2/Fall/SA02/F11_SA02_R02_T5.0-10.0s.png,1,Fall,SA02
/content/drive/MyDrive/datasets/Mosaic_ADL_2x2/Fall/SA02/F11_SA02_R02_T7.5-12.5s.png,1,Fall,SA02
/content/drive/MyDrive/datasets/Mosaic_ADL_2x2/Fall/SA02/F11_SA02_R02_T10.0-15.0s.png,1,Fall,SA02
/content/drive/MyDrive/datasets/Mosaic_ADL_2x2/Fall/SA02/F11_SA02_R03_T0.0-5.0s.png,1,Fall,SA02
/content/drive/MyDrive/datasets/Mosaic_ADL_2x2/Fall/SA02/F11_SA02_R03_T2.5-7.5s.png,1,Fall,SA02
/content/drive/MyDrive/datasets/Mosaic_ADL_2x2/Fall/SA02/F11_SA02_R03_T5.0-10.0s.png,1,Fall,SA02
/content/drive/MyDrive/datasets/Mosaic_ADL_2x2/Fall/SA02/F11_SA02_R03_T7.5-12.5s.png,1,Fall,SA02
/content/drive/MyDrive/datasets/Mosaic_ADL_2x2/Fall/SA02/F11_SA02_R03_T10.0-15.0s.png,1,Fall,SA02
/content/drive/MyDrive/datasets/Mosaic_ADL_2x2/Fall/SA02/F11_SA02_R04_T0.0-5.0s.png,1,Fall,SA02
/content/drive/MyDrive/datasets/Mosaic_ADL_2x2/Fall/SA02/F11_SA02_R04_T2.5-7.5s.png,1,Fall,SA02
/content/drive/MyDrive/datasets/Mosaic_ADL_2x2/Fall/SA02/F11_SA02_R04_T5.0-10.0s.png,1,Fall,SA02
/content/drive/MyDrive/datasets/Mosaic_ADL_2x2/Fall/SA02/F11_SA02_R04_T7.5-12.5s.png,1,Fall,SA02
/content/drive/MyDrive/datasets/Mosaic_ADL_2x2/Fall/SA02/F11_SA02_R04_T10.0-15.0s.png,1,Fall,SA02
/content/drive/MyDrive/datasets/Mosaic_ADL_2x2/Fall/SA02/F11_SA02_R05_T0.0-5.0s.png,1,Fall,SA02
/content/drive/MyDrive/datasets/Mosaic_ADL_2x2/Fall/SA02/F11_SA02_R05_T2.5-7.5s.png,1,Fall,SA02
/content/drive/MyDrive/datasets/Mosaic_ADL_2x2/Fall/SA02/F11_SA02_R05_T5.0-10.0s.png,1,Fall,SA02
/content/drive/MyDrive/datasets/Mosaic_ADL_2x2/Fall/SA02/F11_SA02_R05_T7.5-12.5s.png,1,Fall,SA02
/content/drive/MyDrive/datasets/Mosaic_ADL_2x2/Fall/SA02/F11_SA02_R05_T10.0-15.0s.png,1,Fall,SA02
/content/drive/MyDrive/datasets/Mosaic_ADL_2x2/Fall/SA02/F12_SA02_R01_T0.0-5.0s.png,1,Fall,SA02
/content/drive/MyDrive/datasets/Mosaic_ADL_2x2/Fall/SA02/F12_SA02_R01_T2.5-7.5s.png,1,Fall,SA02
/content/drive/MyDrive/datasets/Mosaic_ADL_2x2/Fall/SA02/F12_SA02_R01_T5.0-10.0s.png,1,Fall,SA02
/content/drive/MyDrive/datasets/Mosaic_ADL_2x2/Fall/SA02/F12_SA02_R01_T7.5-12.5s.png,1,Fall,SA02
/content/drive/MyDrive/datasets/Mosaic_ADL_2x2/Fall/SA02/F12_SA02_R01_T10.0-15.0s.png,1,Fall,SA02
/content/drive/MyDrive/datasets/Mosaic_ADL_2x2/Fall/SA02/F12_SA02_R02_T0.0-5.0s.png,1,Fall,SA02
/content/drive/MyDrive/datasets/Mosaic_ADL_2x2/Fall/SA02/F12_SA02_R02_T2.5-7.5s.png,1,Fall,SA02
/content/drive/MyDrive/datasets/Mosaic_ADL_2x2/Fall/SA02/F12_SA02_R02_T5.0-10.0s.png,1,Fall,SA02
/content/drive/MyDrive/datasets/Mosaic_ADL_2x2/Fall/SA02/F12_SA02_R02_T7.5-12.5s.png,1,Fall,SA02
/content/drive/MyDrive/datasets/Mosaic_ADL_2x2/Fall/SA02/F12_SA02_R02_T10.0-15.0s.png,1,Fall,SA02
/content/drive/MyDrive/datasets/Mosaic_ADL_2x2/Fall/SA02/F12_SA02_R03_T0.0-5.0s.png,1,Fall,SA02
/content/drive/MyDrive/datasets/Mosaic_ADL_2x2/Fall/SA02/F12_SA02_R03_T2.5-7.5s.png,1,Fall,SA02
/content/drive/MyDrive/datasets/Mosaic_ADL_2x2/Fall/SA02/F12_SA02_R03_T5.0-10.0s.png,1,Fall,SA02
/content/drive/MyDrive/datasets/Mosaic_ADL_2x2/Fall/SA02/F12_SA02_R03_T7.5-12.5s.png,1,Fall,SA02
/content/drive/MyDrive/datasets/Mosaic_ADL_2x2/Fall/SA02/F12_SA02_R03_T10.0-15.0s.png,1,Fall,SA02
/content/drive/MyDrive/datasets/Mosaic_ADL_2x2/Fall/SA02/F12_SA02_R04_T0.0-5.0s.png,1,Fall,SA02
/content/drive/MyDrive/datasets/Mosaic_ADL_2x2/Fall/SA02/F12_SA02_R04_T2.5-7.5s.png,1,Fall,SA02
/content/drive/MyDrive/datasets/Mosaic_ADL_2x2/Fall/SA02/F12_SA02_R04_T5.0-10.0s.png,1,Fall,SA02
/content/drive/MyDrive/datasets/Mosaic_ADL_2x2/Fall/SA02/F12_SA02_R04_T7.5-12.5s.png,1,Fall,SA02
/content/drive/MyDrive/datasets/Mosaic_ADL_2x2/Fall/SA02/F12_SA02_R04_T10.0-15.0s.png,1,Fall,SA02
/content/drive/MyDrive/datasets/Mosaic_ADL_2x2/Fall/SA02/F12_SA02_R05_T0.0-5.0s.png,1,Fall,SA02
/content/drive/MyDrive/datasets/Mosaic_ADL_2x2/Fall/SA02/F12_SA02_R05_T2.5-7.5s.png,1,Fall,SA02
/content/drive/MyDrive/datasets/Mosaic_ADL_2x2/Fall/SA02/F12_SA02_R05_T5.0-10.0s.png,1,Fall,SA02
/content/drive/MyDrive/datasets/Mosaic_ADL_2x2/Fall/SA02/F12_SA02_R05_T7.5-12.5s.png,1,Fall,SA02
/content/drive/MyDrive/datasets/Mosaic_ADL_2x2/Fall/SA02/F12_SA02_R05_T10.0-15.0s.png,1,Fall,SA02
/content/drive/MyDrive/datasets/Mosaic_ADL_2x2/Fall/SA02/F13_SA02_R01_T0.0-5.0s.png,1,Fall,SA02
/content/drive/MyDrive/datasets/Mosaic_ADL_2x2/Fall/SA02/F13_SA02_R01_T2.5-7.5s.png,1,Fall,SA02
/content/drive/MyDrive/datasets/Mosaic_ADL_2x2/Fall/SA02/F13_SA02_R01_T5.0-10.0s.png,1,Fall,SA02
/content/drive/MyDrive/datasets/Mosaic_ADL_2x2/Fall/SA02/F13_SA02_R01_T7.5-12.5s.png,1,Fall,SA02
/content/drive/MyDrive/datasets/Mosaic_ADL_2x2/Fall/SA02/F13_SA02_R01_T10.0-15.0s.png,1,Fall,SA02
/content/drive/MyDrive/datasets/Mosaic_ADL_2x2/Fall/SA02/F13_SA02_R02_T0.0-5.0s.png,1,Fall,SA02
/content/drive/MyDrive/datasets/Mosaic_ADL_2x2/Fall/SA02/F13_SA02_R02_T2.5-7.5s.png,1,Fall,SA02
/content/drive/MyDrive/datasets/Mosaic_ADL_2x2/Fall/SA02/F13_SA02_R02_T5.0-10.0s.png,1,Fall,SA02
/content/drive/MyDrive/datasets/Mosaic_ADL_2x2/Fall/SA02/F13_SA02_R02_T7.5-12.5s.png,1,Fall,SA02
/content/drive/MyDrive/datasets/Mosaic_ADL_2x2/Fall/SA02/F13_SA02_R02_T10.0-15.0s.png,1,Fall,SA02
/content/drive/MyDrive/datasets/Mosaic_ADL_2x2/Fall/SA02/F13_SA02_R03_T0.0-5.0s.png,1,Fall,SA02
/content/drive/MyDrive/datasets/Mosaic_ADL_2x2/Fall/SA02/F13_SA02_R03_T2.5-7.5s.png,1,Fall,SA02
/content/drive/MyDrive/datasets/Mosaic_ADL_2x2/Fall/SA02/F13_SA02_R03_T5.0-10.0s.png,1,Fall,SA02
/content/drive/MyDrive/datasets/Mosaic_ADL_2x2/Fall/SA02/F13_SA02_R03_T7.5-12.5s.png,1,Fall,SA02
/content/drive/MyDrive/datasets/Mosaic_ADL_2x2/Fall/SA02/F13_SA02_R03_T10.0-15.0s.png,1,Fall,SA02
/content/drive/MyDrive/datasets/Mosaic_ADL_2x2/Fall/SA02/F13_SA02_R04_T0.0-5.0s.png,1,Fall,SA02
/content/drive/MyDrive/datasets/Mosaic_ADL_2x2/Fall/SA02/F13_SA02_R04_T2.5-7.5s.png,1,Fall,SA02
/content/drive/MyDrive/datasets/Mosaic_ADL_2x2/Fall/SA02/F13_SA02_R04_T5.0-10.0s.png,1,Fall,SA02
/content/drive/MyDrive/datasets/Mosaic_ADL_2x2/Fall/SA02/F13_SA02_R04_T7.5-12.5s.png,1,Fall,SA02
/content/drive/MyDrive/datasets/Mosaic_ADL_2x2/Fall/SA02/F13_SA02_R04_T10.0-15.0s.png,1,Fall,SA02
/content/drive/MyDrive/datasets/Mosaic_ADL_2x2/Fall/SA02/F13_SA02_R05_T0.0-5.0s.png,1,Fall,SA02
/content/drive/MyDrive/datasets/Mosaic_ADL_2x2/Fall/SA02/F13_SA02_R05_T2.5-7.5s.png,1,Fall,SA02
/content/drive/MyDrive/datasets/Mosaic_ADL_2x2/Fall/SA02/F13_SA02_R05_T5.0-10.0s.png,1,Fall,SA02
/content/drive/MyDrive/datasets/Mosaic_ADL_2x2/Fall/SA02/F13_SA02_R05_T7.5-12.5s.png,1,Fall,SA02
/content/drive/MyDrive/datasets/Mosaic_ADL_2x2/Fall/SA02/F13_SA02_R05_T10.0-15.0s.png,1,Fall,SA02
/content/drive/MyDrive/datasets/Mosaic_ADL_2x2/Fall/SA02/F14_SA02_R01_T0.0-5.0s.png,1,Fall,SA02
/content/drive/MyDrive/datasets/Mosaic_ADL_2x2/Fall/SA02/F14_SA02_R01_T2.5-7.5s.png,1,Fall,SA02
/content/drive/MyDrive/datasets/Mosaic_ADL_2x2/Fall/SA02/F14_SA02_R01_T5.0-10.0s.png,1,Fall,SA02
/content/drive/MyDrive/datasets/Mosaic_ADL_2x2/Fall/SA02/F14_SA02_R01_T7.5-12.5s.png,1,Fall,SA02
/content/drive/MyDrive/datasets/Mosaic_ADL_2x2/Fall/SA02/F14_SA02_R01_T10.0-15.0s.png,1,Fall,SA02
/content/drive/MyDrive/datasets/Mosaic_ADL_2x2/Fall/SA02/F14_SA02_R02_T0.0-5.0s.png,1,Fall,SA02
/content/drive/MyDrive/datasets/Mosaic_ADL_2x2/Fall/SA02/F14_SA02_R02_T2.5-7.5s.png,1,Fall,SA02
/content/drive/MyDrive/datasets/Mosaic_ADL_2x2/Fall/SA02/F14_SA02_R02_T5.0-10.0s.png,1,Fall,SA02
/content/drive/MyDrive/datasets/Mosaic_ADL_2x2/Fall/SA02/F14_SA02_R02_T7.5-12.5s.png,1,Fall,SA02
/content/drive/MyDrive/datasets/Mosaic_ADL_2x2/Fall/SA02/F14_SA02_R02_T10.0-15.0s.png,1,Fall,SA02
/content/drive/MyDrive/datasets/Mosaic_ADL_2x2/Fall/SA02/F14_SA02_R03_T0.0-5.0s.png,1,Fall,SA02
/content/drive/MyDrive/datasets/Mosaic_ADL_2x2/Fall/SA02/F14_SA02_R03_T2.5-7.5s.png,1,Fall,SA02
/content/drive/MyDrive/datasets/Mosaic_ADL_2x2/Fall/SA02/F14_SA02_R03_T5.0-10.0s.png,1,Fall,SA02
/content/drive/MyDrive/datasets/Mosaic_ADL_2x2/Fall/SA02/F14_SA02_R03_T7.5-12.5s.png,1,Fall,SA02
/content/drive/MyDrive/datasets/Mosaic_ADL_2x2/Fall/SA02/F14_SA02_R03_T10.0-15.0s.png,1,Fall,SA02
/content/drive/MyDrive/datasets/Mosaic_ADL_2x2/Fall/SA02/F14_SA02_R04_T0.0-5.0s.png,1,Fall,SA02
/content/drive/MyDrive/datasets/Mosaic_ADL_2x2/Fall/SA02/F14_SA02_R04_T2.5-7.5s.png,1,Fall,SA02
/content/drive/MyDrive/datasets/Mosaic_ADL_2x2/Fall/SA02/F14_SA02_R04_T5.0-10.0s.png,1,Fall,SA02
/content/drive/MyDrive/datasets/Mosaic_ADL_2x2/Fall/SA02/F14_SA02_R04_T7.5-12.5s.png,1,Fall,SA02
/content/drive/MyDrive/datasets/Mosaic_ADL_2x2/Fall/SA02/F14_SA02_R04_T10.0-15.0s.png,1,Fall,SA02
/content/drive/MyDrive/datasets/Mosaic_ADL_2x2/Fall/SA02/F14_SA02_R05_T0.0-5.0s.png,1,Fall,SA02
/content/drive/MyDrive/datasets/Mosaic_ADL_2x2/Fall/SA02/F14_SA02_R05_T2.5-7.5s.png,1,Fall,SA02
/content/drive/MyDrive/datasets/Mosaic_ADL_2x2/Fall/SA02/F14_SA02_R05_T5.0-10.0s.png,1,Fall,SA02
/content/drive/MyDrive/datasets/Mosaic_ADL_2x2/Fall/SA02/F14_SA02_R05_T7.5-12.5s.png,1,Fall,SA02
/content/drive/MyDrive/datasets/Mosaic_ADL_2x2/Fall/SA02/F14_SA02_R05_T10.0-15.0s.png,1,Fall,SA02
/content/drive/MyDrive/datasets/Mosaic_ADL_2x2/Fall/SA02/F15_SA02_R01_T0.0-5.0s.png,1,Fall,SA02
/content/drive/MyDrive/datasets/Mosaic_ADL_2x2/Fall/SA02/F15_SA02_R01_T2.5-7.5s.png,1,Fall,SA02
/content/drive/MyDrive/datasets/Mosaic_ADL_2x2/Fall/SA02/F15_SA02_R01_T5.0-10.0s.png,1,Fall,SA02
/content/drive/MyDrive/datasets/Mosaic_ADL_2x2/Fall/SA02/F15_SA02_R01_T7.5-12.5s.png,1,Fall,SA02
/content/drive/MyDrive/datasets/Mosaic_ADL_2x2/Fall/SA02/F15_SA02_R01_T10.0-15.0s.png,1,Fall,SA02
/content/drive/MyDrive/datasets/Mosaic_ADL_2x2/Fall/SA02/F15_SA02_R02_T0.0-5.0s.png,1,Fall,SA02
/content/drive/MyDrive/datasets/Mosaic_ADL_2x2/Fall/SA02/F15_SA02_R02_T2.5-7.5s.png,1,Fall,SA02
/content/drive/MyDrive/datasets/Mosaic_ADL_2x2/Fall/SA02/F15_SA02_R02_T5.0-10.0s.png,1,Fall,SA02
/content/drive/MyDrive/datasets/Mosaic_ADL_2x2/Fall/SA02/F15_SA02_R02_T7.5-12.5s.png,1,Fall,SA02
/content/drive/MyDrive/datasets/Mosaic_ADL_2x2/Fall/SA02/F15_SA02_R02_T10.0-15.0s.png,1,Fall,SA02
/content/drive/MyDrive/datasets/Mosaic_ADL_2x2/Fall/SA02/F15_SA02_R03_T0.0-5.0s.png,1,Fall,SA02
/content/drive/MyDrive/datasets/Mosaic_ADL_2x2/Fall/SA02/F15_SA02_R03_T2.5-7.5s.png,1,Fall,SA02
/content/drive/MyDrive/datasets/Mosaic_ADL_2x2/Fall/SA02/F15_SA02_R03_T5.0-10.0s.png,1,Fall,SA02
/content/drive/MyDrive/datasets/Mosaic_ADL_2x2/Fall/SA02/F15_SA02_R03_T7.5-12.5s.png,1,Fall,SA02
/content/drive/MyDrive/datasets/Mosaic_ADL_2x2/Fall/SA02/F15_SA02_R03_T10.0-15.0s.png,1,Fall,SA02
/content/drive/MyDrive/datasets/Mosaic_ADL_2x2/Fall/SA02/F15_SA02_R04_T0.0-5.0s.png,1,Fall,SA02
/content/drive/MyDrive/datasets/Mosaic_ADL_2x2/Fall/SA02/F15_SA02_R04_T2.5-7.5s.png,1,Fall,SA02
/content/drive/MyDrive/datasets/Mosaic_ADL_2x2/Fall/SA02/F15_SA02_R04_T5.0-10.0s.png,1,Fall,SA02
/content/drive/MyDrive/datasets/Mosaic_ADL_2x2/Fall/SA02/F15_SA02_R04_T7.5-12.5s.png,1,Fall,SA02
/content/drive/MyDrive/datasets/Mosaic_ADL_2x2/Fall/SA02/F15_SA02_R04_T10.0-15.0s.png,1,Fall,SA02
/content/drive/MyDrive/datasets/Mosaic_ADL_2x2/Fall/SA02/F15_SA02_R05_T0.0-5.0s.png,1,Fall,SA02
/content/drive/MyDrive/datasets/Mosaic_ADL_2x2/Fall/SA02/F15_SA02_R05_T2.5-7.5s.png,1,Fall,SA02
/content/drive/MyDrive/datasets/Mosaic_ADL_2x2/Fall/SA02/F15_SA02_R05_T5.0-10.0s.png,1,Fall,SA02
/content/drive/MyDrive/datasets/Mosaic_ADL_2x2/Fall/SA02/F15_SA02_R05_T7.5-12.5s.png,1,Fall,SA02
/content/drive/MyDrive/datasets/Mosaic_ADL_2x2/Fall/SA02/F15_SA02_R05_T10.0-15.0s.png,1,Fall,SA02
/content/drive/MyDrive/datasets/Mosaic_ADL_2x2/Fall/SA04/F01_SA04_R01_T0.0-5.0s.png,1,Fall,SA04
/content/drive/MyDrive/datasets/Mosaic_ADL_2x2/Fall/SA04/F01_SA04_R01_T2.5-7.5s.png,1,Fall,SA04
/content/drive/MyDrive/datasets/Mosaic_ADL_2x2/Fall/SA04/F01_SA04_R01_T5.0-10.0s.png,1,Fall,SA04
/content/drive/MyDrive/datasets/Mosaic_ADL_2x2/Fall/SA04/F01_SA04_R01_T7.5-12.5s.png,1,Fall,SA04
/content/drive/MyDrive/datasets/Mosaic_ADL_2x2/Fall/SA04/F01_SA04_R02_T0.0-5.0s.png,1,Fall,SA04
/content/drive/MyDrive/datasets/Mosaic_ADL_2x2/Fall/SA04/F01_SA04_R02_T2.5-7.5s.png,1,Fall,SA04
/content/drive/MyDrive/datasets/Mosaic_ADL_2x2/Fall/SA04/F01_SA04_R02_T5.0-10.0s.png,1,Fall,SA04
/content/drive/MyDrive/datasets/Mosaic_ADL_2x2/Fall/SA04/F01_SA04_R02_T7.5-12.5s.png,1,Fall,SA04
/content/drive/MyDrive/datasets/Mosaic_ADL_2x2/Fall/SA04/F01_SA04_R02_T10.0-15.0s.png,1,Fall,SA04
/content/drive/MyDrive/datasets/Mosaic_ADL_2x2/Fall/SA04/F01_SA04_R03_T0.0-5.0s.png,1,Fall,SA04
/content/drive/MyDrive/datasets/Mosaic_ADL_2x2/Fall/SA04/F01_SA04_R03_T2.5-7.5s.png,1,Fall,SA04
/content/drive/MyDrive/datasets/Mosaic_ADL_2x2/Fall/SA04/F01_SA04_R03_T5.0-10.0s.png,1,Fall,SA04
/content/drive/MyDrive/datasets/Mosaic_ADL_2x2/Fall/SA04/F01_SA04_R03_T7.5-12.5s.png,1,Fall,SA04
/content/drive/MyDrive/datasets/Mosaic_ADL_2x2/Fall/SA04/F01_SA04_R03_T10.0-15.0s.png,1,Fall,SA04
/content/drive/MyDrive/datasets/Mosaic_ADL_2x2/Fall/SA04/F01_SA04_R04_T0.0-5.0s.png,1,Fall,SA04
/content/drive/MyDrive/datasets/Mosaic_ADL_2x2/Fall/SA04/F01_SA04_R04_T2.5-7.5s.png,1,Fall,SA04
/content/drive/MyDrive/datasets/Mosaic_ADL_2x2/Fall/SA04/F01_SA04_R04_T5.0-10.0s.png,1,Fall,SA04
/content/drive/MyDrive/datasets/Mosaic_ADL_2x2/Fall/SA04/F01_SA04_R04_T7.5-12.5s.png,1,Fall,SA04
/content/drive/MyDrive/datasets/Mosaic_ADL_2x2/Fall/SA04/F01_SA04_R04_T10.0-15.0s.png,1,Fall,SA04
/content/drive/MyDrive/datasets/Mosaic_ADL_2x2/Fall/SA04/F01_SA04_R05_T0.0-5.0s.png,1,Fall,SA04
/content/drive/MyDrive/datasets/Mosaic_ADL_2x2/Fall/SA04/F01_SA04_R05_T2.5-7.5s.png,1,Fall,SA04
/content/drive/MyDrive/datasets/Mosaic_ADL_2x2/Fall/SA04/F01_SA04_R05_T5.0-10.0s.png,1,Fall,SA04
/content/drive/MyDrive/datasets/Mosaic_ADL_2x2/Fall/SA04/F01_SA04_R05_T7.5-12.5s.png,1,Fall,SA04
/content/drive/MyDrive/datasets/Mosaic_ADL_2x2/Fall/SA04/F01_SA04_R05_T10.0-15.0s.png,1,Fall,SA04
/content/drive/MyDrive/datasets/Mosaic_ADL_2x2/Fall/SA04/F02_SA04_R01_T0.0-5.0s.png,1,Fall,SA04
/content/drive/MyDrive/datasets/Mosaic_ADL_2x2/Fall/SA04/F02_SA04_R01_T2.5-7.5s.png,1,Fall,SA04
/content/drive/MyDrive/datasets/Mosaic_ADL_2x2/Fall/SA04/F02_SA04_R01_T5.0-10.0s.png,1,Fall,SA04
/content/drive/MyDrive/datasets/Mosaic_ADL_2x2/Fall/SA04/F02_SA04_R01_T7.5-12.5s.png,1,Fall,SA04
/content/drive/MyDrive/datasets/Mosaic_ADL_2x2/Fall/SA04/F02_SA04_R01_T10.0-15.0s.png,1,Fall,SA04
/content/drive/MyDrive/datasets/Mosaic_ADL_2x2/Fall/SA04/F02_SA04_R02_T0.0-5.0s.png,1,Fall,SA04
/content/drive/MyDrive/datasets/Mosaic_ADL_2x2/Fall/SA04/F02_SA04_R02_T2.5-7.5s.png,1,Fall,SA04
/content/drive/MyDrive/datasets/Mosaic_ADL_2x2/Fall/SA04/F02_SA04_R02_T5.0-10.0s.png,1,Fall,SA04
/content/drive/MyDrive/datasets/Mosaic_ADL_2x2/Fall/SA04/F02_SA04_R02_T7.5-12.5s.png,1,Fall,SA04
/content/drive/MyDrive/datasets/Mosaic_ADL_2x2/Fall/SA04/F02_SA04_R02_T10.0-15.0s.png,1,Fall,SA04
/content/drive/MyDrive/datasets/Mosaic_ADL_2x2/Fall/SA04/F02_SA04_R03_T0.0-5.0s.png,1,Fall,SA04
/content/drive/MyDrive/datasets/Mosaic_ADL_2x2/Fall/SA04/F02_SA04_R03_T2.5-7.5s.png,1,Fall,SA04
/content/drive/MyDrive/datasets/Mosaic_ADL_2x2/Fall/SA04/F02_SA04_R03_T5.0-10.0s.png,1,Fall,SA04
/content/drive/MyDrive/datasets/Mosaic_ADL_2x2/Fall/SA04/F02_SA04_R03_T7.5-12.5s.png,1,Fall,SA04
/content/drive/MyDrive/datasets/Mosaic_ADL_2x2/Fall/SA04/F02_SA04_R03_T10.0-15.0s.png,1,Fall,SA04
/content/drive/MyDrive/datasets/Mosaic_ADL_2x2/Fall/SA04/F02_SA04_R04_T0.0-5.0s.png,1,Fall,SA04
/content/drive/MyDrive/datasets/Mosaic_ADL_2x2/Fall/SA04/F02_SA04_R04_T2.5-7.5s.png,1,Fall,SA04
/content/drive/MyDrive/datasets/Mosaic_ADL_2x2/Fall/SA04/F02_SA04_R04_T5.0-10.0s.png,1,Fall,SA04
/content/drive/MyDrive/datasets/Mosaic_ADL_2x2/Fall/SA04/F02_SA04_R04_T7.5-12.5s.png,1,Fall,SA04
/content/drive/MyDrive/datasets/Mosaic_ADL_2x2/Fall/SA04/F02_SA04_R04_T10.0-15.0s.png,1,Fall,SA04
/content/drive/MyDrive/datasets/Mosaic_ADL_2x2/Fall/SA04/F02_SA04_R05_T0.0-5.0s.png,1,Fall,SA04
/content/drive/MyDrive/datasets/Mosaic_ADL_2x2/Fall/SA04/F02_SA04_R05_T2.5-7.5s.png,1,Fall,SA04
/content/drive/MyDrive/datasets/Mosaic_ADL_2x2/Fall/SA04/F02_SA04_R05_T5.0-10.0s.png,1,Fall,SA04
/content/drive/MyDrive/datasets/Mosaic_ADL_2x2/Fall/SA04/F02_SA04_R05_T7.5-12.5s.png,1,Fall,SA04
/content/drive/MyDrive/datasets/Mosaic_ADL_2x2/Fall/SA04/F02_SA04_R05_T10.0-15.0s.png,1,Fall,SA04
/content/drive/MyDrive/datasets/Mosaic_ADL_2x2/Fall/SA04/F03_SA04_R01_T0.0-5.0s.png,1,Fall,SA04
/content/drive/MyDrive/datasets/Mosaic_ADL_2x2/Fall/SA04/F03_SA04_R01_T2.5-7.5s.png,1,Fall,SA04
/content/drive/MyDrive/datasets/Mosaic_ADL_2x2/Fall/SA04/F03_SA04_R01_T5.0-10.0s.png,1,Fall,SA04
/content/drive/MyDrive/datasets/Mosaic_ADL_2x2/Fall/SA04/F03_SA04_R01_T7.5-12.5s.png,1,Fall,SA04
/content/drive/MyDrive/datasets/Mosaic_ADL_2x2/Fall/SA04/F03_SA04_R01_T10.0-15.0s.png,1,Fall,SA04
/content/drive/MyDrive/datasets/Mosaic_ADL_2x2/Fall/SA04/F03_SA04_R02_T0.0-5.0s.png,1,Fall,SA04
/content/drive/MyDrive/datasets/Mosaic_ADL_2x2/Fall/SA04/F03_SA04_R02_T2.5-7.5s.png,1,Fall,SA04
/content/drive/MyDrive/datasets/Mosaic_ADL_2x2/Fall/SA04/F03_SA04_R02_T5.0-10.0s.png,1,Fall,SA04
/content/drive/MyDrive/datasets/Mosaic_ADL_2x2/Fall/SA04/F03_SA04_R02_T7.5-12.5s.png,1,Fall,SA04
/content/drive/MyDrive/datasets/Mosaic_ADL_2x2/Fall/SA04/F03_SA04_R02_T10.0-15.0s.png,1,Fall,SA04
/content/drive/MyDrive/datasets/Mosaic_ADL_2x2/Fall/SA04/F03_SA04_R03_T0.0-5.0s.png,1,Fall,SA04
/content/drive/MyDrive/datasets/Mosaic_ADL_2x2/Fall/SA04/F03_SA04_R03_T2.5-7.5s.png,1,Fall,SA04
/content/drive/MyDrive/datasets/Mosaic_ADL_2x2/Fall/SA04/F03_SA04_R03_T5.0-10.0s.png,1,Fall,SA04
/content/drive/MyDrive/datasets/Mosaic_ADL_2x2/Fall/SA04/F03_SA04_R03_T7.5-12.5s.png,1,Fall,SA04
/content/drive/MyDrive/datasets/Mosaic_ADL_2x2/Fall/SA04/F03_SA04_R03_T10.0-15.0s.png,1,Fall,SA04
/content/drive/MyDrive/datasets/Mosaic_ADL_2x2/Fall/SA04/F03_SA04_R04_T0.0-5.0s.png,1,Fall,SA04
/content/drive/MyDrive/datasets/Mosaic_ADL_2x2/Fall/SA04/F03_SA04_R04_T2.5-7.5s.png,1,Fall,SA04
/content/drive/MyDrive/datasets/Mosaic_ADL_2x2/Fall/SA04/F03_SA04_R04_T5.0-10.0s.png,1,Fall,SA04
/content/drive/MyDrive/datasets/Mosaic_ADL_2x2/Fall/SA04/F03_SA04_R04_T7.5-12.5s.png,1,Fall,SA04
/content/drive/MyDrive/datasets/Mosaic_ADL_2x2/Fall/SA04/F03_SA04_R04_T10.0-15.0s.png,1,Fall,SA04
/content/drive/MyDrive/datasets/Mosaic_ADL_2x2/Fall/SA04/F03_SA04_R05_T0.0-5.0s.png,1,Fall,SA04
/content/drive/MyDrive/datasets/Mosaic_ADL_2x2/Fall/SA04/F03_SA04_R05_T2.5-7.5s.png,1,Fall,SA04
/content/drive/MyDrive/datasets/Mosaic_ADL_2x2/Fall/SA04/F03_SA04_R05_T5.0-10.0s.png,1,Fall,SA04
/content/drive/MyDrive/datasets/Mosaic_ADL_2x2/Fall/SA04/F03_SA04_R05_T7.5-12.5s.png,1,Fall,SA04
/content/drive/MyDrive/datasets/Mosaic_ADL_2x2/Fall/SA04/F03_SA04_R05_T10.0-15.0s.png,1,Fall,SA04
/content/drive/MyDrive/datasets/Mosaic_ADL_2x2/Fall/SA04/F04_SA04_R01_T0.0-5.0s.png,1,Fall,SA04
/content/drive/MyDrive/datasets/Mosaic_ADL_2x2/Fall/SA04/F04_SA04_R01_T2.5-7.5s.png,1,Fall,SA04
/content/drive/MyDrive/datasets/Mosaic_ADL_2x2/Fall/SA04/F04_SA04_R01_T5.0-10.0s.png,1,Fall,SA04
/content/drive/MyDrive/datasets/Mosaic_ADL_2x2/Fall/SA04/F04_SA04_R01_T7.5-12.5s.png,1,Fall,SA04
/content/drive/MyDrive/datasets/Mosaic_ADL_2x2/Fall/SA04/F04_SA04_R01_T10.0-15.0s.png,1,Fall,SA04
/content/drive/MyDrive/datasets/Mosaic_ADL_2x2/Fall/SA04/F04_SA04_R02_T0.0-5.0s.png,1,Fall,SA04
/content/drive/MyDrive/datasets/Mosaic_ADL_2x2/Fall/SA04/F04_SA04_R02_T2.5-7.5s.png,1,Fall,SA04
/content/drive/MyDrive/datasets/Mosaic_ADL_2x2/Fall/SA04/F04_SA04_R02_T5.0-10.0s.png,1,Fall,SA04
/content/drive/MyDrive/datasets/Mosaic_ADL_2x2/Fall/SA04/F04_SA04_R02_T7.5-12.5s.png,1,Fall,SA04
/content/drive/MyDrive/datasets/Mosaic_ADL_2x2/Fall/SA04/F04_SA04_R02_T10.0-15.0s.png,1,Fall,SA04
/content/drive/MyDrive/datasets/Mosaic_ADL_2x2/Fall/SA04/F04_SA04_R03_T0.0-5.0s.png,1,Fall,SA04
/content/drive/MyDrive/datasets/Mosaic_ADL_2x2/Fall/SA04/F04_SA04_R03_T2.5-7.5s.png,1,Fall,SA04
/content/drive/MyDrive/datasets/Mosaic_ADL_2x2/Fall/SA04/F04_SA04_R03_T5.0-10.0s.png,1,Fall,SA04
/content/drive/MyDrive/datasets/Mosaic_ADL_2x2/Fall/SA04/F04_SA04_R03_T7.5-12.5s.png,1,Fall,SA04
/content/drive/MyDrive/datasets/Mosaic_ADL_2x2/Fall/SA04/F04_SA04_R03_T10.0-15.0s.png,1,Fall,SA04
/content/drive/MyDrive/datasets/Mosaic_ADL_2x2/Fall/SA04/F04_SA04_R04_T0.0-5.0s.png,1,Fall,SA04
/content/drive/MyDrive/datasets/Mosaic_ADL_2x2/Fall/SA04/F04_SA04_R04_T2.5-7.5s.png,1,Fall,SA04
/content/drive/MyDrive/datasets/Mosaic_ADL_2x2/Fall/SA04/F04_SA04_R04_T5.0-10.0s.png,1,Fall,SA04
/content/drive/MyDrive/datasets/Mosaic_ADL_2x2/Fall/SA04/F04_SA04_R04_T7.5-12.5s.png,1,Fall,SA04
/content/drive/MyDrive/datasets/Mosaic_ADL_2x2/Fall/SA04/F04_SA04_R04_T10.0-15.0s.png,1,Fall,SA04
/content/drive/MyDrive/datasets/Mosaic_ADL_2x2/Fall/SA04/F04_SA04_R05_T0.0-5.0s.png,1,Fall,SA04
/content/drive/MyDrive/datasets/Mosaic_ADL_2x2/Fall/SA04/F04_SA04_R05_T2.5-7.5s.png,1,Fall,SA04
/content/drive/MyDrive/datasets/Mosaic_ADL_2x2/Fall/SA04/F04_SA04_R05_T5.0-10.0s.png,1,Fall,SA04
/content/drive/MyDrive/datasets/Mosaic_ADL_2x2/Fall/SA04/F04_SA04_R05_T7.5-12.5s.png,1,Fall,SA04
/content/drive/MyDrive/datasets/Mosaic_ADL_2x2/Fall/SA04/F04_SA04_R05_T10.0-15.0s.png,1,Fall,SA04
/content/drive/MyDrive/datasets/Mosaic_ADL_2x2/Fall/SA04/F05_SA04_R01_T0.0-5.0s.png,1,Fall,SA04
/content/drive/MyDrive/datasets/Mosaic_ADL_2x2/Fall/SA04/F05_SA04_R01_T2.5-7.5s.png,1,Fall,SA04
/content/drive/MyDrive/datasets/Mosaic_ADL_2x2/Fall/SA04/F05_SA04_R01_T5.0-10.0s.png,1,Fall,SA04
/content/drive/MyDrive/datasets/Mosaic_ADL_2x2/Fall/SA04/F05_SA04_R01_T7.5-12.5s.png,1,Fall,SA04
/content/drive/MyDrive/datasets/Mosaic_ADL_2x2/Fall/SA04/F05_SA04_R01_T10.0-15.0s.png,1,Fall,SA04
/content/drive/MyDrive/datasets/Mosaic_ADL_2x2/Fall/SA04/F05_SA04_R02_T0.0-5.0s.png,1,Fall,SA04
/content/drive/MyDrive/datasets/Mosaic_ADL_2x2/Fall/SA04/F05_SA04_R02_T2.5-7.5s.png,1,Fall,SA04
/content/drive/MyDrive/datasets/Mosaic_ADL_2x2/Fall/SA04/F05_SA04_R02_T5.0-10.0s.png,1,Fall,SA04
/content/drive/MyDrive/datasets/Mosaic_ADL_2x2/Fall/SA04/F05_SA04_R02_T7.5-12.5s.png,1,Fall,SA04
/content/drive/MyDrive/datasets/Mosaic_ADL_2x2/Fall/SA04/F05_SA04_R02_T10.0-15.0s.png,1,Fall,SA04
/content/drive/MyDrive/datasets/Mosaic_ADL_2x2/Fall/SA04/F05_SA04_R03_T0.0-5.0s.png,1,Fall,SA04
/content/drive/MyDrive/datasets/Mosaic_ADL_2x2/Fall/SA04/F05_SA04_R03_T2.5-7.5s.png,1,Fall,SA04
/content/drive/MyDrive/datasets/Mosaic_ADL_2x2/Fall/SA04/F05_SA04_R03_T5.0-10.0s.png,1,Fall,SA04
/content/drive/MyDrive/datasets/Mosaic_ADL_2x2/Fall/SA04/F05_SA04_R03_T7.5-12.5s.png,1,Fall,SA04
/content/drive/MyDrive/datasets/Mosaic_ADL_2x2/Fall/SA04/F05_SA04_R03_T10.0-15.0s.png,1,Fall,SA04
/content/drive/MyDrive/datasets/Mosaic_ADL_2x2/Fall/SA04/F05_SA04_R04_T0.0-5.0s.png,1,Fall,SA04
/content/drive/MyDrive/datasets/Mosaic_ADL_2x2/Fall/SA04/F05_SA04_R04_T2.5-7.5s.png,1,Fall,SA04
/content/drive/MyDrive/datasets/Mosaic_ADL_2x2/Fall/SA04/F05_SA04_R04_T5.0-10.0s.png,1,Fall,SA04
/content/drive/MyDrive/datasets/Mosaic_ADL_2x2/Fall/SA04/F05_SA04_R04_T7.5-12.5s.png,1,Fall,SA04
/content/drive/MyDrive/datasets/Mosaic_ADL_2x2/Fall/SA04/F05_SA04_R04_T10.0-15.0s.png,1,Fall,SA04
/content/drive/MyDrive/datasets/Mosaic_ADL_2x2/Fall/SA04/F05_SA04_R05_T0.0-5.0s.png,1,Fall,SA04
/content/drive/MyDrive/datasets/Mosaic_ADL_2x2/Fall/SA04/F05_SA04_R05_T2.5-7.5s.png,1,Fall,SA04
/content/drive/MyDrive/datasets/Mosaic_ADL_2x2/Fall/SA04/F05_SA04_R05_T5.0-10.0s.png,1,Fall,SA04
/content/drive/MyDrive/datasets/Mosaic_ADL_2x2/Fall/SA04/F05_SA04_R05_T7.5-12.5s.png,1,Fall,SA04
/content/drive/MyDrive/datasets/Mosaic_ADL_2x2/Fall/SA04/F05_SA04_R05_T10.0-15.0s.png,1,Fall,SA04
/content/drive/MyDrive/datasets/Mosaic_ADL_2x2/Fall/SA04/F06_SA04_R01_T0.0-5.0s.png,1,Fall,SA04
/content/drive/MyDrive/datasets/Mosaic_ADL_2x2/Fall/SA04/F06_SA04_R01_T2.5-7.5s.png,1,Fall,SA04
/content/drive/MyDrive/datasets/Mosaic_ADL_2x2/Fall/SA04/F06_SA04_R01_T5.0-10.0s.png,1,Fall,SA04
/content/drive/MyDrive/datasets/Mosaic_ADL_2x2/Fall/SA04/F06_SA04_R01_T7.5-12.5s.png,1,Fall,SA04
/content/drive/MyDrive/datasets/Mosaic_ADL_2x2/Fall/SA04/F06_SA04_R02_T0.0-5.0s.png,1,Fall,SA04
/content/drive/MyDrive/datasets/Mosaic_ADL_2x2/Fall/SA04/F06_SA04_R02_T2.5-7.5s.png,1,Fall,SA04
/content/drive/MyDrive/datasets/Mosaic_ADL_2x2/Fall/SA04/F06_SA04_R02_T5.0-10.0s.png,1,Fall,SA04
/content/drive/MyDrive/datasets/Mosaic_ADL_2x2/Fall/SA04/F06_SA04_R02_T7.5-12.5s.png,1,Fall,SA04
/content/drive/MyDrive/datasets/Mosaic_ADL_2x2/Fall/SA04/F06_SA04_R02_T10.0-15.0s.png,1,Fall,SA04
/content/drive/MyDrive/datasets/Mosaic_ADL_2x2/Fall/SA04/F06_SA04_R03_T0.0-5.0s.png,1,Fall,SA04
/content/drive/MyDrive/datasets/Mosaic_ADL_2x2/Fall/SA04/F06_SA04_R03_T2.5-7.5s.png,1,Fall,SA04
/content/drive/MyDrive/datasets/Mosaic_ADL_2x2/Fall/SA04/F06_SA04_R03_T5.0-10.0s.png,1,Fall,SA04
/content/drive/MyDrive/datasets/Mosaic_ADL_2x2/Fall/SA04/F06_SA04_R03_T7.5-12.5s.png,1,Fall,SA04
/content/drive/MyDrive/datasets/Mosaic_ADL_2x2/Fall/SA04/F06_SA04_R03_T10.0-15.0s.png,1,Fall,SA04
/content/drive/MyDrive/datasets/Mosaic_ADL_2x2/Fall/SA04/F06_SA04_R04_T0.0-5.0s.png,1,Fall,SA04
/content/drive/MyDrive/datasets/Mosaic_ADL_2x2/Fall/SA04/F06_SA04_R04_T2.5-7.5s.png,1,Fall,SA04
/content/drive/MyDrive/datasets/Mosaic_ADL_2x2/Fall/SA04/F06_SA04_R04_T5.0-10.0s.png,1,Fall,SA04
/content/drive/MyDrive/datasets/Mosaic_ADL_2x2/Fall/SA04/F06_SA04_R04_T7.5-12.5s.png,1,Fall,SA04
/content/drive/MyDrive/datasets/Mosaic_ADL_2x2/Fall/SA04/F06_SA04_R04_T10.0-15.0s.png,1,Fall,SA04
/content/drive/MyDrive/datasets/Mosaic_ADL_2x2/Fall/SA04/F06_SA04_R05_T0.0-5.0s.png,1,Fall,SA04
/content/drive/MyDrive/datasets/Mosaic_ADL_2x2/Fall/SA04/F06_SA04_R05_T2.5-7.5s.png,1,Fall,SA04
/content/drive/MyDrive/datasets/Mosaic_ADL_2x2/Fall/SA04/F06_SA04_R05_T5.0-10.0s.png,1,Fall,SA04
/content/drive/MyDrive/datasets/Mosaic_ADL_2x2/Fall/SA04/F06_SA04_R05_T7.5-12.5s.png,1,Fall,SA04
/content/drive/MyDrive/datasets/Mosaic_ADL_2x2/Fall/SA04/F06_SA04_R05_T10.0-15.0s.png,1,Fall,SA04
/content/drive/MyDrive/datasets/Mosaic_ADL_2x2/Fall/SA04/F07_SA04_R01_T0.0-5.0s.png,1,Fall,SA04
/content/drive/MyDrive/datasets/Mosaic_ADL_2x2/Fall/SA04/F07_SA04_R01_T2.5-7.5s.png,1,Fall,SA04
/content/drive/MyDrive/datasets/Mosaic_ADL_2x2/Fall/SA04/F07_SA04_R01_T5.0-10.0s.png,1,Fall,SA04
/content/drive/MyDrive/datasets/Mosaic_ADL_2x2/Fall/SA04/F07_SA04_R01_T7.5-12.5s.png,1,Fall,SA04
/content/drive/MyDrive/datasets/Mosaic_ADL_2x2/Fall/SA04/F07_SA04_R01_T10.0-15.0s.png,1,Fall,SA04
/content/drive/MyDrive/datasets/Mosaic_ADL_2x2/Fall/SA04/F07_SA04_R02_T0.0-5.0s.png,1,Fall,SA04
/content/drive/MyDrive/datasets/Mosaic_ADL_2x2/Fall/SA04/F07_SA04_R02_T2.5-7.5s.png,1,Fall,SA04
/content/drive/MyDrive/datasets/Mosaic_ADL_2x2/Fall/SA04/F07_SA04_R02_T5.0-10.0s.png,1,Fall,SA04
/content/drive/MyDrive/datasets/Mosaic_ADL_2x2/Fall/SA04/F07_SA04_R02_T7.5-12.5s.png,1,Fall,SA04
/content/drive/MyDrive/datasets/Mosaic_ADL_2x2/Fall/SA04/F07_SA04_R03_T0.0-5.0s.png,1,Fall,SA04
/content/drive/MyDrive/datasets/Mosaic_ADL_2x2/Fall/SA04/F07_SA04_R03_T2.5-7.5s.png,1,Fall,SA04
/content/drive/MyDrive/datasets/Mosaic_ADL_2x2/Fall/SA04/F07_SA04_R03_T5.0-10.0s.png,1,Fall,SA04
/content/drive/MyDrive/datasets/Mosaic_ADL_2x2/Fall/SA04/F07_SA04_R03_T7.5-12.5s.png,1,Fall,SA04
/content/drive/MyDrive/datasets/Mosaic_ADL_2x2/Fall/SA04/F07_SA04_R03_T10.0-15.0s.png,1,Fall,SA04
/content/drive/MyDrive/datasets/Mosaic_ADL_2x2/Fall/SA04/F07_SA04_R04_T0.0-5.0s.png,1,Fall,SA04
/content/drive/MyDrive/datasets/Mosaic_ADL_2x2/Fall/SA04/F07_SA04_R04_T2.5-7.5s.png,1,Fall,SA04
/content/drive/MyDrive/datasets/Mosaic_ADL_2x2/Fall/SA04/F07_SA04_R04_T5.0-10.0s.png,1,Fall,SA04
/content/drive/MyDrive/datasets/Mosaic_ADL_2x2/Fall/SA04/F07_SA04_R04_T7.5-12.5s.png,1,Fall,SA04
/content/drive/MyDrive/datasets/Mosaic_ADL_2x2/Fall/SA04/F07_SA04_R04_T10.0-15.0s.png,1,Fall,SA04
/content/drive/MyDrive/datasets/Mosaic_ADL_2x2/Fall/SA04/F07_SA04_R05_T0.0-5.0s.png,1,Fall,SA04
/content/drive/MyDrive/datasets/Mosaic_ADL_2x2/Fall/SA04/F07_SA04_R05_T2.5-7.5s.png,1,Fall,SA04
/content/drive/MyDrive/datasets/Mosaic_ADL_2x2/Fall/SA04/F07_SA04_R05_T5.0-10.0s.png,1,Fall,SA04
/content/drive/MyDrive/datasets/Mosaic_ADL_2x2/Fall/SA04/F07_SA04_R05_T7.5-12.5s.png,1,Fall,SA04
/content/drive/MyDrive/datasets/Mosaic_ADL_2x2/Fall/SA04/F07_SA04_R05_T10.0-15.0s.png,1,Fall,SA04
/content/drive/MyDrive/datasets/Mosaic_ADL_2x2/Fall/SA04/F08_SA04_R01_T0.0-5.0s.png,1,Fall,SA04
/content/drive/MyDrive/datasets/Mosaic_ADL_2x2/Fall/SA04/F08_SA04_R01_T2.5-7.5s.png,1,Fall,SA04
/content/drive/MyDrive/datasets/Mosaic_ADL_2x2/Fall/SA04/F08_SA04_R01_T5.0-10.0s.png,1,Fall,SA04
/content/drive/MyDrive/datasets/Mosaic_ADL_2x2/Fall/SA04/F08_SA04_R01_T7.5-12.5s.png,1,Fall,SA04
/content/drive/MyDrive/datasets/Mosaic_ADL_2x2/Fall/SA04/F08_SA04_R01_T10.0-15.0s.png,1,Fall,SA04
/content/drive/MyDrive/datasets/Mosaic_ADL_2x2/Fall/SA04/F08_SA04_R02_T0.0-5.0s.png,1,Fall,SA04
/content/drive/MyDrive/datasets/Mosaic_ADL_2x2/Fall/SA04/F08_SA04_R02_T2.5-7.5s.png,1,Fall,SA04
/content/drive/MyDrive/datasets/Mosaic_ADL_2x2/Fall/SA04/F08_SA04_R02_T5.0-10.0s.png,1,Fall,SA04
/content/drive/MyDrive/datasets/Mosaic_ADL_2x2/Fall/SA04/F08_SA04_R02_T7.5-12.5s.png,1,Fall,SA04
/content/drive/MyDrive/datasets/Mosaic_ADL_2x2/Fall/SA04/F08_SA04_R02_T10.0-15.0s.png,1,Fall,SA04
/content/drive/MyDrive/datasets/Mosaic_ADL_2x2/Fall/SA04/F08_SA04_R03_T0.0-5.0s.png,1,Fall,SA04
/content/drive/MyDrive/datasets/Mosaic_ADL_2x2/Fall/SA04/F08_SA04_R03_T2.5-7.5s.png,1,Fall,SA04
/content/drive/MyDrive/datasets/Mosaic_ADL_2x2/Fall/SA04/F08_SA04_R03_T5.0-10.0s.png,1,Fall,SA04
/content/drive/MyDrive/datasets/Mosaic_ADL_2x2/Fall/SA04/F08_SA04_R03_T7.5-12.5s.png,1,Fall,SA04
/content/drive/MyDrive/datasets/Mosaic_ADL_2x2/Fall/SA04/F08_SA04_R03_T10.0-15.0s.png,1,Fall,SA04
/content/drive/MyDrive/datasets/Mosaic_ADL_2x2/Fall/SA04/F08_SA04_R04_T0.0-5.0s.png,1,Fall,SA04
/content/drive/MyDrive/datasets/Mosaic_ADL_2x2/Fall/SA04/F08_SA04_R04_T2.5-7.5s.png,1,Fall,SA04
/content/drive/MyDrive/datasets/Mosaic_ADL_2x2/Fall/SA04/F08_SA04_R04_T5.0-10.0s.png,1,Fall,SA04
/content/drive/MyDrive/datasets/Mosaic_ADL_2x2/Fall/SA04/F08_SA04_R04_T7.5-12.5s.png,1,Fall,SA04
/content/drive/MyDrive/datasets/Mosaic_ADL_2x2/Fall/SA04/F08_SA04_R04_T10.0-15.0s.png,1,Fall,SA04
/content/drive/MyDrive/datasets/Mosaic_ADL_2x2/Fall/SA04/F08_SA04_R05_T0.0-5.0s.png,1,Fall,SA04
/content/drive/MyDrive/datasets/Mosaic_ADL_2x2/Fall/SA04/F08_SA04_R05_T2.5-7.5s.png,1,Fall,SA04
/content/drive/MyDrive/datasets/Mosaic_ADL_2x2/Fall/SA04/F08_SA04_R05_T5.0-10.0s.png,1,Fall,SA04
/content/drive/MyDrive/datasets/Mosaic_ADL_2x2/Fall/SA04/F08_SA04_R05_T7.5-12.5s.png,1,Fall,SA04
/content/drive/MyDrive/datasets/Mosaic_ADL_2x2/Fall/SA04/F08_SA04_R05_T10.0-15.0s.png,1,Fall,SA04
/content/drive/MyDrive/datasets/Mosaic_ADL_2x2/Fall/SA04/F09_SA04_R01_T0.0-5.0s.png,1,Fall,SA04
/content/drive/MyDrive/datasets/Mosaic_ADL_2x2/Fall/SA04/F09_SA04_R01_T2.5-7.5s.png,1,Fall,SA04
/content/drive/MyDrive/datasets/Mosaic_ADL_2x2/Fall/SA04/F09_SA04_R01_T5.0-10.0s.png,1,Fall,SA04
/content/drive/MyDrive/datasets/Mosaic_ADL_2x2/Fall/SA04/F09_SA04_R01_T7.5-12.5s.png,1,Fall,SA04
/content/drive/MyDrive/datasets/Mosaic_ADL_2x2/Fall/SA04/F09_SA04_R01_T10.0-15.0s.png,1,Fall,SA04
/content/drive/MyDrive/datasets/Mosaic_ADL_2x2/Fall/SA04/F09_SA04_R02_T0.0-5.0s.png,1,Fall,SA04
/content/drive/MyDrive/datasets/Mosaic_ADL_2x2/Fall/SA04/F09_SA04_R02_T2.5-7.5s.png,1,Fall,SA04
/content/drive/MyDrive/datasets/Mosaic_ADL_2x2/Fall/SA04/F09_SA04_R02_T5.0-10.0s.png,1,Fall,SA04
/content/drive/MyDrive/datasets/Mosaic_ADL_2x2/Fall/SA04/F09_SA04_R02_T7.5-12.5s.png,1,Fall,SA04
/content/drive/MyDrive/datasets/Mosaic_ADL_2x2/Fall/SA04/F09_SA04_R02_T10.0-15.0s.png,1,Fall,SA04
/content/drive/MyDrive/datasets/Mosaic_ADL_2x2/Fall/SA04/F09_SA04_R03_T0.0-5.0s.png,1,Fall,SA04
/content/drive/MyDrive/datasets/Mosaic_ADL_2x2/Fall/SA04/F09_SA04_R03_T2.5-7.5s.png,1,Fall,SA04
/content/drive/MyDrive/datasets/Mosaic_ADL_2x2/Fall/SA04/F09_SA04_R03_T5.0-10.0s.png,1,Fall,SA04
/content/drive/MyDrive/datasets/Mosaic_ADL_2x2/Fall/SA04/F09_SA04_R03_T7.5-12.5s.png,1,Fall,SA04
/content/drive/MyDrive/datasets/Mosaic_ADL_2x2/Fall/SA04/F09_SA04_R03_T10.0-15.0s.png,1,Fall,SA04
/content/drive/MyDrive/datasets/Mosaic_ADL_2x2/Fall/SA04/F09_SA04_R04_T0.0-5.0s.png,1,Fall,SA04
/content/drive/MyDrive/datasets/Mosaic_ADL_2x2/Fall/SA04/F09_SA04_R04_T2.5-7.5s.png,1,Fall,SA04
/content/drive/MyDrive/datasets/Mosaic_ADL_2x2/Fall/SA04/F09_SA04_R04_T5.0-10.0s.png,1,Fall,SA04
/content/drive/MyDrive/datasets/Mosaic_ADL_2x2/Fall/SA04/F09_SA04_R04_T7.5-12.5s.png,1,Fall,SA04
/content/drive/MyDrive/datasets/Mosaic_ADL_2x2/Fall/SA04/F09_SA04_R04_T10.0-15.0s.png,1,Fall,SA04
/content/drive/MyDrive/datasets/Mosaic_ADL_2x2/Fall/SA04/F09_SA04_R05_T0.0-5.0s.png,1,Fall,SA04
/content/drive/MyDrive/datasets/Mosaic_ADL_2x2/Fall/SA04/F09_SA04_R05_T2.5-7.5s.png,1,Fall,SA04
/content/drive/MyDrive/datasets/Mosaic_ADL_2x2/Fall/SA04/F09_SA04_R05_T5.0-10.0s.png,1,Fall,SA04
/content/drive/MyDrive/datasets/Mosaic_ADL_2x2/Fall/SA04/F09_SA04_R05_T7.5-12.5s.png,1,Fall,SA04
/content/drive/MyDrive/datasets/Mosaic_ADL_2x2/Fall/SA04/F09_SA04_R05_T10.0-15.0s.png,1,Fall,SA04
/content/drive/MyDrive/datasets/Mosaic_ADL_2x2/Fall/SA04/F10_SA04_R01_T0.0-5.0s.png,1,Fall,SA04
/content/drive/MyDrive/datasets/Mosaic_ADL_2x2/Fall/SA04/F10_SA04_R01_T2.5-7.5s.png,1,Fall,SA04
/content/drive/MyDrive/datasets/Mosaic_ADL_2x2/Fall/SA04/F10_SA04_R01_T5.0-10.0s.png,1,Fall,SA04
/content/drive/MyDrive/datasets/Mosaic_ADL_2x2/Fall/SA04/F10_SA04_R01_T7.5-12.5s.png,1,Fall,SA04
/content/drive/MyDrive/datasets/Mosaic_ADL_2x2/Fall/SA04/F10_SA04_R01_T10.0-15.0s.png,1,Fall,SA04
/content/drive/MyDrive/datasets/Mosaic_ADL_2x2/Fall/SA04/F10_SA04_R02_T0.0-5.0s.png,1,Fall,SA04
/content/drive/MyDrive/datasets/Mosaic_ADL_2x2/Fall/SA04/F10_SA04_R02_T2.5-7.5s.png,1,Fall,SA04
/content/drive/MyDrive/datasets/Mosaic_ADL_2x2/Fall/SA04/F10_SA04_R02_T5.0-10.0s.png,1,Fall,SA04
/content/drive/MyDrive/datasets/Mosaic_ADL_2x2/Fall/SA04/F10_SA04_R02_T7.5-12.5s.png,1,Fall,SA04
/content/drive/MyDrive/datasets/Mosaic_ADL_2x2/Fall/SA04/F10_SA04_R02_T10.0-15.0s.png,1,Fall,SA04
/content/drive/MyDrive/datasets/Mosaic_ADL_2x2/Fall/SA04/F10_SA04_R03_T0.0-5.0s.png,1,Fall,SA04
/content/drive/MyDrive/datasets/Mosaic_ADL_2x2/Fall/SA04/F10_SA04_R03_T2.5-7.5s.png,1,Fall,SA04
/content/drive/MyDrive/datasets/Mosaic_ADL_2x2/Fall/SA04/F10_SA04_R03_T5.0-10.0s.png,1,Fall,SA04
/content/drive/MyDrive/datasets/Mosaic_ADL_2x2/Fall/SA04/F10_SA04_R03_T7.5-12.5s.png,1,Fall,SA04
/content/drive/MyDrive/datasets/Mosaic_ADL_2x2/Fall/SA04/F10_SA04_R03_T10.0-15.0s.png,1,Fall,SA04
/content/drive/MyDrive/datasets/Mosaic_ADL_2x2/Fall/SA04/F10_SA04_R04_T0.0-5.0s.png,1,Fall,SA04
/content/drive/MyDrive/datasets/Mosaic_ADL_2x2/Fall/SA04/F10_SA04_R04_T2.5-7.5s.png,1,Fall,SA04
/content/drive/MyDrive/datasets/Mosaic_ADL_2x2/Fall/SA04/F10_SA04_R04_T5.0-10.0s.png,1,Fall,SA04
/content/drive/MyDrive/datasets/Mosaic_ADL_2x2/Fall/SA04/F10_SA04_R04_T7.5-12.5s.png,1,Fall,SA04
/content/drive/MyDrive/datasets/Mosaic_ADL_2x2/Fall/SA04/F10_SA04_R04_T10.0-15.0s.png,1,Fall,SA04
/content/drive/MyDrive/datasets/Mosaic_ADL_2x2/Fall/SA04/F10_SA04_R05_T0.0-5.0s.png,1,Fall,SA04
/content/drive/MyDrive/datasets/Mosaic_ADL_2x2/Fall/SA04/F10_SA04_R05_T2.5-7.5s.png,1,Fall,SA04
/content/drive/MyDrive/datasets/Mosaic_ADL_2x2/Fall/SA04/F10_SA04_R05_T5.0-10.0s.png,1,Fall,SA04
/content/drive/MyDrive/datasets/Mosaic_ADL_2x2/Fall/SA04/F10_SA04_R05_T7.5-12.5s.png,1,Fall,SA04
/content/drive/MyDrive/datasets/Mosaic_ADL_2x2/Fall/SA04/F10_SA04_R05_T10.0-15.0s.png,1,Fall,SA04
/content/drive/MyDrive/datasets/Mosaic_ADL_2x2/Fall/SA04/F11_SA04_R01_T0.0-5.0s.png,1,Fall,SA04
/content/drive/MyDrive/datasets/Mosaic_ADL_2x2/Fall/SA04/F11_SA04_R01_T2.5-7.5s.png,1,Fall,SA04
/content/drive/MyDrive/datasets/Mosaic_ADL_2x2/Fall/SA04/F11_SA04_R01_T5.0-10.0s.png,1,Fall,SA04
/content/drive/MyDrive/datasets/Mosaic_ADL_2x2/Fall/SA04/F11_SA04_R01_T7.5-12.5s.png,1,Fall,SA04
/content/drive/MyDrive/datasets/Mosaic_ADL_2x2/Fall/SA04/F11_SA04_R02_T0.0-5.0s.png,1,Fall,SA04
/content/drive/MyDrive/datasets/Mosaic_ADL_2x2/Fall/SA04/F11_SA04_R02_T2.5-7.5s.png,1,Fall,SA04
/content/drive/MyDrive/datasets/Mosaic_ADL_2x2/Fall/SA04/F11_SA04_R02_T5.0-10.0s.png,1,Fall,SA04
/content/drive/MyDrive/datasets/Mosaic_ADL_2x2/Fall/SA04/F11_SA04_R02_T7.5-12.5s.png,1,Fall,SA04
/content/drive/MyDrive/datasets/Mosaic_ADL_2x2/Fall/SA04/F11_SA04_R02_T10.0-15.0s.png,1,Fall,SA04
/content/drive/MyDrive/datasets/Mosaic_ADL_2x2/Fall/SA04/F11_SA04_R03_T0.0-5.0s.png,1,Fall,SA04
/content/drive/MyDrive/datasets/Mosaic_ADL_2x2/Fall/SA04/F11_SA04_R03_T2.5-7.5s.png,1,Fall,SA04
/content/drive/MyDrive/datasets/Mosaic_ADL_2x2/Fall/SA04/F11_SA04_R03_T5.0-10.0s.png,1,Fall,SA04
/content/drive/MyDrive/datasets/Mosaic_ADL_2x2/Fall/SA04/F11_SA04_R03_T7.5-12.5s.png,1,Fall,SA04
/content/drive/MyDrive/datasets/Mosaic_ADL_2x2/Fall/SA04/F11_SA04_R03_T10.0-15.0s.png,1,Fall,SA04
/content/drive/MyDrive/datasets/Mosaic_ADL_2x2/Fall/SA04/F11_SA04_R04_T0.0-5.0s.png,1,Fall,SA04
/content/drive/MyDrive/datasets/Mosaic_ADL_2x2/Fall/SA04/F11_SA04_R04_T2.5-7.5s.png,1,Fall,SA04
/content/drive/MyDrive/datasets/Mosaic_ADL_2x2/Fall/SA04/F11_SA04_R04_T5.0-10.0s.png,1,Fall,SA04
/content/drive/MyDrive/datasets/Mosaic_ADL_2x2/Fall/SA04/F11_SA04_R04_T7.5-12.5s.png,1,Fall,SA04
/content/drive/MyDrive/datasets/Mosaic_ADL_2x2/Fall/SA04/F11_SA04_R04_T10.0-15.0s.png,1,Fall,SA04
/content/drive/MyDrive/datasets/Mosaic_ADL_2x2/Fall/SA04/F11_SA04_R05_T0.0-5.0s.png,1,Fall,SA04
/content/drive/MyDrive/datasets/Mosaic_ADL_2x2/Fall/SA04/F11_SA04_R05_T2.5-7.5s.png,1,Fall,SA04
/content/drive/MyDrive/datasets/Mosaic_ADL_2x2/Fall/SA04/F11_SA04_R05_T5.0-10.0s.png,1,Fall,SA04
/content/drive/MyDrive/datasets/Mosaic_ADL_2x2/Fall/SA04/F11_SA04_R05_T7.5-12.5s.png,1,Fall,SA04
/content/drive/MyDrive/datasets/Mosaic_ADL_2x2/Fall/SA04/F11_SA04_R05_T10.0-15.0s.png,1,Fall,SA04
/content/drive/MyDrive/datasets/Mosaic_ADL_2x2/Fall/SA04/F12_SA04_R01_T0.0-5.0s.png,1,Fall,SA04
/content/drive/MyDrive/datasets/Mosaic_ADL_2x2/Fall/SA04/F12_SA04_R01_T2.5-7.5s.png,1,Fall,SA04
/content/drive/MyDrive/datasets/Mosaic_ADL_2x2/Fall/SA04/F12_SA04_R01_T5.0-10.0s.png,1,Fall,SA04
/content/drive/MyDrive/datasets/Mosaic_ADL_2x2/Fall/SA04/F12_SA04_R01_T7.5-12.5s.png,1,Fall,SA04
/content/drive/MyDrive/datasets/Mosaic_ADL_2x2/Fall/SA04/F12_SA04_R01_T10.0-15.0s.png,1,Fall,SA04
/content/drive/MyDrive/datasets/Mosaic_ADL_2x2/Fall/SA04/F12_SA04_R02_T0.0-5.0s.png,1,Fall,SA04
/content/drive/MyDrive/datasets/Mosaic_ADL_2x2/Fall/SA04/F12_SA04_R02_T2.5-7.5s.png,1,Fall,SA04
/content/drive/MyDrive/datasets/Mosaic_ADL_2x2/Fall/SA04/F12_SA04_R02_T5.0-10.0s.png,1,Fall,SA04
/content/drive/MyDrive/datasets/Mosaic_ADL_2x2/Fall/SA04/F12_SA04_R02_T7.5-12.5s.png,1,Fall,SA04
/content/drive/MyDrive/datasets/Mosaic_ADL_2x2/Fall/SA04/F12_SA04_R02_T10.0-15.0s.png,1,Fall,SA04
/content/drive/MyDrive/datasets/Mosaic_ADL_2x2/Fall/SA04/F12_SA04_R03_T0.0-5.0s.png,1,Fall,SA04
/content/drive/MyDrive/datasets/Mosaic_ADL_2x2/Fall/SA04/F12_SA04_R03_T2.5-7.5s.png,1,Fall,SA04
/content/drive/MyDrive/datasets/Mosaic_ADL_2x2/Fall/SA04/F12_SA04_R03_T5.0-10.0s.png,1,Fall,SA04
/content/drive/MyDrive/datasets/Mosaic_ADL_2x2/Fall/SA04/F12_SA04_R03_T7.5-12.5s.png,1,Fall,SA04
/content/drive/MyDrive/datasets/Mosaic_ADL_2x2/Fall/SA04/F12_SA04_R03_T10.0-15.0s.png,1,Fall,SA04
/content/drive/MyDrive/datasets/Mosaic_ADL_2x2/Fall/SA04/F12_SA04_R04_T0.0-5.0s.png,1,Fall,SA04
/content/drive/MyDrive/datasets/Mosaic_ADL_2x2/Fall/SA04/F12_SA04_R04_T2.5-7.5s.png,1,Fall,SA04
/content/drive/MyDrive/datasets/Mosaic_ADL_2x2/Fall/SA04/F12_SA04_R04_T5.0-10.0s.png,1,Fall,SA04
/content/drive/MyDrive/datasets/Mosaic_ADL_2x2/Fall/SA04/F12_SA04_R04_T7.5-12.5s.png,1,Fall,SA04
/content/drive/MyDrive/datasets/Mosaic_ADL_2x2/Fall/SA04/F12_SA04_R04_T10.0-15.0s.png,1,Fall,SA04
/content/drive/MyDrive/datasets/Mosaic_ADL_2x2/Fall/SA04/F12_SA04_R05_T0.0-5.0s.png,1,Fall,SA04
/content/drive/MyDrive/datasets/Mosaic_ADL_2x2/Fall/SA04/F12_SA04_R05_T2.5-7.5s.png,1,Fall,SA04
/content/drive/MyDrive/datasets/Mosaic_ADL_2x2/Fall/SA04/F12_SA04_R05_T5.0-10.0s.png,1,Fall,SA04
/content/drive/MyDrive/datasets/Mosaic_ADL_2x2/Fall/SA04/F12_SA04_R05_T7.5-12.5s.png,1,Fall,SA04
/content/drive/MyDrive/datasets/Mosaic_ADL_2x2/Fall/SA04/F12_SA04_R05_T10.0-15.0s.png,1,Fall,SA04
/content/drive/MyDrive/datasets/Mosaic_ADL_2x2/Fall/SA04/F13_SA04_R01_T0.0-5.0s.png,1,Fall,SA04
/content/drive/MyDrive/datasets/Mosaic_ADL_2x2/Fall/SA04/F13_SA04_R01_T2.5-7.5s.png,1,Fall,SA04
/content/drive/MyDrive/datasets/Mosaic_ADL_2x2/Fall/SA04/F13_SA04_R01_T5.0-10.0s.png,1,Fall,SA04
/content/drive/MyDrive/datasets/Mosaic_ADL_2x2/Fall/SA04/F13_SA04_R01_T7.5-12.5s.png,1,Fall,SA04
/content/drive/MyDrive/datasets/Mosaic_ADL_2x2/Fall/SA04/F13_SA04_R01_T10.0-15.0s.png,1,Fall,SA04
/content/drive/MyDrive/datasets/Mosaic_ADL_2x2/Fall/SA04/F13_SA04_R02_T0.0-5.0s.png,1,Fall,SA04
/content/drive/MyDrive/datasets/Mosaic_ADL_2x2/Fall/SA04/F13_SA04_R02_T2.5-7.5s.png,1,Fall,SA04
/content/drive/MyDrive/datasets/Mosaic_ADL_2x2/Fall/SA04/F13_SA04_R02_T5.0-10.0s.png,1,Fall,SA04
/content/drive/MyDrive/datasets/Mosaic_ADL_2x2/Fall/SA04/F13_SA04_R02_T7.5-12.5s.png,1,Fall,SA04
/content/drive/MyDrive/datasets/Mosaic_ADL_2x2/Fall/SA04/F13_SA04_R02_T10.0-15.0s.png,1,Fall,SA04
/content/drive/MyDrive/datasets/Mosaic_ADL_2x2/Fall/SA04/F13_SA04_R03_T0.0-5.0s.png,1,Fall,SA04
/content/drive/MyDrive/datasets/Mosaic_ADL_2x2/Fall/SA04/F13_SA04_R03_T2.5-7.5s.png,1,Fall,SA04
/content/drive/MyDrive/datasets/Mosaic_ADL_2x2/Fall/SA04/F13_SA04_R03_T5.0-10.0s.png,1,Fall,SA04
/content/drive/MyDrive/datasets/Mosaic_ADL_2x2/Fall/SA04/F13_SA04_R03_T7.5-12.5s.png,1,Fall,SA04
/content/drive/MyDrive/datasets/Mosaic_ADL_2x2/Fall/SA04/F13_SA04_R03_T10.0-15.0s.png,1,Fall,SA04
/content/drive/MyDrive/datasets/Mosaic_ADL_2x2/Fall/SA04/F13_SA04_R04_T0.0-5.0s.png,1,Fall,SA04
/content/drive/MyDrive/datasets/Mosaic_ADL_2x2/Fall/SA04/F13_SA04_R04_T2.5-7.5s.png,1,Fall,SA04
/content/drive/MyDrive/datasets/Mosaic_ADL_2x2/Fall/SA04/F13_SA04_R04_T5.0-10.0s.png,1,Fall,SA04
/content/drive/MyDrive/datasets/Mosaic_ADL_2x2/Fall/SA04/F13_SA04_R04_T7.5-12.5s.png,1,Fall,SA04
/content/drive/MyDrive/datasets/Mosaic_ADL_2x2/Fall/SA04/F13_SA04_R04_T10.0-15.0s.png,1,Fall,SA04
/content/drive/MyDrive/datasets/Mosaic_ADL_2x2/Fall/SA04/F13_SA04_R05_T0.0-5.0s.png,1,Fall,SA04
/content/drive/MyDrive/datasets/Mosaic_ADL_2x2/Fall/SA04/F13_SA04_R05_T2.5-7.5s.png,1,Fall,SA04
/content/drive/MyDrive/datasets/Mosaic_ADL_2x2/Fall/SA04/F13_SA04_R05_T5.0-10.0s.png,1,Fall,SA04
/content/drive/MyDrive/datasets/Mosaic_ADL_2x2/Fall/SA04/F13_SA04_R05_T7.5-12.5s.png,1,Fall,SA04
/content/drive/MyDrive/datasets/Mosaic_ADL_2x2/Fall/SA04/F13_SA04_R05_T10.0-15.0s.png,1,Fall,SA04
/content/drive/MyDrive/datasets/Mosaic_ADL_2x2/Fall/SA04/F14_SA04_R01_T0.0-5.0s.png,1,Fall,SA04
/content/drive/MyDrive/datasets/Mosaic_ADL_2x2/Fall/SA04/F14_SA04_R01_T2.5-7.5s.png,1,Fall,SA04
/content/drive/MyDrive/datasets/Mosaic_ADL_2x2/Fall/SA04/F14_SA04_R01_T5.0-10.0s.png,1,Fall,SA04
/content/drive/MyDrive/datasets/Mosaic_ADL_2x2/Fall/SA04/F14_SA04_R01_T7.5-12.5s.png,1,Fall,SA04
/content/drive/MyDrive/datasets/Mosaic_ADL_2x2/Fall/SA04/F14_SA04_R01_T10.0-15.0s.png,1,Fall,SA04
/content/drive/MyDrive/datasets/Mosaic_ADL_2x2/Fall/SA04/F14_SA04_R02_T0.0-5.0s.png,1,Fall,SA04
/content/drive/MyDrive/datasets/Mosaic_ADL_2x2/Fall/SA04/F14_SA04_R02_T2.5-7.5s.png,1,Fall,SA04
/content/drive/MyDrive/datasets/Mosaic_ADL_2x2/Fall/SA04/F14_SA04_R02_T5.0-10.0s.png,1,Fall,SA04
/content/drive/MyDrive/datasets/Mosaic_ADL_2x2/Fall/SA04/F14_SA04_R02_T7.5-12.5s.png,1,Fall,SA04
/content/drive/MyDrive/datasets/Mosaic_ADL_2x2/Fall/SA04/F14_SA04_R02_T10.0-15.0s.png,1,Fall,SA04
/content/drive/MyDrive/datasets/Mosaic_ADL_2x2/Fall/SA04/F14_SA04_R03_T0.0-5.0s.png,1,Fall,SA04
/content/drive/MyDrive/datasets/Mosaic_ADL_2x2/Fall/SA04/F14_SA04_R03_T2.5-7.5s.png,1,Fall,SA04
/content/drive/MyDrive/datasets/Mosaic_ADL_2x2/Fall/SA04/F14_SA04_R03_T5.0-10.0s.png,1,Fall,SA04
/content/drive/MyDrive/datasets/Mosaic_ADL_2x2/Fall/SA04/F14_SA04_R03_T7.5-12.5s.png,1,Fall,SA04
/content/drive/MyDrive/datasets/Mosaic_ADL_2x2/Fall/SA04/F14_SA04_R03_T10.0-15.0s.png,1,Fall,SA04
/content/drive/MyDrive/datasets/Mosaic_ADL_2x2/Fall/SA04/F14_SA04_R04_T0.0-5.0s.png,1,Fall,SA04
/content/drive/MyDrive/datasets/Mosaic_ADL_2x2/Fall/SA04/F14_SA04_R04_T2.5-7.5s.png,1,Fall,SA04
/content/drive/MyDrive/datasets/Mosaic_ADL_2x2/Fall/SA04/F14_SA04_R04_T5.0-10.0s.png,1,Fall,SA04
/content/drive/MyDrive/datasets/Mosaic_ADL_2x2/Fall/SA04/F14_SA04_R04_T7.5-12.5s.png,1,Fall,SA04
/content/drive/MyDrive/datasets/Mosaic_ADL_2x2/Fall/SA04/F14_SA04_R04_T10.0-15.0s.png,1,Fall,SA04
/content/drive/MyDrive/datasets/Mosaic_ADL_2x2/Fall/SA04/F14_SA04_R05_T0.0-5.0s.png,1,Fall,SA04
/content/drive/MyDrive/datasets/Mosaic_ADL_2x2/Fall/SA04/F14_SA04_R05_T2.5-7.5s.png,1,Fall,SA04
/content/drive/MyDrive/datasets/Mosaic_ADL_2x2/Fall/SA04/F14_SA04_R05_T5.0-10.0s.png,1,Fall,SA04
/content/drive/MyDrive/datasets/Mosaic_ADL_2x2/Fall/SA04/F14_SA04_R05_T7.5-12.5s.png,1,Fall,SA04
/content/drive/MyDrive/datasets/Mosaic_ADL_2x2/Fall/SA04/F14_SA04_R05_T10.0-15.0s.png,1,Fall,SA04
/content/drive/MyDrive/datasets/Mosaic_ADL_2x2/Fall/SA04/F15_SA04_R01_T0.0-5.0s.png,1,Fall,SA04
/content/drive/MyDrive/datasets/Mosaic_ADL_2x2/Fall/SA04/F15_SA04_R01_T2.5-7.5s.png,1,Fall,SA04
/content/drive/MyDrive/datasets/Mosaic_ADL_2x2/Fall/SA04/F15_SA04_R01_T5.0-10.0s.png,1,Fall,SA04
/content/drive/MyDrive/datasets/Mosaic_ADL_2x2/Fall/SA04/F15_SA04_R01_T7.5-12.5s.png,1,Fall,SA04
/content/drive/MyDrive/datasets/Mosaic_ADL_2x2/Fall/SA04/F15_SA04_R01_T10.0-15.0s.png,1,Fall,SA04
/content/drive/MyDrive/datasets/Mosaic_ADL_2x2/Fall/SA04/F15_SA04_R02_T0.0-5.0s.png,1,Fall,SA04
/content/drive/MyDrive/datasets/Mosaic_ADL_2x2/Fall/SA04/F15_SA04_R02_T2.5-7.5s.png,1,Fall,SA04
/content/drive/MyDrive/datasets/Mosaic_ADL_2x2/Fall/SA04/F15_SA04_R02_T5.0-10.0s.png,1,Fall,SA04
/content/drive/MyDrive/datasets/Mosaic_ADL_2x2/Fall/SA04/F15_SA04_R02_T7.5-12.5s.png,1,Fall,SA04
/content/drive/MyDrive/datasets/Mosaic_ADL_2x2/Fall/SA04/F15_SA04_R02_T10.0-15.0s.png,1,Fall,SA04
/content/drive/MyDrive/datasets/Mosaic_ADL_2x2/Fall/SA04/F15_SA04_R03_T0.0-5.0s.png,1,Fall,SA04
/content/drive/MyDrive/datasets/Mosaic_ADL_2x2/Fall/SA04/F15_SA04_R03_T2.5-7.5s.png,1,Fall,SA04
/content/drive/MyDrive/datasets/Mosaic_ADL_2x2/Fall/SA04/F15_SA04_R03_T5.0-10.0s.png,1,Fall,SA04
/content/drive/MyDrive/datasets/Mosaic_ADL_2x2/Fall/SA04/F15_SA04_R03_T7.5-12.5s.png,1,Fall,SA04
/content/drive/MyDrive/datasets/Mosaic_ADL_2x2/Fall/SA04/F15_SA04_R03_T10.0-15.0s.png,1,Fall,SA04
/content/drive/MyDrive/datasets/Mosaic_ADL_2x2/Fall/SA04/F15_SA04_R04_T0.0-5.0s.png,1,Fall,SA04
/content/drive/MyDrive/datasets/Mosaic_ADL_2x2/Fall/SA04/F15_SA04_R04_T2.5-7.5s.png,1,Fall,SA04
/content/drive/MyDrive/datasets/Mosaic_ADL_2x2/Fall/SA04/F15_SA04_R04_T5.0-10.0s.png,1,Fall,SA04
/content/drive/MyDrive/datasets/Mosaic_ADL_2x2/Fall/SA04/F15_SA04_R04_T7.5-12.5s.png,1,Fall,SA04
/content/drive/MyDrive/datasets/Mosaic_ADL_2x2/Fall/SA04/F15_SA04_R04_T10.0-15.0s.png,1,Fall,SA04
/content/drive/MyDrive/datasets/Mosaic_ADL_2x2/Fall/SA04/F15_SA04_R05_T0.0-5.0s.png,1,Fall,SA04
/content/drive/MyDrive/datasets/Mosaic_ADL_2x2/Fall/SA04/F15_SA04_R05_T2.5-7.5s.png,1,Fall,SA04
/content/drive/MyDrive/datasets/Mosaic_ADL_2x2/Fall/SA04/F15_SA04_R05_T5.0-10.0s.png,1,Fall,SA04
/content/drive/MyDrive/datasets/Mosaic_ADL_2x2/Fall/SA04/F15_SA04_R05_T7.5-12.5s.png,1,Fall,SA04
/content/drive/MyDrive/datasets/Mosaic_ADL_2x2/Fall/SA04/F15_SA04_R05_T10.0-15.0s.png,1,Fall,SA04
/content/drive/MyDrive/datasets/Mosaic_ADL_2x2/Fall/SA16/F01_SA16_R01_T0.0-5.0s.png,1,Fall,SA16
/content/drive/MyDrive/datasets/Mosaic_ADL_2x2/Fall/SA16/F01_SA16_R01_T2.5-7.5s.png,1,Fall,SA16
/content/drive/MyDrive/datasets/Mosaic_ADL_2x2/Fall/SA16/F01_SA16_R01_T5.0-10.0s.png,1,Fall,SA16
/content/drive/MyDrive/datasets/Mosaic_ADL_2x2/Fall/SA16/F01_SA16_R01_T7.5-12.5s.png,1,Fall,SA16
/content/drive/MyDrive/datasets/Mosaic_ADL_2x2/Fall/SA16/F01_SA16_R01_T10.0-15.0s.png,1,Fall,SA16
/content/drive/MyDrive/datasets/Mosaic_ADL_2x2/Fall/SA16/F01_SA16_R02_T0.0-5.0s.png,1,Fall,SA16
/content/drive/MyDrive/datasets/Mosaic_ADL_2x2/Fall/SA16/F01_SA16_R02_T2.5-7.5s.png,1,Fall,SA16
/content/drive/MyDrive/datasets/Mosaic_ADL_2x2/Fall/SA16/F01_SA16_R02_T5.0-10.0s.png,1,Fall,SA16
/content/drive/MyDrive/datasets/Mosaic_ADL_2x2/Fall/SA16/F01_SA16_R02_T7.5-12.5s.png,1,Fall,SA16
/content/drive/MyDrive/datasets/Mosaic_ADL_2x2/Fall/SA16/F01_SA16_R02_T10.0-15.0s.png,1,Fall,SA16
/content/drive/MyDrive/datasets/Mosaic_ADL_2x2/Fall/SA16/F01_SA16_R03_T0.0-5.0s.png,1,Fall,SA16
/content/drive/MyDrive/datasets/Mosaic_ADL_2x2/Fall/SA16/F01_SA16_R03_T2.5-7.5s.png,1,Fall,SA16
/content/drive/MyDrive/datasets/Mosaic_ADL_2x2/Fall/SA16/F01_SA16_R03_T5.0-10.0s.png,1,Fall,SA16
/content/drive/MyDrive/datasets/Mosaic_ADL_2x2/Fall/SA16/F01_SA16_R03_T7.5-12.5s.png,1,Fall,SA16
/content/drive/MyDrive/datasets/Mosaic_ADL_2x2/Fall/SA16/F01_SA16_R03_T10.0-15.0s.png,1,Fall,SA16
/content/drive/MyDrive/datasets/Mosaic_ADL_2x2/Fall/SA16/F01_SA16_R04_T0.0-5.0s.png,1,Fall,SA16
/content/drive/MyDrive/datasets/Mosaic_ADL_2x2/Fall/SA16/F01_SA16_R04_T2.5-7.5s.png,1,Fall,SA16
/content/drive/MyDrive/datasets/Mosaic_ADL_2x2/Fall/SA16/F01_SA16_R04_T5.0-10.0s.png,1,Fall,SA16
/content/drive/MyDrive/datasets/Mosaic_ADL_2x2/Fall/SA16/F01_SA16_R04_T7.5-12.5s.png,1,Fall,SA16
/content/drive/MyDrive/datasets/Mosaic_ADL_2x2/Fall/SA16/F01_SA16_R04_T10.0-15.0s.png,1,Fall,SA16
/content/drive/MyDrive/datasets/Mosaic_ADL_2x2/Fall/SA16/F01_SA16_R05_T0.0-5.0s.png,1,Fall,SA16
/content/drive/MyDrive/datasets/Mosaic_ADL_2x2/Fall/SA16/F01_SA16_R05_T2.5-7.5s.png,1,Fall,SA16
/content/drive/MyDrive/datasets/Mosaic_ADL_2x2/Fall/SA16/F01_SA16_R05_T5.0-10.0s.png,1,Fall,SA16
/content/drive/MyDrive/datasets/Mosaic_ADL_2x2/Fall/SA16/F01_SA16_R05_T7.5-12.5s.png,1,Fall,SA16
/content/drive/MyDrive/datasets/Mosaic_ADL_2x2/Fall/SA16/F01_SA16_R05_T10.0-15.0s.png,1,Fall,SA16
/content/drive/MyDrive/datasets/Mosaic_ADL_2x2/Fall/SA16/F02_SA16_R01_T0.0-5.0s.png,1,Fall,SA16
/content/drive/MyDrive/datasets/Mosaic_ADL_2x2/Fall/SA16/F02_SA16_R01_T2.5-7.5s.png,1,Fall,SA16
/content/drive/MyDrive/datasets/Mosaic_ADL_2x2/Fall/SA16/F02_SA16_R01_T5.0-10.0s.png,1,Fall,SA16
/content/drive/MyDrive/datasets/Mosaic_ADL_2x2/Fall/SA16/F02_SA16_R01_T7.5-12.5s.png,1,Fall,SA16
/content/drive/MyDrive/datasets/Mosaic_ADL_2x2/Fall/SA16/F02_SA16_R02_T0.0-5.0s.png,1,Fall,SA16
/content/drive/MyDrive/datasets/Mosaic_ADL_2x2/Fall/SA16/F02_SA16_R02_T2.5-7.5s.png,1,Fall,SA16
/content/drive/MyDrive/datasets/Mosaic_ADL_2x2/Fall/SA16/F02_SA16_R02_T5.0-10.0s.png,1,Fall,SA16
/content/drive/MyDrive/datasets/Mosaic_ADL_2x2/Fall/SA16/F02_SA16_R02_T7.5-12.5s.png,1,Fall,SA16
/content/drive/MyDrive/datasets/Mosaic_ADL_2x2/Fall/SA16/F02_SA16_R02_T10.0-15.0s.png,1,Fall,SA16
/content/drive/MyDrive/datasets/Mosaic_ADL_2x2/Fall/SA16/F02_SA16_R03_T0.0-5.0s.png,1,Fall,SA16
/content/drive/MyDrive/datasets/Mosaic_ADL_2x2/Fall/SA16/F02_SA16_R03_T2.5-7.5s.png,1,Fall,SA16
/content/drive/MyDrive/datasets/Mosaic_ADL_2x2/Fall/SA16/F02_SA16_R03_T5.0-10.0s.png,1,Fall,SA16
/content/drive/MyDrive/datasets/Mosaic_ADL_2x2/Fall/SA16/F02_SA16_R03_T7.5-12.5s.png,1,Fall,SA16
/content/drive/MyDrive/datasets/Mosaic_ADL_2x2/Fall/SA16/F02_SA16_R03_T10.0-15.0s.png,1,Fall,SA16
/content/drive/MyDrive/datasets/Mosaic_ADL_2x2/Fall/SA16/F02_SA16_R04_T0.0-5.0s.png,1,Fall,SA16
/content/drive/MyDrive/datasets/Mosaic_ADL_2x2/Fall/SA16/F02_SA16_R04_T2.5-7.5s.png,1,Fall,SA16
/content/drive/MyDrive/datasets/Mosaic_ADL_2x2/Fall/SA16/F02_SA16_R04_T5.0-10.0s.png,1,Fall,SA16
/content/drive/MyDrive/datasets/Mosaic_ADL_2x2/Fall/SA16/F02_SA16_R04_T7.5-12.5s.png,1,Fall,SA16
/content/drive/MyDrive/datasets/Mosaic_ADL_2x2/Fall/SA16/F02_SA16_R04_T10.0-15.0s.png,1,Fall,SA16
/content/drive/MyDrive/datasets/Mosaic_ADL_2x2/Fall/SA16/F02_SA16_R05_T0.0-5.0s.png,1,Fall,SA16
/content/drive/MyDrive/datasets/Mosaic_ADL_2x2/Fall/SA16/F02_SA16_R05_T2.5-7.5s.png,1,Fall,SA16
/content/drive/MyDrive/datasets/Mosaic_ADL_2x2/Fall/SA16/F02_SA16_R05_T5.0-10.0s.png,1,Fall,SA16
/content/drive/MyDrive/datasets/Mosaic_ADL_2x2/Fall/SA16/F02_SA16_R05_T7.5-12.5s.png,1,Fall,SA16
/content/drive/MyDrive/datasets/Mosaic_ADL_2x2/Fall/SA16/F02_SA16_R05_T10.0-15.0s.png,1,Fall,SA16
/content/drive/MyDrive/datasets/Mosaic_ADL_2x2/Fall/SA16/F03_SA16_R01_T0.0-5.0s.png,1,Fall,SA16
/content/drive/MyDrive/datasets/Mosaic_ADL_2x2/Fall/SA16/F03_SA16_R01_T2.5-7.5s.png,1,Fall,SA16
/content/drive/MyDrive/datasets/Mosaic_ADL_2x2/Fall/SA16/F03_SA16_R01_T5.0-10.0s.png,1,Fall,SA16
/content/drive/MyDrive/datasets/Mosaic_ADL_2x2/Fall/SA16/F03_SA16_R01_T7.5-12.5s.png,1,Fall,SA16
/content/drive/MyDrive/datasets/Mosaic_ADL_2x2/Fall/SA16/F03_SA16_R01_T10.0-15.0s.png,1,Fall,SA16
/content/drive/MyDrive/datasets/Mosaic_ADL_2x2/Fall/SA16/F03_SA16_R02_T0.0-5.0s.png,1,Fall,SA16
/content/drive/MyDrive/datasets/Mosaic_ADL_2x2/Fall/SA16/F03_SA16_R02_T2.5-7.5s.png,1,Fall,SA16
/content/drive/MyDrive/datasets/Mosaic_ADL_2x2/Fall/SA16/F03_SA16_R02_T5.0-10.0s.png,1,Fall,SA16
/content/drive/MyDrive/datasets/Mosaic_ADL_2x2/Fall/SA16/F03_SA16_R02_T7.5-12.5s.png,1,Fall,SA16
/content/drive/MyDrive/datasets/Mosaic_ADL_2x2/Fall/SA16/F03_SA16_R02_T10.0-15.0s.png,1,Fall,SA16
/content/drive/MyDrive/datasets/Mosaic_ADL_2x2/Fall/SA16/F03_SA16_R03_T0.0-5.0s.png,1,Fall,SA16
/content/drive/MyDrive/datasets/Mosaic_ADL_2x2/Fall/SA16/F03_SA16_R03_T2.5-7.5s.png,1,Fall,SA16
/content/drive/MyDrive/datasets/Mosaic_ADL_2x2/Fall/SA16/F03_SA16_R03_T5.0-10.0s.png,1,Fall,SA16
/content/drive/MyDrive/datasets/Mosaic_ADL_2x2/Fall/SA16/F03_SA16_R03_T7.5-12.5s.png,1,Fall,SA16
/content/drive/MyDrive/datasets/Mosaic_ADL_2x2/Fall/SA16/F03_SA16_R03_T10.0-15.0s.png,1,Fall,SA16
/content/drive/MyDrive/datasets/Mosaic_ADL_2x2/Fall/SA16/F03_SA16_R04_T0.0-5.0s.png,1,Fall,SA16
/content/drive/MyDrive/datasets/Mosaic_ADL_2x2/Fall/SA16/F03_SA16_R04_T2.5-7.5s.png,1,Fall,SA16
/content/drive/MyDrive/datasets/Mosaic_ADL_2x2/Fall/SA16/F03_SA16_R04_T5.0-10.0s.png,1,Fall,SA16
/content/drive/MyDrive/datasets/Mosaic_ADL_2x2/Fall/SA16/F03_SA16_R04_T7.5-12.5s.png,1,Fall,SA16
/content/drive/MyDrive/datasets/Mosaic_ADL_2x2/Fall/SA16/F03_SA16_R04_T10.0-15.0s.png,1,Fall,SA16
/content/drive/MyDrive/datasets/Mosaic_ADL_2x2/Fall/SA16/F03_SA16_R05_T0.0-5.0s.png,1,Fall,SA16
/content/drive/MyDrive/datasets/Mosaic_ADL_2x2/Fall/SA16/F03_SA16_R05_T2.5-7.5s.png,1,Fall,SA16
/content/drive/MyDrive/datasets/Mosaic_ADL_2x2/Fall/SA16/F03_SA16_R05_T5.0-10.0s.png,1,Fall,SA16
/content/drive/MyDrive/datasets/Mosaic_ADL_2x2/Fall/SA16/F03_SA16_R05_T7.5-12.5s.png,1,Fall,SA16
/content/drive/MyDrive/datasets/Mosaic_ADL_2x2/Fall/SA16/F03_SA16_R05_T10.0-15.0s.png,1,Fall,SA16
/content/drive/MyDrive/datasets/Mosaic_ADL_2x2/Fall/SA16/F04_SA16_R01_T0.0-5.0s.png,1,Fall,SA16
/content/drive/MyDrive/datasets/Mosaic_ADL_2x2/Fall/SA16/F04_SA16_R01_T2.5-7.5s.png,1,Fall,SA16
/content/drive/MyDrive/datasets/Mosaic_ADL_2x2/Fall/SA16/F04_SA16_R01_T5.0-10.0s.png,1,Fall,SA16
/content/drive/MyDrive/datasets/Mosaic_ADL_2x2/Fall/SA16/F04_SA16_R01_T7.5-12.5s.png,1,Fall,SA16
/content/drive/MyDrive/datasets/Mosaic_ADL_2x2/Fall/SA16/F04_SA16_R02_T0.0-5.0s.png,1,Fall,SA16
/content/drive/MyDrive/datasets/Mosaic_ADL_2x2/Fall/SA16/F04_SA16_R02_T2.5-7.5s.png,1,Fall,SA16
/content/drive/MyDrive/datasets/Mosaic_ADL_2x2/Fall/SA16/F04_SA16_R02_T5.0-10.0s.png,1,Fall,SA16
/content/drive/MyDrive/datasets/Mosaic_ADL_2x2/Fall/SA16/F04_SA16_R02_T7.5-12.5s.png,1,Fall,SA16
/content/drive/MyDrive/datasets/Mosaic_ADL_2x2/Fall/SA16/F04_SA16_R02_T10.0-15.0s.png,1,Fall,SA16
/content/drive/MyDrive/datasets/Mosaic_ADL_2x2/Fall/SA16/F04_SA16_R03_T0.0-5.0s.png,1,Fall,SA16
/content/drive/MyDrive/datasets/Mosaic_ADL_2x2/Fall/SA16/F04_SA16_R03_T2.5-7.5s.png,1,Fall,SA16
/content/drive/MyDrive/datasets/Mosaic_ADL_2x2/Fall/SA16/F04_SA16_R03_T5.0-10.0s.png,1,Fall,SA16
/content/drive/MyDrive/datasets/Mosaic_ADL_2x2/Fall/SA16/F04_SA16_R03_T7.5-12.5s.png,1,Fall,SA16
/content/drive/MyDrive/datasets/Mosaic_ADL_2x2/Fall/SA16/F04_SA16_R03_T10.0-15.0s.png,1,Fall,SA16
/content/drive/MyDrive/datasets/Mosaic_ADL_2x2/Fall/SA16/F04_SA16_R04_T0.0-5.0s.png,1,Fall,SA16
/content/drive/MyDrive/datasets/Mosaic_ADL_2x2/Fall/SA16/F04_SA16_R04_T2.5-7.5s.png,1,Fall,SA16
/content/drive/MyDrive/datasets/Mosaic_ADL_2x2/Fall/SA16/F04_SA16_R04_T5.0-10.0s.png,1,Fall,SA16
/content/drive/MyDrive/datasets/Mosaic_ADL_2x2/Fall/SA16/F04_SA16_R04_T7.5-12.5s.png,1,Fall,SA16
/content/drive/MyDrive/datasets/Mosaic_ADL_2x2/Fall/SA16/F04_SA16_R04_T10.0-15.0s.png,1,Fall,SA16
/content/drive/MyDrive/datasets/Mosaic_ADL_2x2/Fall/SA16/F04_SA16_R05_T0.0-5.0s.png,1,Fall,SA16
/content/drive/MyDrive/datasets/Mosaic_ADL_2x2/Fall/SA16/F04_SA16_R05_T2.5-7.5s.png,1,Fall,SA16
/content/drive/MyDrive/datasets/Mosaic_ADL_2x2/Fall/SA16/F04_SA16_R05_T5.0-10.0s.png,1,Fall,SA16
/content/drive/MyDrive/datasets/Mosaic_ADL_2x2/Fall/SA16/F04_SA16_R05_T7.5-12.5s.png,1,Fall,SA16
/content/drive/MyDrive/datasets/Mosaic_ADL_2x2/Fall/SA16/F04_SA16_R05_T10.0-15.0s.png,1,Fall,SA16
/content/drive/MyDrive/datasets/Mosaic_ADL_2x2/Fall/SA16/F05_SA16_R01_T0.0-5.0s.png,1,Fall,SA16
/content/drive/MyDrive/datasets/Mosaic_ADL_2x2/Fall/SA16/F05_SA16_R01_T2.5-7.5s.png,1,Fall,SA16
/content/drive/MyDrive/datasets/Mosaic_ADL_2x2/Fall/SA16/F05_SA16_R01_T5.0-10.0s.png,1,Fall,SA16
/content/drive/MyDrive/datasets/Mosaic_ADL_2x2/Fall/SA16/F05_SA16_R01_T7.5-12.5s.png,1,Fall,SA16
/content/drive/MyDrive/datasets/Mosaic_ADL_2x2/Fall/SA16/F05_SA16_R01_T10.0-15.0s.png,1,Fall,SA16
/content/drive/MyDrive/datasets/Mosaic_ADL_2x2/Fall/SA16/F05_SA16_R02_T0.0-5.0s.png,1,Fall,SA16
/content/drive/MyDrive/datasets/Mosaic_ADL_2x2/Fall/SA16/F05_SA16_R02_T2.5-7.5s.png,1,Fall,SA16
/content/drive/MyDrive/datasets/Mosaic_ADL_2x2/Fall/SA16/F05_SA16_R02_T5.0-10.0s.png,1,Fall,SA16
/content/drive/MyDrive/datasets/Mosaic_ADL_2x2/Fall/SA16/F05_SA16_R02_T7.5-12.5s.png,1,Fall,SA16
/content/drive/MyDrive/datasets/Mosaic_ADL_2x2/Fall/SA16/F05_SA16_R02_T10.0-15.0s.png,1,Fall,SA16
/content/drive/MyDrive/datasets/Mosaic_ADL_2x2/Fall/SA16/F05_SA16_R03_T0.0-5.0s.png,1,Fall,SA16
/content/drive/MyDrive/datasets/Mosaic_ADL_2x2/Fall/SA16/F05_SA16_R03_T2.5-7.5s.png,1,Fall,SA16
/content/drive/MyDrive/datasets/Mosaic_ADL_2x2/Fall/SA16/F05_SA16_R03_T5.0-10.0s.png,1,Fall,SA16
/content/drive/MyDrive/datasets/Mosaic_ADL_2x2/Fall/SA16/F05_SA16_R03_T7.5-12.5s.png,1,Fall,SA16
/content/drive/MyDrive/datasets/Mosaic_ADL_2x2/Fall/SA16/F05_SA16_R03_T10.0-15.0s.png,1,Fall,SA16
/content/drive/MyDrive/datasets/Mosaic_ADL_2x2/Fall/SA16/F05_SA16_R04_T0.0-5.0s.png,1,Fall,SA16
/content/drive/MyDrive/datasets/Mosaic_ADL_2x2/Fall/SA16/F05_SA16_R04_T2.5-7.5s.png,1,Fall,SA16
/content/drive/MyDrive/datasets/Mosaic_ADL_2x2/Fall/SA16/F05_SA16_R04_T5.0-10.0s.png,1,Fall,SA16
/content/drive/MyDrive/datasets/Mosaic_ADL_2x2/Fall/SA16/F05_SA16_R04_T7.5-12.5s.png,1,Fall,SA16
/content/drive/MyDrive/datasets/Mosaic_ADL_2x2/Fall/SA16/F05_SA16_R04_T10.0-15.0s.png,1,Fall,SA16
/content/drive/MyDrive/datasets/Mosaic_ADL_2x2/Fall/SA16/F05_SA16_R05_T0.0-5.0s.png,1,Fall,SA16
/content/drive/MyDrive/datasets/Mosaic_ADL_2x2/Fall/SA16/F05_SA16_R05_T2.5-7.5s.png,1,Fall,SA16
/content/drive/MyDrive/datasets/Mosaic_ADL_2x2/Fall/SA16/F05_SA16_R05_T5.0-10.0s.png,1,Fall,SA16
/content/drive/MyDrive/datasets/Mosaic_ADL_2x2/Fall/SA16/F05_SA16_R05_T7.5-12.5s.png,1,Fall,SA16
/content/drive/MyDrive/datasets/Mosaic_ADL_2x2/Fall/SA16/F05_SA16_R05_T10.0-15.0s.png,1,Fall,SA16
/content/drive/MyDrive/datasets/Mosaic_ADL_2x2/Fall/SA16/F06_SA16_R01_T0.0-5.0s.png,1,Fall,SA16
/content/drive/MyDrive/datasets/Mosaic_ADL_2x2/Fall/SA16/F06_SA16_R01_T2.5-7.5s.png,1,Fall,SA16
/content/drive/MyDrive/datasets/Mosaic_ADL_2x2/Fall/SA16/F06_SA16_R01_T5.0-10.0s.png,1,Fall,SA16
/content/drive/MyDrive/datasets/Mosaic_ADL_2x2/Fall/SA16/F06_SA16_R01_T7.5-12.5s.png,1,Fall,SA16
/content/drive/MyDrive/datasets/Mosaic_ADL_2x2/Fall/SA16/F06_SA16_R02_T0.0-5.0s.png,1,Fall,SA16
/content/drive/MyDrive/datasets/Mosaic_ADL_2x2/Fall/SA16/F06_SA16_R02_T2.5-7.5s.png,1,Fall,SA16
/content/drive/MyDrive/datasets/Mosaic_ADL_2x2/Fall/SA16/F06_SA16_R02_T5.0-10.0s.png,1,Fall,SA16
/content/drive/MyDrive/datasets/Mosaic_ADL_2x2/Fall/SA16/F06_SA16_R02_T7.5-12.5s.png,1,Fall,SA16
/content/drive/MyDrive/datasets/Mosaic_ADL_2x2/Fall/SA16/F06_SA16_R02_T10.0-15.0s.png,1,Fall,SA16
/content/drive/MyDrive/datasets/Mosaic_ADL_2x2/Fall/SA16/F06_SA16_R03_T0.0-5.0s.png,1,Fall,SA16
/content/drive/MyDrive/datasets/Mosaic_ADL_2x2/Fall/SA16/F06_SA16_R03_T2.5-7.5s.png,1,Fall,SA16
/content/drive/MyDrive/datasets/Mosaic_ADL_2x2/Fall/SA16/F06_SA16_R03_T5.0-10.0s.png,1,Fall,SA16
/content/drive/MyDrive/datasets/Mosaic_ADL_2x2/Fall/SA16/F06_SA16_R03_T7.5-12.5s.png,1,Fall,SA16
/content/drive/MyDrive/datasets/Mosaic_ADL_2x2/Fall/SA16/F06_SA16_R03_T10.0-15.0s.png,1,Fall,SA16
/content/drive/MyDrive/datasets/Mosaic_ADL_2x2/Fall/SA16/F06_SA16_R04_T0.0-5.0s.png,1,Fall,SA16
/content/drive/MyDrive/datasets/Mosaic_ADL_2x2/Fall/SA16/F06_SA16_R04_T2.5-7.5s.png,1,Fall,SA16
/content/drive/MyDrive/datasets/Mosaic_ADL_2x2/Fall/SA16/F06_SA16_R04_T5.0-10.0s.png,1,Fall,SA16
/content/drive/MyDrive/datasets/Mosaic_ADL_2x2/Fall/SA16/F06_SA16_R04_T7.5-12.5s.png,1,Fall,SA16
/content/drive/MyDrive/datasets/Mosaic_ADL_2x2/Fall/SA16/F06_SA16_R04_T10.0-15.0s.png,1,Fall,SA16
/content/drive/MyDrive/datasets/Mosaic_ADL_2x2/Fall/SA16/F06_SA16_R05_T0.0-5.0s.png,1,Fall,SA16
/content/drive/MyDrive/datasets/Mosaic_ADL_2x2/Fall/SA16/F06_SA16_R05_T2.5-7.5s.png,1,Fall,SA16
/content/drive/MyDrive/datasets/Mosaic_ADL_2x2/Fall/SA16/F06_SA16_R05_T5.0-10.0s.png,1,Fall,SA16
/content/drive/MyDrive/datasets/Mosaic_ADL_2x2/Fall/SA16/F06_SA16_R05_T7.5-12.5s.png,1,Fall,SA16
/content/drive/MyDrive/datasets/Mosaic_ADL_2x2/Fall/SA16/F06_SA16_R05_T10.0-15.0s.png,1,Fall,SA16
/content/drive/MyDrive/datasets/Mosaic_ADL_2x2/Fall/SA16/F07_SA16_R01_T0.0-5.0s.png,1,Fall,SA16
/content/drive/MyDrive/datasets/Mosaic_ADL_2x2/Fall/SA16/F07_SA16_R01_T2.5-7.5s.png,1,Fall,SA16
/content/drive/MyDrive/datasets/Mosaic_ADL_2x2/Fall/SA16/F07_SA16_R01_T5.0-10.0s.png,1,Fall,SA16
/content/drive/MyDrive/datasets/Mosaic_ADL_2x2/Fall/SA16/F07_SA16_R01_T7.5-12.5s.png,1,Fall,SA16
/content/drive/MyDrive/datasets/Mosaic_ADL_2x2/Fall/SA16/F07_SA16_R01_T10.0-15.0s.png,1,Fall,SA16
/content/drive/MyDrive/datasets/Mosaic_ADL_2x2/Fall/SA16/F07_SA16_R02_T0.0-5.0s.png,1,Fall,SA16
/content/drive/MyDrive/datasets/Mosaic_ADL_2x2/Fall/SA16/F07_SA16_R02_T2.5-7.5s.png,1,Fall,SA16
/content/drive/MyDrive/datasets/Mosaic_ADL_2x2/Fall/SA16/F07_SA16_R02_T5.0-10.0s.png,1,Fall,SA16
/content/drive/MyDrive/datasets/Mosaic_ADL_2x2/Fall/SA16/F07_SA16_R02_T7.5-12.5s.png,1,Fall,SA16
/content/drive/MyDrive/datasets/Mosaic_ADL_2x2/Fall/SA16/F07_SA16_R02_T10.0-15.0s.png,1,Fall,SA16
/content/drive/MyDrive/datasets/Mosaic_ADL_2x2/Fall/SA16/F07_SA16_R03_T0.0-5.0s.png,1,Fall,SA16
/content/drive/MyDrive/datasets/Mosaic_ADL_2x2/Fall/SA16/F07_SA16_R03_T2.5-7.5s.png,1,Fall,SA16
/content/drive/MyDrive/datasets/Mosaic_ADL_2x2/Fall/SA16/F07_SA16_R03_T5.0-10.0s.png,1,Fall,SA16
/content/drive/MyDrive/datasets/Mosaic_ADL_2x2/Fall/SA16/F07_SA16_R03_T7.5-12.5s.png,1,Fall,SA16
/content/drive/MyDrive/datasets/Mosaic_ADL_2x2/Fall/SA16/F07_SA16_R03_T10.0-15.0s.png,1,Fall,SA16
/content/drive/MyDrive/datasets/Mosaic_ADL_2x2/Fall/SA16/F07_SA16_R04_T0.0-5.0s.png,1,Fall,SA16
/content/drive/MyDrive/datasets/Mosaic_ADL_2x2/Fall/SA16/F07_SA16_R04_T2.5-7.5s.png,1,Fall,SA16
/content/drive/MyDrive/datasets/Mosaic_ADL_2x2/Fall/SA16/F07_SA16_R04_T5.0-10.0s.png,1,Fall,SA16
/content/drive/MyDrive/datasets/Mosaic_ADL_2x2/Fall/SA16/F07_SA16_R04_T7.5-12.5s.png,1,Fall,SA16
/content/drive/MyDrive/datasets/Mosaic_ADL_2x2/Fall/SA16/F07_SA16_R04_T10.0-15.0s.png,1,Fall,SA16
/content/drive/MyDrive/datasets/Mosaic_ADL_2x2/Fall/SA16/F07_SA16_R05_T0.0-5.0s.png,1,Fall,SA16
/content/drive/MyDrive/datasets/Mosaic_ADL_2x2/Fall/SA16/F07_SA16_R05_T2.5-7.5s.png,1,Fall,SA16
/content/drive/MyDrive/datasets/Mosaic_ADL_2x2/Fall/SA16/F07_SA16_R05_T5.0-10.0s.png,1,Fall,SA16
/content/drive/MyDrive/datasets/Mosaic_ADL_2x2/Fall/SA16/F07_SA16_R05_T7.5-12.5s.png,1,Fall,SA16
/content/drive/MyDrive/datasets/Mosaic_ADL_2x2/Fall/SA16/F07_SA16_R05_T10.0-15.0s.png,1,Fall,SA16
/content/drive/MyDrive/datasets/Mosaic_ADL_2x2/Fall/SA16/F08_SA16_R01_T0.0-5.0s.png,1,Fall,SA16
/content/drive/MyDrive/datasets/Mosaic_ADL_2x2/Fall/SA16/F08_SA16_R01_T2.5-7.5s.png,1,Fall,SA16
/content/drive/MyDrive/datasets/Mosaic_ADL_2x2/Fall/SA16/F08_SA16_R01_T5.0-10.0s.png,1,Fall,SA16
/content/drive/MyDrive/datasets/Mosaic_ADL_2x2/Fall/SA16/F08_SA16_R01_T7.5-12.5s.png,1,Fall,SA16
/content/drive/MyDrive/datasets/Mosaic_ADL_2x2/Fall/SA16/F08_SA16_R01_T10.0-15.0s.png,1,Fall,SA16
/content/drive/MyDrive/datasets/Mosaic_ADL_2x2/Fall/SA16/F08_SA16_R02_T0.0-5.0s.png,1,Fall,SA16
/content/drive/MyDrive/datasets/Mosaic_ADL_2x2/Fall/SA16/F08_SA16_R02_T2.5-7.5s.png,1,Fall,SA16
/content/drive/MyDrive/datasets/Mosaic_ADL_2x2/Fall/SA16/F08_SA16_R02_T5.0-10.0s.png,1,Fall,SA16
/content/drive/MyDrive/datasets/Mosaic_ADL_2x2/Fall/SA16/F08_SA16_R02_T7.5-12.5s.png,1,Fall,SA16
/content/drive/MyDrive/datasets/Mosaic_ADL_2x2/Fall/SA16/F08_SA16_R02_T10.0-15.0s.png,1,Fall,SA16
/content/drive/MyDrive/datasets/Mosaic_ADL_2x2/Fall/SA16/F08_SA16_R03_T0.0-5.0s.png,1,Fall,SA16
/content/drive/MyDrive/datasets/Mosaic_ADL_2x2/Fall/SA16/F08_SA16_R03_T2.5-7.5s.png,1,Fall,SA16
/content/drive/MyDrive/datasets/Mosaic_ADL_2x2/Fall/SA16/F08_SA16_R03_T5.0-10.0s.png,1,Fall,SA16
/content/drive/MyDrive/datasets/Mosaic_ADL_2x2/Fall/SA16/F08_SA16_R03_T7.5-12.5s.png,1,Fall,SA16
/content/drive/MyDrive/datasets/Mosaic_ADL_2x2/Fall/SA16/F08_SA16_R03_T10.0-15.0s.png,1,Fall,SA16
/content/drive/MyDrive/datasets/Mosaic_ADL_2x2/Fall/SA16/F08_SA16_R04_T0.0-5.0s.png,1,Fall,SA16
/content/drive/MyDrive/datasets/Mosaic_ADL_2x2/Fall/SA16/F08_SA16_R04_T2.5-7.5s.png,1,Fall,SA16
/content/drive/MyDrive/datasets/Mosaic_ADL_2x2/Fall/SA16/F08_SA16_R04_T5.0-10.0s.png,1,Fall,SA16
/content/drive/MyDrive/datasets/Mosaic_ADL_2x2/Fall/SA16/F08_SA16_R04_T7.5-12.5s.png,1,Fall,SA16
/content/drive/MyDrive/datasets/Mosaic_ADL_2x2/Fall/SA16/F08_SA16_R04_T10.0-15.0s.png,1,Fall,SA16
/content/drive/MyDrive/datasets/Mosaic_ADL_2x2/Fall/SA16/F08_SA16_R05_T0.0-5.0s.png,1,Fall,SA16
/content/drive/MyDrive/datasets/Mosaic_ADL_2x2/Fall/SA16/F08_SA16_R05_T2.5-7.5s.png,1,Fall,SA16
/content/drive/MyDrive/datasets/Mosaic_ADL_2x2/Fall/SA16/F08_SA16_R05_T5.0-10.0s.png,1,Fall,SA16
/content/drive/MyDrive/datasets/Mosaic_ADL_2x2/Fall/SA16/F08_SA16_R05_T7.5-12.5s.png,1,Fall,SA16
/content/drive/MyDrive/datasets/Mosaic_ADL_2x2/Fall/SA16/F08_SA16_R05_T10.0-15.0s.png,1,Fall,SA16
/content/drive/MyDrive/datasets/Mosaic_ADL_2x2/Fall/SA16/F09_SA16_R01_T0.0-5.0s.png,1,Fall,SA16
/content/drive/MyDrive/datasets/Mosaic_ADL_2x2/Fall/SA16/F09_SA16_R01_T2.5-7.5s.png,1,Fall,SA16
/content/drive/MyDrive/datasets/Mosaic_ADL_2x2/Fall/SA16/F09_SA16_R01_T5.0-10.0s.png,1,Fall,SA16
/content/drive/MyDrive/datasets/Mosaic_ADL_2x2/Fall/SA16/F09_SA16_R01_T7.5-12.5s.png,1,Fall,SA16
/content/drive/MyDrive/datasets/Mosaic_ADL_2x2/Fall/SA16/F09_SA16_R01_T10.0-15.0s.png,1,Fall,SA16
/content/drive/MyDrive/datasets/Mosaic_ADL_2x2/Fall/SA16/F09_SA16_R02_T0.0-5.0s.png,1,Fall,SA16
/content/drive/MyDrive/datasets/Mosaic_ADL_2x2/Fall/SA16/F09_SA16_R02_T2.5-7.5s.png,1,Fall,SA16
/content/drive/MyDrive/datasets/Mosaic_ADL_2x2/Fall/SA16/F09_SA16_R02_T5.0-10.0s.png,1,Fall,SA16
/content/drive/MyDrive/datasets/Mosaic_ADL_2x2/Fall/SA16/F09_SA16_R02_T7.5-12.5s.png,1,Fall,SA16
/content/drive/MyDrive/datasets/Mosaic_ADL_2x2/Fall/SA16/F09_SA16_R02_T10.0-15.0s.png,1,Fall,SA16
/content/drive/MyDrive/datasets/Mosaic_ADL_2x2/Fall/SA16/F09_SA16_R03_T0.0-5.0s.png,1,Fall,SA16
/content/drive/MyDrive/datasets/Mosaic_ADL_2x2/Fall/SA16/F09_SA16_R03_T2.5-7.5s.png,1,Fall,SA16
/content/drive/MyDrive/datasets/Mosaic_ADL_2x2/Fall/SA16/F09_SA16_R03_T5.0-10.0s.png,1,Fall,SA16
/content/drive/MyDrive/datasets/Mosaic_ADL_2x2/Fall/SA16/F09_SA16_R03_T7.5-12.5s.png,1,Fall,SA16
/content/drive/MyDrive/datasets/Mosaic_ADL_2x2/Fall/SA16/F09_SA16_R03_T10.0-15.0s.png,1,Fall,SA16
/content/drive/MyDrive/datasets/Mosaic_ADL_2x2/Fall/SA16/F09_SA16_R04_T0.0-5.0s.png,1,Fall,SA16
/content/drive/MyDrive/datasets/Mosaic_ADL_2x2/Fall/SA16/F09_SA16_R04_T2.5-7.5s.png,1,Fall,SA16
/content/drive/MyDrive/datasets/Mosaic_ADL_2x2/Fall/SA16/F09_SA16_R04_T5.0-10.0s.png,1,Fall,SA16
/content/drive/MyDrive/datasets/Mosaic_ADL_2x2/Fall/SA16/F09_SA16_R04_T7.5-12.5s.png,1,Fall,SA16
/content/drive/MyDrive/datasets/Mosaic_ADL_2x2/Fall/SA16/F09_SA16_R04_T10.0-15.0s.png,1,Fall,SA16
/content/drive/MyDrive/datasets/Mosaic_ADL_2x2/Fall/SA16/F09_SA16_R05_T0.0-5.0s.png,1,Fall,SA16
/content/drive/MyDrive/datasets/Mosaic_ADL_2x2/Fall/SA16/F09_SA16_R05_T2.5-7.5s.png,1,Fall,SA16
/content/drive/MyDrive/datasets/Mosaic_ADL_2x2/Fall/SA16/F09_SA16_R05_T5.0-10.0s.png,1,Fall,SA16
/content/drive/MyDrive/datasets/Mosaic_ADL_2x2/Fall/SA16/F09_SA16_R05_T7.5-12.5s.png,1,Fall,SA16
/content/drive/MyDrive/datasets/Mosaic_ADL_2x2/Fall/SA16/F09_SA16_R05_T10.0-15.0s.png,1,Fall,SA16
/content/drive/MyDrive/datasets/Mosaic_ADL_2x2/Fall/SA16/F10_SA16_R01_T0.0-5.0s.png,1,Fall,SA16
/content/drive/MyDrive/datasets/Mosaic_ADL_2x2/Fall/SA16/F10_SA16_R01_T2.5-7.5s.png,1,Fall,SA16
/content/drive/MyDrive/datasets/Mosaic_ADL_2x2/Fall/SA16/F10_SA16_R01_T5.0-10.0s.png,1,Fall,SA16
/content/drive/MyDrive/datasets/Mosaic_ADL_2x2/Fall/SA16/F10_SA16_R01_T7.5-12.5s.png,1,Fall,SA16
/content/drive/MyDrive/datasets/Mosaic_ADL_2x2/Fall/SA16/F10_SA16_R01_T10.0-15.0s.png,1,Fall,SA16
/content/drive/MyDrive/datasets/Mosaic_ADL_2x2/Fall/SA16/F10_SA16_R02_T0.0-5.0s.png,1,Fall,SA16
/content/drive/MyDrive/datasets/Mosaic_ADL_2x2/Fall/SA16/F10_SA16_R02_T2.5-7.5s.png,1,Fall,SA16
/content/drive/MyDrive/datasets/Mosaic_ADL_2x2/Fall/SA16/F10_SA16_R02_T5.0-10.0s.png,1,Fall,SA16
/content/drive/MyDrive/datasets/Mosaic_ADL_2x2/Fall/SA16/F10_SA16_R02_T7.5-12.5s.png,1,Fall,SA16
/content/drive/MyDrive/datasets/Mosaic_ADL_2x2/Fall/SA16/F10_SA16_R02_T10.0-15.0s.png,1,Fall,SA16
/content/drive/MyDrive/datasets/Mosaic_ADL_2x2/Fall/SA16/F10_SA16_R03_T0.0-5.0s.png,1,Fall,SA16
/content/drive/MyDrive/datasets/Mosaic_ADL_2x2/Fall/SA16/F10_SA16_R03_T2.5-7.5s.png,1,Fall,SA16
/content/drive/MyDrive/datasets/Mosaic_ADL_2x2/Fall/SA16/F10_SA16_R03_T5.0-10.0s.png,1,Fall,SA16
/content/drive/MyDrive/datasets/Mosaic_ADL_2x2/Fall/SA16/F10_SA16_R03_T7.5-12.5s.png,1,Fall,SA16
/content/drive/MyDrive/datasets/Mosaic_ADL_2x2/Fall/SA16/F10_SA16_R03_T10.0-15.0s.png,1,Fall,SA16
/content/drive/MyDrive/datasets/Mosaic_ADL_2x2/Fall/SA16/F10_SA16_R04_T0.0-5.0s.png,1,Fall,SA16
/content/drive/MyDrive/datasets/Mosaic_ADL_2x2/Fall/SA16/F10_SA16_R04_T2.5-7.5s.png,1,Fall,SA16
/content/drive/MyDrive/datasets/Mosaic_ADL_2x2/Fall/SA16/F10_SA16_R04_T5.0-10.0s.png,1,Fall,SA16
/content/drive/MyDrive/datasets/Mosaic_ADL_2x2/Fall/SA16/F10_SA16_R04_T7.5-12.5s.png,1,Fall,SA16
/content/drive/MyDrive/datasets/Mosaic_ADL_2x2/Fall/SA16/F10_SA16_R04_T10.0-15.0s.png,1,Fall,SA16
/content/drive/MyDrive/datasets/Mosaic_ADL_2x2/Fall/SA16/F10_SA16_R05_T0.0-5.0s.png,1,Fall,SA16
/content/drive/MyDrive/datasets/Mosaic_ADL_2x2/Fall/SA16/F10_SA16_R05_T2.5-7.5s.png,1,Fall,SA16
/content/drive/MyDrive/datasets/Mosaic_ADL_2x2/Fall/SA16/F10_SA16_R05_T5.0-10.0s.png,1,Fall,SA16
/content/drive/MyDrive/datasets/Mosaic_ADL_2x2/Fall/SA16/F10_SA16_R05_T7.5-12.5s.png,1,Fall,SA16
/content/drive/MyDrive/datasets/Mosaic_ADL_2x2/Fall/SA16/F10_SA16_R05_T10.0-15.0s.png,1,Fall,SA16
/content/drive/MyDrive/datasets/Mosaic_ADL_2x2/Fall/SA16/F11_SA16_R01_T0.0-5.0s.png,1,Fall,SA16
/content/drive/MyDrive/datasets/Mosaic_ADL_2x2/Fall/SA16/F11_SA16_R01_T2.5-7.5s.png,1,Fall,SA16
/content/drive/MyDrive/datasets/Mosaic_ADL_2x2/Fall/SA16/F11_SA16_R01_T5.0-10.0s.png,1,Fall,SA16
/content/drive/MyDrive/datasets/Mosaic_ADL_2x2/Fall/SA16/F11_SA16_R01_T7.5-12.5s.png,1,Fall,SA16
/content/drive/MyDrive/datasets/Mosaic_ADL_2x2/Fall/SA16/F11_SA16_R02_T0.0-5.0s.png,1,Fall,SA16
/content/drive/MyDrive/datasets/Mosaic_ADL_2x2/Fall/SA16/F11_SA16_R02_T2.5-7.5s.png,1,Fall,SA16
/content/drive/MyDrive/datasets/Mosaic_ADL_2x2/Fall/SA16/F11_SA16_R02_T5.0-10.0s.png,1,Fall,SA16
/content/drive/MyDrive/datasets/Mosaic_ADL_2x2/Fall/SA16/F11_SA16_R02_T7.5-12.5s.png,1,Fall,SA16
/content/drive/MyDrive/datasets/Mosaic_ADL_2x2/Fall/SA16/F11_SA16_R02_T10.0-15.0s.png,1,Fall,SA16
/content/drive/MyDrive/datasets/Mosaic_ADL_2x2/Fall/SA16/F11_SA16_R03_T0.0-5.0s.png,1,Fall,SA16
/content/drive/MyDrive/datasets/Mosaic_ADL_2x2/Fall/SA16/F11_SA16_R03_T2.5-7.5s.png,1,Fall,SA16
/content/drive/MyDrive/datasets/Mosaic_ADL_2x2/Fall/SA16/F11_SA16_R03_T5.0-10.0s.png,1,Fall,SA16
/content/drive/MyDrive/datasets/Mosaic_ADL_2x2/Fall/SA16/F11_SA16_R03_T7.5-12.5s.png,1,Fall,SA16
/content/drive/MyDrive/datasets/Mosaic_ADL_2x2/Fall/SA16/F11_SA16_R03_T10.0-15.0s.png,1,Fall,SA16
/content/drive/MyDrive/datasets/Mosaic_ADL_2x2/Fall/SA16/F11_SA16_R04_T0.0-5.0s.png,1,Fall,SA16
/content/drive/MyDrive/datasets/Mosaic_ADL_2x2/Fall/SA16/F11_SA16_R04_T2.5-7.5s.png,1,Fall,SA16
/content/drive/MyDrive/datasets/Mosaic_ADL_2x2/Fall/SA16/F11_SA16_R04_T5.0-10.0s.png,1,Fall,SA16
/content/drive/MyDrive/datasets/Mosaic_ADL_2x2/Fall/SA16/F11_SA16_R04_T7.5-12.5s.png,1,Fall,SA16
/content/drive/MyDrive/datasets/Mosaic_ADL_2x2/Fall/SA16/F11_SA16_R04_T10.0-15.0s.png,1,Fall,SA16
/content/drive/MyDrive/datasets/Mosaic_ADL_2x2/Fall/SA16/F11_SA16_R05_T0.0-5.0s.png,1,Fall,SA16
/content/drive/MyDrive/datasets/Mosaic_ADL_2x2/Fall/SA16/F11_SA16_R05_T2.5-7.5s.png,1,Fall,SA16
/content/drive/MyDrive/datasets/Mosaic_ADL_2x2/Fall/SA16/F11_SA16_R05_T5.0-10.0s.png,1,Fall,SA16
/content/drive/MyDrive/datasets/Mosaic_ADL_2x2/Fall/SA16/F11_SA16_R05_T7.5-12.5s.png,1,Fall,SA16
/content/drive/MyDrive/datasets/Mosaic_ADL_2x2/Fall/SA16/F11_SA16_R05_T10.0-15.0s.png,1,Fall,SA16
/content/drive/MyDrive/datasets/Mosaic_ADL_2x2/Fall/SA16/F12_SA16_R01_T0.0-5.0s.png,1,Fall,SA16
/content/drive/MyDrive/datasets/Mosaic_ADL_2x2/Fall/SA16/F12_SA16_R01_T2.5-7.5s.png,1,Fall,SA16
/content/drive/MyDrive/datasets/Mosaic_ADL_2x2/Fall/SA16/F12_SA16_R01_T5.0-10.0s.png,1,Fall,SA16
/content/drive/MyDrive/datasets/Mosaic_ADL_2x2/Fall/SA16/F12_SA16_R01_T7.5-12.5s.png,1,Fall,SA16
/content/drive/MyDrive/datasets/Mosaic_ADL_2x2/Fall/SA16/F12_SA16_R01_T10.0-15.0s.png,1,Fall,SA16
/content/drive/MyDrive/datasets/Mosaic_ADL_2x2/Fall/SA16/F12_SA16_R02_T0.0-5.0s.png,1,Fall,SA16
/content/drive/MyDrive/datasets/Mosaic_ADL_2x2/Fall/SA16/F12_SA16_R02_T2.5-7.5s.png,1,Fall,SA16
/content/drive/MyDrive/datasets/Mosaic_ADL_2x2/Fall/SA16/F12_SA16_R02_T5.0-10.0s.png,1,Fall,SA16
/content/drive/MyDrive/datasets/Mosaic_ADL_2x2/Fall/SA16/F12_SA16_R02_T7.5-12.5s.png,1,Fall,SA16
/content/drive/MyDrive/datasets/Mosaic_ADL_2x2/Fall/SA16/F12_SA16_R02_T10.0-15.0s.png,1,Fall,SA16
/content/drive/MyDrive/datasets/Mosaic_ADL_2x2/Fall/SA16/F12_SA16_R03_T0.0-5.0s.png,1,Fall,SA16
/content/drive/MyDrive/datasets/Mosaic_ADL_2x2/Fall/SA16/F12_SA16_R03_T2.5-7.5s.png,1,Fall,SA16
/content/drive/MyDrive/datasets/Mosaic_ADL_2x2/Fall/SA16/F12_SA16_R03_T5.0-10.0s.png,1,Fall,SA16
/content/drive/MyDrive/datasets/Mosaic_ADL_2x2/Fall/SA16/F12_SA16_R03_T7.5-12.5s.png,1,Fall,SA16
/content/drive/MyDrive/datasets/Mosaic_ADL_2x2/Fall/SA16/F12_SA16_R03_T10.0-15.0s.png,1,Fall,SA16
/content/drive/MyDrive/datasets/Mosaic_ADL_2x2/Fall/SA16/F12_SA16_R04_T0.0-5.0s.png,1,Fall,SA16
/content/drive/MyDrive/datasets/Mosaic_ADL_2x2/Fall/SA16/F12_SA16_R04_T2.5-7.5s.png,1,Fall,SA16
/content/drive/MyDrive/datasets/Mosaic_ADL_2x2/Fall/SA16/F12_SA16_R04_T5.0-10.0s.png,1,Fall,SA16
/content/drive/MyDrive/datasets/Mosaic_ADL_2x2/Fall/SA16/F12_SA16_R04_T7.5-12.5s.png,1,Fall,SA16
/content/drive/MyDrive/datasets/Mosaic_ADL_2x2/Fall/SA16/F12_SA16_R04_T10.0-15.0s.png,1,Fall,SA16
/content/drive/MyDrive/datasets/Mosaic_ADL_2x2/Fall/SA16/F12_SA16_R05_T0.0-5.0s.png,1,Fall,SA16
/content/drive/MyDrive/datasets/Mosaic_ADL_2x2/Fall/SA16/F12_SA16_R05_T2.5-7.5s.png,1,Fall,SA16
/content/drive/MyDrive/datasets/Mosaic_ADL_2x2/Fall/SA16/F12_SA16_R05_T5.0-10.0s.png,1,Fall,SA16
/content/drive/MyDrive/datasets/Mosaic_ADL_2x2/Fall/SA16/F12_SA16_R05_T7.5-12.5s.png,1,Fall,SA16
/content/drive/MyDrive/datasets/Mosaic_ADL_2x2/Fall/SA16/F12_SA16_R05_T10.0-15.0s.png,1,Fall,SA16
/content/drive/MyDrive/datasets/Mosaic_ADL_2x2/Fall/SA16/F13_SA16_R01_T0.0-5.0s.png,1,Fall,SA16
/content/drive/MyDrive/datasets/Mosaic_ADL_2x2/Fall/SA16/F13_SA16_R01_T2.5-7.5s.png,1,Fall,SA16
/content/drive/MyDrive/datasets/Mosaic_ADL_2x2/Fall/SA16/F13_SA16_R01_T5.0-10.0s.png,1,Fall,SA16
/content/drive/MyDrive/datasets/Mosaic_ADL_2x2/Fall/SA16/F13_SA16_R01_T7.5-12.5s.png,1,Fall,SA16
/content/drive/MyDrive/datasets/Mosaic_ADL_2x2/Fall/SA16/F13_SA16_R01_T10.0-15.0s.png,1,Fall,SA16
/content/drive/MyDrive/datasets/Mosaic_ADL_2x2/Fall/SA16/F13_SA16_R02_T0.0-5.0s.png,1,Fall,SA16
/content/drive/MyDrive/datasets/Mosaic_ADL_2x2/Fall/SA16/F13_SA16_R02_T2.5-7.5s.png,1,Fall,SA16
/content/drive/MyDrive/datasets/Mosaic_ADL_2x2/Fall/SA16/F13_SA16_R02_T5.0-10.0s.png,1,Fall,SA16
/content/drive/MyDrive/datasets/Mosaic_ADL_2x2/Fall/SA16/F13_SA16_R02_T7.5-12.5s.png,1,Fall,SA16
/content/drive/MyDrive/datasets/Mosaic_ADL_2x2/Fall/SA16/F13_SA16_R02_T10.0-15.0s.png,1,Fall,SA16
/content/drive/MyDrive/datasets/Mosaic_ADL_2x2/Fall/SA16/F13_SA16_R03_T0.0-5.0s.png,1,Fall,SA16
/content/drive/MyDrive/datasets/Mosaic_ADL_2x2/Fall/SA16/F13_SA16_R03_T2.5-7.5s.png,1,Fall,SA16
/content/drive/MyDrive/datasets/Mosaic_ADL_2x2/Fall/SA16/F13_SA16_R03_T5.0-10.0s.png,1,Fall,SA16
/content/drive/MyDrive/datasets/Mosaic_ADL_2x2/Fall/SA16/F13_SA16_R03_T7.5-12.5s.png,1,Fall,SA16
/content/drive/MyDrive/datasets/Mosaic_ADL_2x2/Fall/SA16/F13_SA16_R03_T10.0-15.0s.png,1,Fall,SA16
/content/drive/MyDrive/datasets/Mosaic_ADL_2x2/Fall/SA16/F13_SA16_R04_T0.0-5.0s.png,1,Fall,SA16
/content/drive/MyDrive/datasets/Mosaic_ADL_2x2/Fall/SA16/F13_SA16_R04_T2.5-7.5s.png,1,Fall,SA16
/content/drive/MyDrive/datasets/Mosaic_ADL_2x2/Fall/SA16/F13_SA16_R04_T5.0-10.0s.png,1,Fall,SA16
/content/drive/MyDrive/datasets/Mosaic_ADL_2x2/Fall/SA16/F13_SA16_R04_T7.5-12.5s.png,1,Fall,SA16
/content/drive/MyDrive/datasets/Mosaic_ADL_2x2/Fall/SA16/F13_SA16_R04_T10.0-15.0s.png,1,Fall,SA16
/content/drive/MyDrive/datasets/Mosaic_ADL_2x2/Fall/SA16/F13_SA16_R05_T0.0-5.0s.png,1,Fall,SA16
/content/drive/MyDrive/datasets/Mosaic_ADL_2x2/Fall/SA16/F13_SA16_R05_T2.5-7.5s.png,1,Fall,SA16
/content/drive/MyDrive/datasets/Mosaic_ADL_2x2/Fall/SA16/F13_SA16_R05_T5.0-10.0s.png,1,Fall,SA16
/content/drive/MyDrive/datasets/Mosaic_ADL_2x2/Fall/SA16/F13_SA16_R05_T7.5-12.5s.png,1,Fall,SA16
/content/drive/MyDrive/datasets/Mosaic_ADL_2x2/Fall/SA16/F13_SA16_R05_T10.0-15.0s.png,1,Fall,SA16
/content/drive/MyDrive/datasets/Mosaic_ADL_2x2/Fall/SA16/F14_SA16_R01_T0.0-5.0s.png,1,Fall,SA16
/content/drive/MyDrive/datasets/Mosaic_ADL_2x2/Fall/SA16/F14_SA16_R01_T2.5-7.5s.png,1,Fall,SA16
/content/drive/MyDrive/datasets/Mosaic_ADL_2x2/Fall/SA16/F14_SA16_R01_T5.0-10.0s.png,1,Fall,SA16
/content/drive/MyDrive/datasets/Mosaic_ADL_2x2/Fall/SA16/F14_SA16_R01_T7.5-12.5s.png,1,Fall,SA16
/content/drive/MyDrive/datasets/Mosaic_ADL_2x2/Fall/SA16/F14_SA16_R01_T10.0-15.0s.png,1,Fall,SA16
/content/drive/MyDrive/datasets/Mosaic_ADL_2x2/Fall/SA16/F14_SA16_R02_T0.0-5.0s.png,1,Fall,SA16
/content/drive/MyDrive/datasets/Mosaic_ADL_2x2/Fall/SA16/F14_SA16_R02_T2.5-7.5s.png,1,Fall,SA16
/content/drive/MyDrive/datasets/Mosaic_ADL_2x2/Fall/SA16/F14_SA16_R02_T5.0-10.0s.png,1,Fall,SA16
/content/drive/MyDrive/datasets/Mosaic_ADL_2x2/Fall/SA16/F14_SA16_R02_T7.5-12.5s.png,1,Fall,SA16
/content/drive/MyDrive/datasets/Mosaic_ADL_2x2/Fall/SA16/F14_SA16_R02_T10.0-15.0s.png,1,Fall,SA16
/content/drive/MyDrive/datasets/Mosaic_ADL_2x2/Fall/SA16/F14_SA16_R03_T0.0-5.0s.png,1,Fall,SA16
/content/drive/MyDrive/datasets/Mosaic_ADL_2x2/Fall/SA16/F14_SA16_R03_T2.5-7.5s.png,1,Fall,SA16
/content/drive/MyDrive/datasets/Mosaic_ADL_2x2/Fall/SA16/F14_SA16_R03_T5.0-10.0s.png,1,Fall,SA16
/content/drive/MyDrive/datasets/Mosaic_ADL_2x2/Fall/SA16/F14_SA16_R03_T7.5-12.5s.png,1,Fall,SA16
/content/drive/MyDrive/datasets/Mosaic_ADL_2x2/Fall/SA16/F14_SA16_R03_T10.0-15.0s.png,1,Fall,SA16
/content/drive/MyDrive/datasets/Mosaic_ADL_2x2/Fall/SA16/F14_SA16_R04_T0.0-5.0s.png,1,Fall,SA16
/content/drive/MyDrive/datasets/Mosaic_ADL_2x2/Fall/SA16/F14_SA16_R04_T2.5-7.5s.png,1,Fall,SA16
/content/drive/MyDrive/datasets/Mosaic_ADL_2x2/Fall/SA16/F14_SA16_R04_T5.0-10.0s.png,1,Fall,SA16
/content/drive/MyDrive/datasets/Mosaic_ADL_2x2/Fall/SA16/F14_SA16_R04_T7.5-12.5s.png,1,Fall,SA16
/content/drive/MyDrive/datasets/Mosaic_ADL_2x2/Fall/SA16/F14_SA16_R04_T10.0-15.0s.png,1,Fall,SA16
/content/drive/MyDrive/datasets/Mosaic_ADL_2x2/Fall/SA16/F14_SA16_R05_T0.0-5.0s.png,1,Fall,SA16
/content/drive/MyDrive/datasets/Mosaic_ADL_2x2/Fall/SA16/F14_SA16_R05_T2.5-7.5s.png,1,Fall,SA16
/content/drive/MyDrive/datasets/Mosaic_ADL_2x2/Fall/SA16/F14_SA16_R05_T5.0-10.0s.png,1,Fall,SA16
/content/drive/MyDrive/datasets/Mosaic_ADL_2x2/Fall/SA16/F14_SA16_R05_T7.5-12.5s.png,1,Fall,SA16
/content/drive/MyDrive/datasets/Mosaic_ADL_2x2/Fall/SA16/F14_SA16_R05_T10.0-15.0s.png,1,Fall,SA16
/content/drive/MyDrive/datasets/Mosaic_ADL_2x2/Fall/SA16/F15_SA16_R01_T0.0-5.0s.png,1,Fall,SA16
/content/drive/MyDrive/datasets/Mosaic_ADL_2x2/Fall/SA16/F15_SA16_R01_T2.5-7.5s.png,1,Fall,SA16
/content/drive/MyDrive/datasets/Mosaic_ADL_2x2/Fall/SA16/F15_SA16_R01_T5.0-10.0s.png,1,Fall,SA16
/content/drive/MyDrive/datasets/Mosaic_ADL_2x2/Fall/SA16/F15_SA16_R01_T7.5-12.5s.png,1,Fall,SA16
/content/drive/MyDrive/datasets/Mosaic_ADL_2x2/Fall/SA16/F15_SA16_R01_T10.0-15.0s.png,1,Fall,SA16
/content/drive/MyDrive/datasets/Mosaic_ADL_2x2/Fall/SA16/F15_SA16_R02_T0.0-5.0s.png,1,Fall,SA16
/content/drive/MyDrive/datasets/Mosaic_ADL_2x2/Fall/SA16/F15_SA16_R02_T2.5-7.5s.png,1,Fall,SA16
/content/drive/MyDrive/datasets/Mosaic_ADL_2x2/Fall/SA16/F15_SA16_R02_T5.0-10.0s.png,1,Fall,SA16
/content/drive/MyDrive/datasets/Mosaic_ADL_2x2/Fall/SA16/F15_SA16_R02_T7.5-12.5s.png,1,Fall,SA16
/content/drive/MyDrive/datasets/Mosaic_ADL_2x2/Fall/SA16/F15_SA16_R02_T10.0-15.0s.png,1,Fall,SA16
/content/drive/MyDrive/datasets/Mosaic_ADL_2x2/Fall/SA16/F15_SA16_R03_T0.0-5.0s.png,1,Fall,SA16
/content/drive/MyDrive/datasets/Mosaic_ADL_2x2/Fall/SA16/F15_SA16_R03_T2.5-7.5s.png,1,Fall,SA16
/content/drive/MyDrive/datasets/Mosaic_ADL_2x2/Fall/SA16/F15_SA16_R03_T5.0-10.0s.png,1,Fall,SA16
/content/drive/MyDrive/datasets/Mosaic_ADL_2x2/Fall/SA16/F15_SA16_R03_T7.5-12.5s.png,1,Fall,SA16
/content/drive/MyDrive/datasets/Mosaic_ADL_2x2/Fall/SA16/F15_SA16_R03_T10.0-15.0s.png,1,Fall,SA16
/content/drive/MyDrive/datasets/Mosaic_ADL_2x2/Fall/SA16/F15_SA16_R04_T0.0-5.0s.png,1,Fall,SA16
/content/drive/MyDrive/datasets/Mosaic_ADL_2x2/Fall/SA16/F15_SA16_R04_T2.5-7.5s.png,1,Fall,SA16
/content/drive/MyDrive/datasets/Mosaic_ADL_2x2/Fall/SA16/F15_SA16_R04_T5.0-10.0s.png,1,Fall,SA16
/content/drive/MyDrive/datasets/Mosaic_ADL_2x2/Fall/SA16/F15_SA16_R04_T7.5-12.5s.png,1,Fall,SA16
/content/drive/MyDrive/datasets/Mosaic_ADL_2x2/Fall/SA16/F15_SA16_R04_T10.0-15.0s.png,1,Fall,SA16
/content/drive/MyDrive/datasets/Mosaic_ADL_2x2/Fall/SA16/F15_SA16_R05_T0.0-5.0s.png,1,Fall,SA16
/content/drive/MyDrive/datasets/Mosaic_ADL_2x2/Fall/SA16/F15_SA16_R05_T2.5-7.5s.png,1,Fall,SA16
/content/drive/MyDrive/datasets/Mosaic_ADL_2x2/Fall/SA16/F15_SA16_R05_T5.0-10.0s.png,1,Fall,SA16
/content/drive/MyDrive/datasets/Mosaic_ADL_2x2/Fall/SA16/F15_SA16_R05_T7.5-12.5s.png,1,Fall,SA16
/content/drive/MyDrive/datasets/Mosaic_ADL_2x2/Fall/SA16/F15_SA16_R05_T10.0-15.0s.png,1,Fall,SA16
/content/drive/MyDrive/datasets/Mosaic_ADL_2x2/Fall/SA12/F01_SA12_R01_T5.0-10.0s.png,1,Fall,SA12
/content/drive/MyDrive/datasets/Mosaic_ADL_2x2/Fall/SA12/F01_SA12_R02_T0.0-5.0s.png,1,Fall,SA12
/content/drive/MyDrive/datasets/Mosaic_ADL_2x2/Fall/SA12/F01_SA12_R02_T2.5-7.5s.png,1,Fall,SA12
/content/drive/MyDrive/datasets/Mosaic_ADL_2x2/Fall/SA12/F01_SA12_R04_T10.0-15.0s.png,1,Fall,SA12
/content/drive/MyDrive/datasets/Mosaic_ADL_2x2/Fall/SA12/F02_SA12_R01_T0.0-5.0s.png,1,Fall,SA12
/content/drive/MyDrive/datasets/Mosaic_ADL_2x2/Fall/SA12/F02_SA12_R01_T2.5-7.5s.png,1,Fall,SA12
/content/drive/MyDrive/datasets/Mosaic_ADL_2x2/Fall/SA12/F02_SA12_R03_T5.0-10.0s.png,1,Fall,SA12
/content/drive/MyDrive/datasets/Mosaic_ADL_2x2/Fall/SA12/F02_SA12_R05_T0.0-5.0s.png,1,Fall,SA12
/content/drive/MyDrive/datasets/Mosaic_ADL_2x2/Fall/SA12/F02_SA12_R05_T2.5-7.5s.png,1,Fall,SA12
/content/drive/MyDrive/datasets/Mosaic_ADL_2x2/Fall/SA12/F03_SA12_R03_T7.5-12.5s.png,1,Fall,SA12
/content/drive/MyDrive/datasets/Mosaic_ADL_2x2/Fall/SA12/F03_SA12_R04_T7.5-12.5s.png,1,Fall,SA12
/content/drive/MyDrive/datasets/Mosaic_ADL_2x2/Fall/SA12/F04_SA12_R05_T10.0-15.0s.png,1,Fall,SA12
/content/drive/MyDrive/datasets/Mosaic_ADL_2x2/Fall/SA12/F05_SA12_R01_T2.5-7.5s.png,1,Fall,SA12
/content/drive/MyDrive/datasets/Mosaic_ADL_2x2/Fall/SA12/F05_SA12_R04_T10.0-15.0s.png,1,Fall,SA12
/content/drive/MyDrive/datasets/Mosaic_ADL_2x2/Fall/SA12/F05_SA12_R05_T0.0-5.0s.png,1,Fall,SA12
/content/drive/MyDrive/datasets/Mosaic_ADL_2x2/Fall/SA12/F05_SA12_R05_T2.5-7.5s.png,1,Fall,SA12
/content/drive/MyDrive/datasets/Mosaic_ADL_2x2/Fall/SA12/F06_SA12_R02_T0.0-5.0s.png,1,Fall,SA12
/content/drive/MyDrive/datasets/Mosaic_ADL_2x2/Fall/SA12/F06_SA12_R02_T2.5-7.5s.png,1,Fall,SA12
/content/drive/MyDrive/datasets/Mosaic_ADL_2x2/Fall/SA12/F06_SA12_R05_T5.0-10.0s.png,1,Fall,SA12
/content/drive/MyDrive/datasets/Mosaic_ADL_2x2/Fall/SA12/F07_SA12_R02_T7.5-12.5s.png,1,Fall,SA12
/content/drive/MyDrive/datasets/Mosaic_ADL_2x2/Fall/SA12/F07_SA12_R05_T7.5-12.5s.png,1,Fall,SA12
/content/drive/MyDrive/datasets/Mosaic_ADL_2x2/Fall/SA12/F08_SA12_R01_T0.0-5.0s.png,1,Fall,SA12
/content/drive/MyDrive/datasets/Mosaic_ADL_2x2/Fall/SA12/F08_SA12_R01_T2.5-7.5s.png,1,Fall,SA12
/content/drive/MyDrive/datasets/Mosaic_ADL_2x2/Fall/SA12/F08_SA12_R02_T7.5-12.5s.png,1,Fall,SA12
/content/drive/MyDrive/datasets/Mosaic_ADL_2x2/Fall/SA12/F08_SA12_R05_T0.0-5.0s.png,1,Fall,SA12
/content/drive/MyDrive/datasets/Mosaic_ADL_2x2/Fall/SA12/F08_SA12_R05_T2.5-7.5s.png,1,Fall,SA12
/content/drive/MyDrive/datasets/Mosaic_ADL_2x2/Fall/SA12/F08_SA12_R05_T7.5-12.5s.png,1,Fall,SA12
/content/drive/MyDrive/datasets/Mosaic_ADL_2x2/Fall/SA12/F08_SA12_R05_T10.0-15.0s.png,1,Fall,SA12
/content/drive/MyDrive/datasets/Mosaic_ADL_2x2/Fall/SA12/F09_SA12_R02_T5.0-10.0s.png,1,Fall,SA12
/content/drive/MyDrive/datasets/Mosaic_ADL_2x2/Fall/SA12/F09_SA12_R05_T5.0-10.0s.png,1,Fall,SA12
/content/drive/MyDrive/datasets/Mosaic_ADL_2x2/Fall/SA12/F10_SA12_R03_T7.5-12.5s.png,1,Fall,SA12
/content/drive/MyDrive/datasets/Mosaic_ADL_2x2/Fall/SA12/F10_SA12_R04_T2.5-7.5s.png,1,Fall,SA12
/content/drive/MyDrive/datasets/Mosaic_ADL_2x2/Fall/SA12/F10_SA12_R04_T7.5-12.5s.png,1,Fall,SA12
/content/drive/MyDrive/datasets/Mosaic_ADL_2x2/Fall/SA12/F11_SA12_R03_T5.0-10.0s.png,1,Fall,SA12
/content/drive/MyDrive/datasets/Mosaic_ADL_2x2/Fall/SA12/F11_SA12_R04_T5.0-10.0s.png,1,Fall,SA12
/content/drive/MyDrive/datasets/Mosaic_ADL_2x2/Fall/SA12/F12_SA12_R01_T5.0-10.0s.png,1,Fall,SA12
/content/drive/MyDrive/datasets/Mosaic_ADL_2x2/Fall/SA12/F12_SA12_R02_T10.0-15.0s.png,1,Fall,SA12
/content/drive/MyDrive/datasets/Mosaic_ADL_2x2/Fall/SA12/F13_SA12_R01_T7.5-12.5s.png,1,Fall,SA12
/content/drive/MyDrive/datasets/Mosaic_ADL_2x2/Fall/SA12/F13_SA12_R03_T0.0-5.0s.png,1,Fall,SA12
/content/drive/MyDrive/datasets/Mosaic_ADL_2x2/Fall/SA12/F13_SA12_R03_T10.0-15.0s.png,1,Fall,SA12
/content/drive/MyDrive/datasets/Mosaic_ADL_2x2/Fall/SA12/F14_SA12_R02_T7.5-12.5s.png,1,Fall,SA12
/content/drive/MyDrive/datasets/Mosaic_ADL_2x2/Fall/SA12/F14_SA12_R03_T0.0-5.0s.png,1,Fall,SA12
/content/drive/MyDrive/datasets/Mosaic_ADL_2x2/Fall/SA12/F14_SA12_R03_T2.5-7.5s.png,1,Fall,SA12
/content/drive/MyDrive/datasets/Mosaic_ADL_2x2/Fall/SA12/F14_SA12_R05_T7.5-12.5s.png,1,Fall,SA12
/content/drive/MyDrive/datasets/Mosaic_ADL_2x2/Fall/SA12/F15_SA12_R01_T10.0-15.0s.png,1,Fall,SA12
/content/drive/MyDrive/datasets/Mosaic_ADL_2x2/Fall/SA12/F15_SA12_R02_T5.0-10.0s.png,1,Fall,SA12
/content/drive/MyDrive/datasets/Mosaic_ADL_2x2/Fall/SA12/F15_SA12_R05_T5.0-10.0s.png,1,Fall,SA12
/content/drive/MyDrive/datasets/Mosaic_ADL_2x2/Fall/SA23/F01_SA23_R01_T0.0-5.0s.png,1,Fall,SA23
/content/drive/MyDrive/datasets/Mosaic_ADL_2x2/Fall/SA23/F01_SA23_R01_T2.5-7.5s.png,1,Fall,SA23
/content/drive/MyDrive/datasets/Mosaic_ADL_2x2/Fall/SA23/F01_SA23_R01_T5.0-10.0s.png,1,Fall,SA23
/content/drive/MyDrive/datasets/Mosaic_ADL_2x2/Fall/SA23/F01_SA23_R01_T7.5-12.5s.png,1,Fall,SA23
/content/drive/MyDrive/datasets/Mosaic_ADL_2x2/Fall/SA23/F01_SA23_R02_T0.0-5.0s.png,1,Fall,SA23
/content/drive/MyDrive/datasets/Mosaic_ADL_2x2/Fall/SA23/F01_SA23_R02_T2.5-7.5s.png,1,Fall,SA23
/content/drive/MyDrive/datasets/Mosaic_ADL_2x2/Fall/SA23/F01_SA23_R02_T5.0-10.0s.png,1,Fall,SA23
/content/drive/MyDrive/datasets/Mosaic_ADL_2x2/Fall/SA23/F01_SA23_R02_T7.5-12.5s.png,1,Fall,SA23
/content/drive/MyDrive/datasets/Mosaic_ADL_2x2/Fall/SA23/F01_SA23_R02_T10.0-15.0s.png,1,Fall,SA23
/content/drive/MyDrive/datasets/Mosaic_ADL_2x2/Fall/SA23/F01_SA23_R03_T0.0-5.0s.png,1,Fall,SA23
/content/drive/MyDrive/datasets/Mosaic_ADL_2x2/Fall/SA23/F01_SA23_R03_T2.5-7.5s.png,1,Fall,SA23
/content/drive/MyDrive/datasets/Mosaic_ADL_2x2/Fall/SA23/F01_SA23_R03_T5.0-10.0s.png,1,Fall,SA23
/content/drive/MyDrive/datasets/Mosaic_ADL_2x2/Fall/SA23/F01_SA23_R03_T7.5-12.5s.png,1,Fall,SA23
/content/drive/MyDrive/datasets/Mosaic_ADL_2x2/Fall/SA23/F01_SA23_R03_T10.0-15.0s.png,1,Fall,SA23
/content/drive/MyDrive/datasets/Mosaic_ADL_2x2/Fall/SA23/F01_SA23_R04_T0.0-5.0s.png,1,Fall,SA23
/content/drive/MyDrive/datasets/Mosaic_ADL_2x2/Fall/SA23/F01_SA23_R04_T2.5-7.5s.png,1,Fall,SA23
/content/drive/MyDrive/datasets/Mosaic_ADL_2x2/Fall/SA23/F01_SA23_R04_T5.0-10.0s.png,1,Fall,SA23
/content/drive/MyDrive/datasets/Mosaic_ADL_2x2/Fall/SA23/F01_SA23_R04_T7.5-12.5s.png,1,Fall,SA23
/content/drive/MyDrive/datasets/Mosaic_ADL_2x2/Fall/SA23/F01_SA23_R04_T10.0-15.0s.png,1,Fall,SA23
/content/drive/MyDrive/datasets/Mosaic_ADL_2x2/Fall/SA23/F01_SA23_R05_T0.0-5.0s.png,1,Fall,SA23
/content/drive/MyDrive/datasets/Mosaic_ADL_2x2/Fall/SA23/F01_SA23_R05_T2.5-7.5s.png,1,Fall,SA23
/content/drive/MyDrive/datasets/Mosaic_ADL_2x2/Fall/SA23/F01_SA23_R05_T5.0-10.0s.png,1,Fall,SA23
/content/drive/MyDrive/datasets/Mosaic_ADL_2x2/Fall/SA23/F01_SA23_R05_T7.5-12.5s.png,1,Fall,SA23
/content/drive/MyDrive/datasets/Mosaic_ADL_2x2/Fall/SA23/F01_SA23_R05_T10.0-15.0s.png,1,Fall,SA23
/content/drive/MyDrive/datasets/Mosaic_ADL_2x2/Fall/SA23/F02_SA23_R01_T0.0-5.0s.png,1,Fall,SA23
/content/drive/MyDrive/datasets/Mosaic_ADL_2x2/Fall/SA23/F02_SA23_R01_T2.5-7.5s.png,1,Fall,SA23
/content/drive/MyDrive/datasets/Mosaic_ADL_2x2/Fall/SA23/F02_SA23_R01_T5.0-10.0s.png,1,Fall,SA23
/content/drive/MyDrive/datasets/Mosaic_ADL_2x2/Fall/SA23/F02_SA23_R01_T7.5-12.5s.png,1,Fall,SA23
/content/drive/MyDrive/datasets/Mosaic_ADL_2x2/Fall/SA23/F02_SA23_R01_T10.0-15.0s.png,1,Fall,SA23
/content/drive/MyDrive/datasets/Mosaic_ADL_2x2/Fall/SA23/F02_SA23_R02_T0.0-5.0s.png,1,Fall,SA23
/content/drive/MyDrive/datasets/Mosaic_ADL_2x2/Fall/SA23/F02_SA23_R02_T2.5-7.5s.png,1,Fall,SA23
/content/drive/MyDrive/datasets/Mosaic_ADL_2x2/Fall/SA23/F02_SA23_R02_T5.0-10.0s.png,1,Fall,SA23
/content/drive/MyDrive/datasets/Mosaic_ADL_2x2/Fall/SA23/F02_SA23_R02_T7.5-12.5s.png,1,Fall,SA23
/content/drive/MyDrive/datasets/Mosaic_ADL_2x2/Fall/SA23/F02_SA23_R02_T10.0-15.0s.png,1,Fall,SA23
/content/drive/MyDrive/datasets/Mosaic_ADL_2x2/Fall/SA23/F02_SA23_R03_T0.0-5.0s.png,1,Fall,SA23
/content/drive/MyDrive/datasets/Mosaic_ADL_2x2/Fall/SA23/F02_SA23_R03_T2.5-7.5s.png,1,Fall,SA23
/content/drive/MyDrive/datasets/Mosaic_ADL_2x2/Fall/SA23/F02_SA23_R03_T5.0-10.0s.png,1,Fall,SA23
/content/drive/MyDrive/datasets/Mosaic_ADL_2x2/Fall/SA23/F02_SA23_R03_T7.5-12.5s.png,1,Fall,SA23
/content/drive/MyDrive/datasets/Mosaic_ADL_2x2/Fall/SA23/F02_SA23_R03_T10.0-15.0s.png,1,Fall,SA23
/content/drive/MyDrive/datasets/Mosaic_ADL_2x2/Fall/SA23/F02_SA23_R04_T0.0-5.0s.png,1,Fall,SA23
/content/drive/MyDrive/datasets/Mosaic_ADL_2x2/Fall/SA23/F02_SA23_R04_T2.5-7.5s.png,1,Fall,SA23
/content/drive/MyDrive/datasets/Mosaic_ADL_2x2/Fall/SA23/F02_SA23_R04_T5.0-10.0s.png,1,Fall,SA23
/content/drive/MyDrive/datasets/Mosaic_ADL_2x2/Fall/SA23/F02_SA23_R04_T7.5-12.5s.png,1,Fall,SA23
/content/drive/MyDrive/datasets/Mosaic_ADL_2x2/Fall/SA23/F02_SA23_R04_T10.0-15.0s.png,1,Fall,SA23
/content/drive/MyDrive/datasets/Mosaic_ADL_2x2/Fall/SA23/F02_SA23_R05_T0.0-5.0s.png,1,Fall,SA23
/content/drive/MyDrive/datasets/Mosaic_ADL_2x2/Fall/SA23/F02_SA23_R05_T2.5-7.5s.png,1,Fall,SA23
/content/drive/MyDrive/datasets/Mosaic_ADL_2x2/Fall/SA23/F02_SA23_R05_T5.0-10.0s.png,1,Fall,SA23
/content/drive/MyDrive/datasets/Mosaic_ADL_2x2/Fall/SA23/F02_SA23_R05_T7.5-12.5s.png,1,Fall,SA23
/content/drive/MyDrive/datasets/Mosaic_ADL_2x2/Fall/SA23/F02_SA23_R05_T10.0-15.0s.png,1,Fall,SA23
/content/drive/MyDrive/datasets/Mosaic_ADL_2x2/Fall/SA23/F03_SA23_R01_T0.0-5.0s.png,1,Fall,SA23
/content/drive/MyDrive/datasets/Mosaic_ADL_2x2/Fall/SA23/F03_SA23_R01_T2.5-7.5s.png,1,Fall,SA23
/content/drive/MyDrive/datasets/Mosaic_ADL_2x2/Fall/SA23/F03_SA23_R01_T5.0-10.0s.png,1,Fall,SA23
/content/drive/MyDrive/datasets/Mosaic_ADL_2x2/Fall/SA23/F03_SA23_R01_T7.5-12.5s.png,1,Fall,SA23
/content/drive/MyDrive/datasets/Mosaic_ADL_2x2/Fall/SA23/F03_SA23_R01_T10.0-15.0s.png,1,Fall,SA23
/content/drive/MyDrive/datasets/Mosaic_ADL_2x2/Fall/SA23/F03_SA23_R02_T0.0-5.0s.png,1,Fall,SA23
/content/drive/MyDrive/datasets/Mosaic_ADL_2x2/Fall/SA23/F03_SA23_R02_T2.5-7.5s.png,1,Fall,SA23
/content/drive/MyDrive/datasets/Mosaic_ADL_2x2/Fall/SA23/F03_SA23_R02_T5.0-10.0s.png,1,Fall,SA23
/content/drive/MyDrive/datasets/Mosaic_ADL_2x2/Fall/SA23/F03_SA23_R02_T7.5-12.5s.png,1,Fall,SA23
/content/drive/MyDrive/datasets/Mosaic_ADL_2x2/Fall/SA23/F03_SA23_R02_T10.0-15.0s.png,1,Fall,SA23
/content/drive/MyDrive/datasets/Mosaic_ADL_2x2/Fall/SA23/F03_SA23_R03_T0.0-5.0s.png,1,Fall,SA23
/content/drive/MyDrive/datasets/Mosaic_ADL_2x2/Fall/SA23/F03_SA23_R03_T2.5-7.5s.png,1,Fall,SA23
/content/drive/MyDrive/datasets/Mosaic_ADL_2x2/Fall/SA23/F03_SA23_R03_T5.0-10.0s.png,1,Fall,SA23
/content/drive/MyDrive/datasets/Mosaic_ADL_2x2/Fall/SA23/F03_SA23_R03_T7.5-12.5s.png,1,Fall,SA23
/content/drive/MyDrive/datasets/Mosaic_ADL_2x2/Fall/SA23/F03_SA23_R03_T10.0-15.0s.png,1,Fall,SA23
/content/drive/MyDrive/datasets/Mosaic_ADL_2x2/Fall/SA23/F03_SA23_R04_T0.0-5.0s.png,1,Fall,SA23
/content/drive/MyDrive/datasets/Mosaic_ADL_2x2/Fall/SA23/F03_SA23_R04_T2.5-7.5s.png,1,Fall,SA23
/content/drive/MyDrive/datasets/Mosaic_ADL_2x2/Fall/SA23/F03_SA23_R04_T5.0-10.0s.png,1,Fall,SA23
/content/drive/MyDrive/datasets/Mosaic_ADL_2x2/Fall/SA23/F03_SA23_R04_T7.5-12.5s.png,1,Fall,SA23
/content/drive/MyDrive/datasets/Mosaic_ADL_2x2/Fall/SA23/F03_SA23_R04_T10.0-15.0s.png,1,Fall,SA23
/content/drive/MyDrive/datasets/Mosaic_ADL_2x2/Fall/SA23/F03_SA23_R05_T0.0-5.0s.png,1,Fall,SA23
/content/drive/MyDrive/datasets/Mosaic_ADL_2x2/Fall/SA23/F03_SA23_R05_T2.5-7.5s.png,1,Fall,SA23
/content/drive/MyDrive/datasets/Mosaic_ADL_2x2/Fall/SA23/F03_SA23_R05_T5.0-10.0s.png,1,Fall,SA23
/content/drive/MyDrive/datasets/Mosaic_ADL_2x2/Fall/SA23/F03_SA23_R05_T7.5-12.5s.png,1,Fall,SA23
/content/drive/MyDrive/datasets/Mosaic_ADL_2x2/Fall/SA23/F03_SA23_R05_T10.0-15.0s.png,1,Fall,SA23
/content/drive/MyDrive/datasets/Mosaic_ADL_2x2/Fall/SA23/F04_SA23_R01_T0.0-5.0s.png,1,Fall,SA23
/content/drive/MyDrive/datasets/Mosaic_ADL_2x2/Fall/SA23/F04_SA23_R01_T2.5-7.5s.png,1,Fall,SA23
/content/drive/MyDrive/datasets/Mosaic_ADL_2x2/Fall/SA23/F04_SA23_R01_T5.0-10.0s.png,1,Fall,SA23
/content/drive/MyDrive/datasets/Mosaic_ADL_2x2/Fall/SA23/F04_SA23_R01_T7.5-12.5s.png,1,Fall,SA23
/content/drive/MyDrive/datasets/Mosaic_ADL_2x2/Fall/SA23/F04_SA23_R01_T10.0-15.0s.png,1,Fall,SA23
/content/drive/MyDrive/datasets/Mosaic_ADL_2x2/Fall/SA23/F04_SA23_R02_T0.0-5.0s.png,1,Fall,SA23
/content/drive/MyDrive/datasets/Mosaic_ADL_2x2/Fall/SA23/F04_SA23_R02_T2.5-7.5s.png,1,Fall,SA23
/content/drive/MyDrive/datasets/Mosaic_ADL_2x2/Fall/SA23/F04_SA23_R02_T5.0-10.0s.png,1,Fall,SA23
/content/drive/MyDrive/datasets/Mosaic_ADL_2x2/Fall/SA23/F04_SA23_R02_T7.5-12.5s.png,1,Fall,SA23
/content/drive/MyDrive/datasets/Mosaic_ADL_2x2/Fall/SA23/F04_SA23_R02_T10.0-15.0s.png,1,Fall,SA23
/content/drive/MyDrive/datasets/Mosaic_ADL_2x2/Fall/SA23/F04_SA23_R03_T0.0-5.0s.png,1,Fall,SA23
/content/drive/MyDrive/datasets/Mosaic_ADL_2x2/Fall/SA23/F04_SA23_R03_T2.5-7.5s.png,1,Fall,SA23
/content/drive/MyDrive/datasets/Mosaic_ADL_2x2/Fall/SA23/F04_SA23_R03_T5.0-10.0s.png,1,Fall,SA23
/content/drive/MyDrive/datasets/Mosaic_ADL_2x2/Fall/SA23/F04_SA23_R03_T7.5-12.5s.png,1,Fall,SA23
/content/drive/MyDrive/datasets/Mosaic_ADL_2x2/Fall/SA23/F04_SA23_R03_T10.0-15.0s.png,1,Fall,SA23
/content/drive/MyDrive/datasets/Mosaic_ADL_2x2/Fall/SA23/F04_SA23_R04_T0.0-5.0s.png,1,Fall,SA23
/content/drive/MyDrive/datasets/Mosaic_ADL_2x2/Fall/SA23/F04_SA23_R04_T2.5-7.5s.png,1,Fall,SA23
/content/drive/MyDrive/datasets/Mosaic_ADL_2x2/Fall/SA23/F04_SA23_R04_T5.0-10.0s.png,1,Fall,SA23
/content/drive/MyDrive/datasets/Mosaic_ADL_2x2/Fall/SA23/F04_SA23_R04_T7.5-12.5s.png,1,Fall,SA23
/content/drive/MyDrive/datasets/Mosaic_ADL_2x2/Fall/SA23/F04_SA23_R04_T10.0-15.0s.png,1,Fall,SA23
/content/drive/MyDrive/datasets/Mosaic_ADL_2x2/Fall/SA23/F04_SA23_R05_T0.0-5.0s.png,1,Fall,SA23
/content/drive/MyDrive/datasets/Mosaic_ADL_2x2/Fall/SA23/F04_SA23_R05_T2.5-7.5s.png,1,Fall,SA23
/content/drive/MyDrive/datasets/Mosaic_ADL_2x2/Fall/SA23/F04_SA23_R05_T5.0-10.0s.png,1,Fall,SA23
/content/drive/MyDrive/datasets/Mosaic_ADL_2x2/Fall/SA23/F04_SA23_R05_T7.5-12.5s.png,1,Fall,SA23
/content/drive/MyDrive/datasets/Mosaic_ADL_2x2/Fall/SA23/F04_SA23_R05_T10.0-15.0s.png,1,Fall,SA23
/content/drive/MyDrive/datasets/Mosaic_ADL_2x2/Fall/SA23/F05_SA23_R01_T0.0-5.0s.png,1,Fall,SA23
/content/drive/MyDrive/datasets/Mosaic_ADL_2x2/Fall/SA23/F05_SA23_R01_T2.5-7.5s.png,1,Fall,SA23
/content/drive/MyDrive/datasets/Mosaic_ADL_2x2/Fall/SA23/F05_SA23_R01_T5.0-10.0s.png,1,Fall,SA23
/content/drive/MyDrive/datasets/Mosaic_ADL_2x2/Fall/SA23/F05_SA23_R01_T7.5-12.5s.png,1,Fall,SA23
/content/drive/MyDrive/datasets/Mosaic_ADL_2x2/Fall/SA23/F05_SA23_R01_T10.0-15.0s.png,1,Fall,SA23
/content/drive/MyDrive/datasets/Mosaic_ADL_2x2/Fall/SA23/F05_SA23_R02_T0.0-5.0s.png,1,Fall,SA23
/content/drive/MyDrive/datasets/Mosaic_ADL_2x2/Fall/SA23/F05_SA23_R02_T2.5-7.5s.png,1,Fall,SA23
/content/drive/MyDrive/datasets/Mosaic_ADL_2x2/Fall/SA23/F05_SA23_R02_T5.0-10.0s.png,1,Fall,SA23
/content/drive/MyDrive/datasets/Mosaic_ADL_2x2/Fall/SA23/F05_SA23_R02_T7.5-12.5s.png,1,Fall,SA23
/content/drive/MyDrive/datasets/Mosaic_ADL_2x2/Fall/SA23/F05_SA23_R02_T10.0-15.0s.png,1,Fall,SA23
/content/drive/MyDrive/datasets/Mosaic_ADL_2x2/Fall/SA23/F05_SA23_R03_T0.0-5.0s.png,1,Fall,SA23
/content/drive/MyDrive/datasets/Mosaic_ADL_2x2/Fall/SA23/F05_SA23_R03_T2.5-7.5s.png,1,Fall,SA23
/content/drive/MyDrive/datasets/Mosaic_ADL_2x2/Fall/SA23/F05_SA23_R03_T5.0-10.0s.png,1,Fall,SA23
/content/drive/MyDrive/datasets/Mosaic_ADL_2x2/Fall/SA23/F05_SA23_R03_T7.5-12.5s.png,1,Fall,SA23
/content/drive/MyDrive/datasets/Mosaic_ADL_2x2/Fall/SA23/F05_SA23_R03_T10.0-15.0s.png,1,Fall,SA23
/content/drive/MyDrive/datasets/Mosaic_ADL_2x2/Fall/SA23/F05_SA23_R04_T0.0-5.0s.png,1,Fall,SA23
/content/drive/MyDrive/datasets/Mosaic_ADL_2x2/Fall/SA23/F05_SA23_R04_T2.5-7.5s.png,1,Fall,SA23
/content/drive/MyDrive/datasets/Mosaic_ADL_2x2/Fall/SA23/F05_SA23_R04_T5.0-10.0s.png,1,Fall,SA23
/content/drive/MyDrive/datasets/Mosaic_ADL_2x2/Fall/SA23/F05_SA23_R04_T7.5-12.5s.png,1,Fall,SA23
/content/drive/MyDrive/datasets/Mosaic_ADL_2x2/Fall/SA23/F05_SA23_R04_T10.0-15.0s.png,1,Fall,SA23
/content/drive/MyDrive/datasets/Mosaic_ADL_2x2/Fall/SA23/F05_SA23_R05_T0.0-5.0s.png,1,Fall,SA23
/content/drive/MyDrive/datasets/Mosaic_ADL_2x2/Fall/SA23/F05_SA23_R05_T2.5-7.5s.png,1,Fall,SA23
/content/drive/MyDrive/datasets/Mosaic_ADL_2x2/Fall/SA23/F05_SA23_R05_T5.0-10.0s.png,1,Fall,SA23
/content/drive/MyDrive/datasets/Mosaic_ADL_2x2/Fall/SA23/F05_SA23_R05_T7.5-12.5s.png,1,Fall,SA23
/content/drive/MyDrive/datasets/Mosaic_ADL_2x2/Fall/SA23/F05_SA23_R05_T10.0-15.0s.png,1,Fall,SA23
/content/drive/MyDrive/datasets/Mosaic_ADL_2x2/Fall/SA23/F06_SA23_R01_T0.0-5.0s.png,1,Fall,SA23
/content/drive/MyDrive/datasets/Mosaic_ADL_2x2/Fall/SA23/F06_SA23_R01_T2.5-7.5s.png,1,Fall,SA23
/content/drive/MyDrive/datasets/Mosaic_ADL_2x2/Fall/SA23/F06_SA23_R01_T5.0-10.0s.png,1,Fall,SA23
/content/drive/MyDrive/datasets/Mosaic_ADL_2x2/Fall/SA23/F06_SA23_R01_T7.5-12.5s.png,1,Fall,SA23
/content/drive/MyDrive/datasets/Mosaic_ADL_2x2/Fall/SA23/F06_SA23_R02_T0.0-5.0s.png,1,Fall,SA23
/content/drive/MyDrive/datasets/Mosaic_ADL_2x2/Fall/SA23/F06_SA23_R02_T2.5-7.5s.png,1,Fall,SA23
/content/drive/MyDrive/datasets/Mosaic_ADL_2x2/Fall/SA23/F06_SA23_R02_T5.0-10.0s.png,1,Fall,SA23
/content/drive/MyDrive/datasets/Mosaic_ADL_2x2/Fall/SA23/F06_SA23_R02_T7.5-12.5s.png,1,Fall,SA23
/content/drive/MyDrive/datasets/Mosaic_ADL_2x2/Fall/SA23/F06_SA23_R02_T10.0-15.0s.png,1,Fall,SA23
/content/drive/MyDrive/datasets/Mosaic_ADL_2x2/Fall/SA23/F06_SA23_R03_T0.0-5.0s.png,1,Fall,SA23
/content/drive/MyDrive/datasets/Mosaic_ADL_2x2/Fall/SA23/F06_SA23_R03_T2.5-7.5s.png,1,Fall,SA23
/content/drive/MyDrive/datasets/Mosaic_ADL_2x2/Fall/SA23/F06_SA23_R03_T5.0-10.0s.png,1,Fall,SA23
/content/drive/MyDrive/datasets/Mosaic_ADL_2x2/Fall/SA23/F06_SA23_R03_T7.5-12.5s.png,1,Fall,SA23
/content/drive/MyDrive/datasets/Mosaic_ADL_2x2/Fall/SA23/F06_SA23_R03_T10.0-15.0s.png,1,Fall,SA23
/content/drive/MyDrive/datasets/Mosaic_ADL_2x2/Fall/SA23/F06_SA23_R04_T0.0-5.0s.png,1,Fall,SA23
/content/drive/MyDrive/datasets/Mosaic_ADL_2x2/Fall/SA23/F06_SA23_R04_T2.5-7.5s.png,1,Fall,SA23
/content/drive/MyDrive/datasets/Mosaic_ADL_2x2/Fall/SA23/F06_SA23_R04_T5.0-10.0s.png,1,Fall,SA23
/content/drive/MyDrive/datasets/Mosaic_ADL_2x2/Fall/SA23/F06_SA23_R04_T7.5-12.5s.png,1,Fall,SA23
/content/drive/MyDrive/datasets/Mosaic_ADL_2x2/Fall/SA23/F06_SA23_R04_T10.0-15.0s.png,1,Fall,SA23
/content/drive/MyDrive/datasets/Mosaic_ADL_2x2/Fall/SA23/F06_SA23_R05_T0.0-5.0s.png,1,Fall,SA23
/content/drive/MyDrive/datasets/Mosaic_ADL_2x2/Fall/SA23/F06_SA23_R05_T2.5-7.5s.png,1,Fall,SA23
/content/drive/MyDrive/datasets/Mosaic_ADL_2x2/Fall/SA23/F06_SA23_R05_T5.0-10.0s.png,1,Fall,SA23
/content/drive/MyDrive/datasets/Mosaic_ADL_2x2/Fall/SA23/F06_SA23_R05_T7.5-12.5s.png,1,Fall,SA23
/content/drive/MyDrive/datasets/Mosaic_ADL_2x2/Fall/SA23/F06_SA23_R05_T10.0-15.0s.png,1,Fall,SA23
/content/drive/MyDrive/datasets/Mosaic_ADL_2x2/Fall/SA23/F07_SA23_R01_T0.0-5.0s.png,1,Fall,SA23
/content/drive/MyDrive/datasets/Mosaic_ADL_2x2/Fall/SA23/F07_SA23_R01_T2.5-7.5s.png,1,Fall,SA23
/content/drive/MyDrive/datasets/Mosaic_ADL_2x2/Fall/SA23/F07_SA23_R01_T5.0-10.0s.png,1,Fall,SA23
/content/drive/MyDrive/datasets/Mosaic_ADL_2x2/Fall/SA23/F07_SA23_R01_T7.5-12.5s.png,1,Fall,SA23
/content/drive/MyDrive/datasets/Mosaic_ADL_2x2/Fall/SA23/F07_SA23_R01_T10.0-15.0s.png,1,Fall,SA23
/content/drive/MyDrive/datasets/Mosaic_ADL_2x2/Fall/SA23/F07_SA23_R02_T0.0-5.0s.png,1,Fall,SA23
/content/drive/MyDrive/datasets/Mosaic_ADL_2x2/Fall/SA23/F07_SA23_R02_T2.5-7.5s.png,1,Fall,SA23
/content/drive/MyDrive/datasets/Mosaic_ADL_2x2/Fall/SA23/F07_SA23_R02_T5.0-10.0s.png,1,Fall,SA23
/content/drive/MyDrive/datasets/Mosaic_ADL_2x2/Fall/SA23/F07_SA23_R02_T7.5-12.5s.png,1,Fall,SA23
/content/drive/MyDrive/datasets/Mosaic_ADL_2x2/Fall/SA23/F07_SA23_R02_T10.0-15.0s.png,1,Fall,SA23
/content/drive/MyDrive/datasets/Mosaic_ADL_2x2/Fall/SA23/F07_SA23_R03_T0.0-5.0s.png,1,Fall,SA23
/content/drive/MyDrive/datasets/Mosaic_ADL_2x2/Fall/SA23/F07_SA23_R03_T2.5-7.5s.png,1,Fall,SA23
/content/drive/MyDrive/datasets/Mosaic_ADL_2x2/Fall/SA23/F07_SA23_R03_T5.0-10.0s.png,1,Fall,SA23
/content/drive/MyDrive/datasets/Mosaic_ADL_2x2/Fall/SA23/F07_SA23_R03_T7.5-12.5s.png,1,Fall,SA23
/content/drive/MyDrive/datasets/Mosaic_ADL_2x2/Fall/SA23/F07_SA23_R03_T10.0-15.0s.png,1,Fall,SA23
/content/drive/MyDrive/datasets/Mosaic_ADL_2x2/Fall/SA23/F07_SA23_R04_T0.0-5.0s.png,1,Fall,SA23
/content/drive/MyDrive/datasets/Mosaic_ADL_2x2/Fall/SA23/F07_SA23_R04_T2.5-7.5s.png,1,Fall,SA23
/content/drive/MyDrive/datasets/Mosaic_ADL_2x2/Fall/SA23/F07_SA23_R04_T5.0-10.0s.png,1,Fall,SA23
/content/drive/MyDrive/datasets/Mosaic_ADL_2x2/Fall/SA23/F07_SA23_R04_T7.5-12.5s.png,1,Fall,SA23
/content/drive/MyDrive/datasets/Mosaic_ADL_2x2/Fall/SA23/F07_SA23_R04_T10.0-15.0s.png,1,Fall,SA23
/content/drive/MyDrive/datasets/Mosaic_ADL_2x2/Fall/SA23/F07_SA23_R05_T0.0-5.0s.png,1,Fall,SA23
/content/drive/MyDrive/datasets/Mosaic_ADL_2x2/Fall/SA23/F07_SA23_R05_T2.5-7.5s.png,1,Fall,SA23
/content/drive/MyDrive/datasets/Mosaic_ADL_2x2/Fall/SA23/F07_SA23_R05_T5.0-10.0s.png,1,Fall,SA23
/content/drive/MyDrive/datasets/Mosaic_ADL_2x2/Fall/SA23/F07_SA23_R05_T7.5-12.5s.png,1,Fall,SA23
/content/drive/MyDrive/datasets/Mosaic_ADL_2x2/Fall/SA23/F07_SA23_R05_T10.0-15.0s.png,1,Fall,SA23
/content/drive/MyDrive/datasets/Mosaic_ADL_2x2/Fall/SA23/F08_SA23_R01_T0.0-5.0s.png,1,Fall,SA23
/content/drive/MyDrive/datasets/Mosaic_ADL_2x2/Fall/SA23/F08_SA23_R01_T2.5-7.5s.png,1,Fall,SA23
/content/drive/MyDrive/datasets/Mosaic_ADL_2x2/Fall/SA23/F08_SA23_R01_T5.0-10.0s.png,1,Fall,SA23
/content/drive/MyDrive/datasets/Mosaic_ADL_2x2/Fall/SA23/F08_SA23_R01_T7.5-12.5s.png,1,Fall,SA23
/content/drive/MyDrive/datasets/Mosaic_ADL_2x2/Fall/SA23/F08_SA23_R01_T10.0-15.0s.png,1,Fall,SA23
/content/drive/MyDrive/datasets/Mosaic_ADL_2x2/Fall/SA23/F08_SA23_R02_T0.0-5.0s.png,1,Fall,SA23
/content/drive/MyDrive/datasets/Mosaic_ADL_2x2/Fall/SA23/F08_SA23_R02_T2.5-7.5s.png,1,Fall,SA23
/content/drive/MyDrive/datasets/Mosaic_ADL_2x2/Fall/SA23/F08_SA23_R02_T5.0-10.0s.png,1,Fall,SA23
/content/drive/MyDrive/datasets/Mosaic_ADL_2x2/Fall/SA23/F08_SA23_R02_T7.5-12.5s.png,1,Fall,SA23
/content/drive/MyDrive/datasets/Mosaic_ADL_2x2/Fall/SA23/F08_SA23_R02_T10.0-15.0s.png,1,Fall,SA23
/content/drive/MyDrive/datasets/Mosaic_ADL_2x2/Fall/SA23/F08_SA23_R03_T0.0-5.0s.png,1,Fall,SA23
/content/drive/MyDrive/datasets/Mosaic_ADL_2x2/Fall/SA23/F08_SA23_R03_T2.5-7.5s.png,1,Fall,SA23
/content/drive/MyDrive/datasets/Mosaic_ADL_2x2/Fall/SA23/F08_SA23_R03_T5.0-10.0s.png,1,Fall,SA23
/content/drive/MyDrive/datasets/Mosaic_ADL_2x2/Fall/SA23/F08_SA23_R03_T7.5-12.5s.png,1,Fall,SA23
/content/drive/MyDrive/datasets/Mosaic_ADL_2x2/Fall/SA23/F08_SA23_R03_T10.0-15.0s.png,1,Fall,SA23
/content/drive/MyDrive/datasets/Mosaic_ADL_2x2/Fall/SA23/F08_SA23_R04_T0.0-5.0s.png,1,Fall,SA23
/content/drive/MyDrive/datasets/Mosaic_ADL_2x2/Fall/SA23/F08_SA23_R04_T2.5-7.5s.png,1,Fall,SA23
/content/drive/MyDrive/datasets/Mosaic_ADL_2x2/Fall/SA23/F08_SA23_R04_T5.0-10.0s.png,1,Fall,SA23
/content/drive/MyDrive/datasets/Mosaic_ADL_2x2/Fall/SA23/F08_SA23_R04_T7.5-12.5s.png,1,Fall,SA23
/content/drive/MyDrive/datasets/Mosaic_ADL_2x2/Fall/SA23/F08_SA23_R04_T10.0-15.0s.png,1,Fall,SA23
/content/drive/MyDrive/datasets/Mosaic_ADL_2x2/Fall/SA23/F08_SA23_R05_T0.0-5.0s.png,1,Fall,SA23
/content/drive/MyDrive/datasets/Mosaic_ADL_2x2/Fall/SA23/F08_SA23_R05_T2.5-7.5s.png,1,Fall,SA23
/content/drive/MyDrive/datasets/Mosaic_ADL_2x2/Fall/SA23/F08_SA23_R05_T5.0-10.0s.png,1,Fall,SA23
/content/drive/MyDrive/datasets/Mosaic_ADL_2x2/Fall/SA23/F08_SA23_R05_T7.5-12.5s.png,1,Fall,SA23
/content/drive/MyDrive/datasets/Mosaic_ADL_2x2/Fall/SA23/F08_SA23_R05_T10.0-15.0s.png,1,Fall,SA23
/content/drive/MyDrive/datasets/Mosaic_ADL_2x2/Fall/SA23/F09_SA23_R01_T0.0-5.0s.png,1,Fall,SA23
/content/drive/MyDrive/datasets/Mosaic_ADL_2x2/Fall/SA23/F09_SA23_R01_T2.5-7.5s.png,1,Fall,SA23
/content/drive/MyDrive/datasets/Mosaic_ADL_2x2/Fall/SA23/F09_SA23_R01_T5.0-10.0s.png,1,Fall,SA23
/content/drive/MyDrive/datasets/Mosaic_ADL_2x2/Fall/SA23/F09_SA23_R01_T7.5-12.5s.png,1,Fall,SA23
/content/drive/MyDrive/datasets/Mosaic_ADL_2x2/Fall/SA23/F09_SA23_R01_T10.0-15.0s.png,1,Fall,SA23
/content/drive/MyDrive/datasets/Mosaic_ADL_2x2/Fall/SA23/F09_SA23_R02_T0.0-5.0s.png,1,Fall,SA23
/content/drive/MyDrive/datasets/Mosaic_ADL_2x2/Fall/SA23/F09_SA23_R02_T2.5-7.5s.png,1,Fall,SA23
/content/drive/MyDrive/datasets/Mosaic_ADL_2x2/Fall/SA23/F09_SA23_R02_T5.0-10.0s.png,1,Fall,SA23
/content/drive/MyDrive/datasets/Mosaic_ADL_2x2/Fall/SA23/F09_SA23_R02_T7.5-12.5s.png,1,Fall,SA23
/content/drive/MyDrive/datasets/Mosaic_ADL_2x2/Fall/SA23/F09_SA23_R02_T10.0-15.0s.png,1,Fall,SA23
/content/drive/MyDrive/datasets/Mosaic_ADL_2x2/Fall/SA23/F09_SA23_R03_T0.0-5.0s.png,1,Fall,SA23
/content/drive/MyDrive/datasets/Mosaic_ADL_2x2/Fall/SA23/F09_SA23_R03_T2.5-7.5s.png,1,Fall,SA23
/content/drive/MyDrive/datasets/Mosaic_ADL_2x2/Fall/SA23/F09_SA23_R03_T5.0-10.0s.png,1,Fall,SA23
/content/drive/MyDrive/datasets/Mosaic_ADL_2x2/Fall/SA23/F09_SA23_R03_T7.5-12.5s.png,1,Fall,SA23
/content/drive/MyDrive/datasets/Mosaic_ADL_2x2/Fall/SA23/F09_SA23_R03_T10.0-15.0s.png,1,Fall,SA23
/content/drive/MyDrive/datasets/Mosaic_ADL_2x2/Fall/SA23/F09_SA23_R04_T0.0-5.0s.png,1,Fall,SA23
/content/drive/MyDrive/datasets/Mosaic_ADL_2x2/Fall/SA23/F09_SA23_R04_T2.5-7.5s.png,1,Fall,SA23
/content/drive/MyDrive/datasets/Mosaic_ADL_2x2/Fall/SA23/F09_SA23_R04_T5.0-10.0s.png,1,Fall,SA23
/content/drive/MyDrive/datasets/Mosaic_ADL_2x2/Fall/SA23/F09_SA23_R04_T7.5-12.5s.png,1,Fall,SA23
/content/drive/MyDrive/datasets/Mosaic_ADL_2x2/Fall/SA23/F09_SA23_R04_T10.0-15.0s.png,1,Fall,SA23
/content/drive/MyDrive/datasets/Mosaic_ADL_2x2/Fall/SA23/F09_SA23_R05_T0.0-5.0s.png,1,Fall,SA23
/content/drive/MyDrive/datasets/Mosaic_ADL_2x2/Fall/SA23/F09_SA23_R05_T2.5-7.5s.png,1,Fall,SA23
/content/drive/MyDrive/datasets/Mosaic_ADL_2x2/Fall/SA23/F09_SA23_R05_T5.0-10.0s.png,1,Fall,SA23
/content/drive/MyDrive/datasets/Mosaic_ADL_2x2/Fall/SA23/F09_SA23_R05_T7.5-12.5s.png,1,Fall,SA23
/content/drive/MyDrive/datasets/Mosaic_ADL_2x2/Fall/SA23/F09_SA23_R05_T10.0-15.0s.png,1,Fall,SA23
/content/drive/MyDrive/datasets/Mosaic_ADL_2x2/Fall/SA23/F10_SA23_R01_T0.0-5.0s.png,1,Fall,SA23
/content/drive/MyDrive/datasets/Mosaic_ADL_2x2/Fall/SA23/F10_SA23_R01_T2.5-7.5s.png,1,Fall,SA23
/content/drive/MyDrive/datasets/Mosaic_ADL_2x2/Fall/SA23/F10_SA23_R01_T5.0-10.0s.png,1,Fall,SA23
/content/drive/MyDrive/datasets/Mosaic_ADL_2x2/Fall/SA23/F10_SA23_R01_T7.5-12.5s.png,1,Fall,SA23
/content/drive/MyDrive/datasets/Mosaic_ADL_2x2/Fall/SA23/F10_SA23_R01_T10.0-15.0s.png,1,Fall,SA23
/content/drive/MyDrive/datasets/Mosaic_ADL_2x2/Fall/SA23/F10_SA23_R02_T0.0-5.0s.png,1,Fall,SA23
/content/drive/MyDrive/datasets/Mosaic_ADL_2x2/Fall/SA23/F10_SA23_R02_T2.5-7.5s.png,1,Fall,SA23
/content/drive/MyDrive/datasets/Mosaic_ADL_2x2/Fall/SA23/F10_SA23_R02_T5.0-10.0s.png,1,Fall,SA23
/content/drive/MyDrive/datasets/Mosaic_ADL_2x2/Fall/SA23/F10_SA23_R02_T7.5-12.5s.png,1,Fall,SA23
/content/drive/MyDrive/datasets/Mosaic_ADL_2x2/Fall/SA23/F10_SA23_R02_T10.0-15.0s.png,1,Fall,SA23
/content/drive/MyDrive/datasets/Mosaic_ADL_2x2/Fall/SA23/F10_SA23_R03_T0.0-5.0s.png,1,Fall,SA23
/content/drive/MyDrive/datasets/Mosaic_ADL_2x2/Fall/SA23/F10_SA23_R03_T2.5-7.5s.png,1,Fall,SA23
/content/drive/MyDrive/datasets/Mosaic_ADL_2x2/Fall/SA23/F10_SA23_R03_T5.0-10.0s.png,1,Fall,SA23
/content/drive/MyDrive/datasets/Mosaic_ADL_2x2/Fall/SA23/F10_SA23_R03_T7.5-12.5s.png,1,Fall,SA23
/content/drive/MyDrive/datasets/Mosaic_ADL_2x2/Fall/SA23/F10_SA23_R03_T10.0-15.0s.png,1,Fall,SA23
/content/drive/MyDrive/datasets/Mosaic_ADL_2x2/Fall/SA23/F10_SA23_R04_T0.0-5.0s.png,1,Fall,SA23
/content/drive/MyDrive/datasets/Mosaic_ADL_2x2/Fall/SA23/F10_SA23_R04_T2.5-7.5s.png,1,Fall,SA23
/content/drive/MyDrive/datasets/Mosaic_ADL_2x2/Fall/SA23/F10_SA23_R04_T5.0-10.0s.png,1,Fall,SA23
/content/drive/MyDrive/datasets/Mosaic_ADL_2x2/Fall/SA23/F10_SA23_R04_T7.5-12.5s.png,1,Fall,SA23
/content/drive/MyDrive/datasets/Mosaic_ADL_2x2/Fall/SA23/F10_SA23_R04_T10.0-15.0s.png,1,Fall,SA23
/content/drive/MyDrive/datasets/Mosaic_ADL_2x2/Fall/SA23/F10_SA23_R05_T0.0-5.0s.png,1,Fall,SA23
/content/drive/MyDrive/datasets/Mosaic_ADL_2x2/Fall/SA23/F10_SA23_R05_T2.5-7.5s.png,1,Fall,SA23
/content/drive/MyDrive/datasets/Mosaic_ADL_2x2/Fall/SA23/F10_SA23_R05_T5.0-10.0s.png,1,Fall,SA23
/content/drive/MyDrive/datasets/Mosaic_ADL_2x2/Fall/SA23/F10_SA23_R05_T7.5-12.5s.png,1,Fall,SA23
/content/drive/MyDrive/datasets/Mosaic_ADL_2x2/Fall/SA23/F10_SA23_R05_T10.0-15.0s.png,1,Fall,SA23
/content/drive/MyDrive/datasets/Mosaic_ADL_2x2/Fall/SA23/F11_SA23_R01_T0.0-5.0s.png,1,Fall,SA23
/content/drive/MyDrive/datasets/Mosaic_ADL_2x2/Fall/SA23/F11_SA23_R01_T2.5-7.5s.png,1,Fall,SA23
/content/drive/MyDrive/datasets/Mosaic_ADL_2x2/Fall/SA23/F11_SA23_R01_T5.0-10.0s.png,1,Fall,SA23
/content/drive/MyDrive/datasets/Mosaic_ADL_2x2/Fall/SA23/F11_SA23_R01_T7.5-12.5s.png,1,Fall,SA23
/content/drive/MyDrive/datasets/Mosaic_ADL_2x2/Fall/SA23/F11_SA23_R01_T10.0-15.0s.png,1,Fall,SA23
/content/drive/MyDrive/datasets/Mosaic_ADL_2x2/Fall/SA23/F11_SA23_R02_T0.0-5.0s.png,1,Fall,SA23
/content/drive/MyDrive/datasets/Mosaic_ADL_2x2/Fall/SA23/F11_SA23_R02_T2.5-7.5s.png,1,Fall,SA23
/content/drive/MyDrive/datasets/Mosaic_ADL_2x2/Fall/SA23/F11_SA23_R02_T5.0-10.0s.png,1,Fall,SA23
/content/drive/MyDrive/datasets/Mosaic_ADL_2x2/Fall/SA23/F11_SA23_R02_T7.5-12.5s.png,1,Fall,SA23
/content/drive/MyDrive/datasets/Mosaic_ADL_2x2/Fall/SA23/F11_SA23_R02_T10.0-15.0s.png,1,Fall,SA23
/content/drive/MyDrive/datasets/Mosaic_ADL_2x2/Fall/SA23/F11_SA23_R03_T0.0-5.0s.png,1,Fall,SA23
/content/drive/MyDrive/datasets/Mosaic_ADL_2x2/Fall/SA23/F11_SA23_R03_T2.5-7.5s.png,1,Fall,SA23
/content/drive/MyDrive/datasets/Mosaic_ADL_2x2/Fall/SA23/F11_SA23_R03_T5.0-10.0s.png,1,Fall,SA23
/content/drive/MyDrive/datasets/Mosaic_ADL_2x2/Fall/SA23/F11_SA23_R03_T7.5-12.5s.png,1,Fall,SA23
/content/drive/MyDrive/datasets/Mosaic_ADL_2x2/Fall/SA23/F11_SA23_R03_T10.0-15.0s.png,1,Fall,SA23
/content/drive/MyDrive/datasets/Mosaic_ADL_2x2/Fall/SA23/F11_SA23_R04_T0.0-5.0s.png,1,Fall,SA23
/content/drive/MyDrive/datasets/Mosaic_ADL_2x2/Fall/SA23/F11_SA23_R04_T2.5-7.5s.png,1,Fall,SA23
/content/drive/MyDrive/datasets/Mosaic_ADL_2x2/Fall/SA23/F11_SA23_R04_T5.0-10.0s.png,1,Fall,SA23
/content/drive/MyDrive/datasets/Mosaic_ADL_2x2/Fall/SA23/F11_SA23_R04_T7.5-12.5s.png,1,Fall,SA23
/content/drive/MyDrive/datasets/Mosaic_ADL_2x2/Fall/SA23/F11_SA23_R04_T10.0-15.0s.png,1,Fall,SA23
/content/drive/MyDrive/datasets/Mosaic_ADL_2x2/Fall/SA23/F11_SA23_R05_T0.0-5.0s.png,1,Fall,SA23
/content/drive/MyDrive/datasets/Mosaic_ADL_2x2/Fall/SA23/F11_SA23_R05_T2.5-7.5s.png,1,Fall,SA23
/content/drive/MyDrive/datasets/Mosaic_ADL_2x2/Fall/SA23/F11_SA23_R05_T5.0-10.0s.png,1,Fall,SA23
/content/drive/MyDrive/datasets/Mosaic_ADL_2x2/Fall/SA23/F11_SA23_R05_T7.5-12.5s.png,1,Fall,SA23
/content/drive/MyDrive/datasets/Mosaic_ADL_2x2/Fall/SA23/F11_SA23_R05_T10.0-15.0s.png,1,Fall,SA23
/content/drive/MyDrive/datasets/Mosaic_ADL_2x2/Fall/SA23/F12_SA23_R01_T0.0-5.0s.png,1,Fall,SA23
/content/drive/MyDrive/datasets/Mosaic_ADL_2x2/Fall/SA23/F12_SA23_R01_T2.5-7.5s.png,1,Fall,SA23
/content/drive/MyDrive/datasets/Mosaic_ADL_2x2/Fall/SA23/F12_SA23_R01_T5.0-10.0s.png,1,Fall,SA23
/content/drive/MyDrive/datasets/Mosaic_ADL_2x2/Fall/SA23/F12_SA23_R01_T7.5-12.5s.png,1,Fall,SA23
/content/drive/MyDrive/datasets/Mosaic_ADL_2x2/Fall/SA23/F12_SA23_R01_T10.0-15.0s.png,1,Fall,SA23
/content/drive/MyDrive/datasets/Mosaic_ADL_2x2/Fall/SA23/F12_SA23_R02_T0.0-5.0s.png,1,Fall,SA23
/content/drive/MyDrive/datasets/Mosaic_ADL_2x2/Fall/SA23/F12_SA23_R02_T2.5-7.5s.png,1,Fall,SA23
/content/drive/MyDrive/datasets/Mosaic_ADL_2x2/Fall/SA23/F12_SA23_R02_T5.0-10.0s.png,1,Fall,SA23
/content/drive/MyDrive/datasets/Mosaic_ADL_2x2/Fall/SA23/F12_SA23_R02_T7.5-12.5s.png,1,Fall,SA23
/content/drive/MyDrive/datasets/Mosaic_ADL_2x2/Fall/SA23/F12_SA23_R02_T10.0-15.0s.png,1,Fall,SA23
/content/drive/MyDrive/datasets/Mosaic_ADL_2x2/Fall/SA23/F12_SA23_R03_T0.0-5.0s.png,1,Fall,SA23
/content/drive/MyDrive/datasets/Mosaic_ADL_2x2/Fall/SA23/F12_SA23_R03_T2.5-7.5s.png,1,Fall,SA23
/content/drive/MyDrive/datasets/Mosaic_ADL_2x2/Fall/SA23/F12_SA23_R03_T5.0-10.0s.png,1,Fall,SA23
/content/drive/MyDrive/datasets/Mosaic_ADL_2x2/Fall/SA23/F12_SA23_R03_T7.5-12.5s.png,1,Fall,SA23
/content/drive/MyDrive/datasets/Mosaic_ADL_2x2/Fall/SA23/F12_SA23_R03_T10.0-15.0s.png,1,Fall,SA23
/content/drive/MyDrive/datasets/Mosaic_ADL_2x2/Fall/SA23/F12_SA23_R04_T0.0-5.0s.png,1,Fall,SA23
/content/drive/MyDrive/datasets/Mosaic_ADL_2x2/Fall/SA23/F12_SA23_R04_T2.5-7.5s.png,1,Fall,SA23
/content/drive/MyDrive/datasets/Mosaic_ADL_2x2/Fall/SA23/F12_SA23_R04_T5.0-10.0s.png,1,Fall,SA23
/content/drive/MyDrive/datasets/Mosaic_ADL_2x2/Fall/SA23/F12_SA23_R04_T7.5-12.5s.png,1,Fall,SA23
/content/drive/MyDrive/datasets/Mosaic_ADL_2x2/Fall/SA23/F12_SA23_R04_T10.0-15.0s.png,1,Fall,SA23
/content/drive/MyDrive/datasets/Mosaic_ADL_2x2/Fall/SA23/F12_SA23_R05_T0.0-5.0s.png,1,Fall,SA23
/content/drive/MyDrive/datasets/Mosaic_ADL_2x2/Fall/SA23/F12_SA23_R05_T2.5-7.5s.png,1,Fall,SA23
/content/drive/MyDrive/datasets/Mosaic_ADL_2x2/Fall/SA23/F12_SA23_R05_T5.0-10.0s.png,1,Fall,SA23
/content/drive/MyDrive/datasets/Mosaic_ADL_2x2/Fall/SA23/F12_SA23_R05_T7.5-12.5s.png,1,Fall,SA23
/content/drive/MyDrive/datasets/Mosaic_ADL_2x2/Fall/SA23/F12_SA23_R05_T10.0-15.0s.png,1,Fall,SA23
/content/drive/MyDrive/datasets/Mosaic_ADL_2x2/Fall/SA23/F13_SA23_R01_T0.0-5.0s.png,1,Fall,SA23
/content/drive/MyDrive/datasets/Mosaic_ADL_2x2/Fall/SA23/F13_SA23_R01_T2.5-7.5s.png,1,Fall,SA23
/content/drive/MyDrive/datasets/Mosaic_ADL_2x2/Fall/SA23/F13_SA23_R01_T5.0-10.0s.png,1,Fall,SA23
/content/drive/MyDrive/datasets/Mosaic_ADL_2x2/Fall/SA23/F13_SA23_R01_T7.5-12.5s.png,1,Fall,SA23
/content/drive/MyDrive/datasets/Mosaic_ADL_2x2/Fall/SA23/F13_SA23_R01_T10.0-15.0s.png,1,Fall,SA23
/content/drive/MyDrive/datasets/Mosaic_ADL_2x2/Fall/SA23/F13_SA23_R02_T0.0-5.0s.png,1,Fall,SA23
/content/drive/MyDrive/datasets/Mosaic_ADL_2x2/Fall/SA23/F13_SA23_R02_T2.5-7.5s.png,1,Fall,SA23
/content/drive/MyDrive/datasets/Mosaic_ADL_2x2/Fall/SA23/F13_SA23_R02_T5.0-10.0s.png,1,Fall,SA23
/content/drive/MyDrive/datasets/Mosaic_ADL_2x2/Fall/SA23/F13_SA23_R02_T7.5-12.5s.png,1,Fall,SA23
/content/drive/MyDrive/datasets/Mosaic_ADL_2x2/Fall/SA23/F13_SA23_R02_T10.0-15.0s.png,1,Fall,SA23
/content/drive/MyDrive/datasets/Mosaic_ADL_2x2/Fall/SA23/F13_SA23_R03_T0.0-5.0s.png,1,Fall,SA23
/content/drive/MyDrive/datasets/Mosaic_ADL_2x2/Fall/SA23/F13_SA23_R03_T2.5-7.5s.png,1,Fall,SA23
/content/drive/MyDrive/datasets/Mosaic_ADL_2x2/Fall/SA23/F13_SA23_R03_T5.0-10.0s.png,1,Fall,SA23
/content/drive/MyDrive/datasets/Mosaic_ADL_2x2/Fall/SA23/F13_SA23_R03_T7.5-12.5s.png,1,Fall,SA23
/content/drive/MyDrive/datasets/Mosaic_ADL_2x2/Fall/SA23/F13_SA23_R03_T10.0-15.0s.png,1,Fall,SA23
/content/drive/MyDrive/datasets/Mosaic_ADL_2x2/Fall/SA23/F13_SA23_R04_T0.0-5.0s.png,1,Fall,SA23
/content/drive/MyDrive/datasets/Mosaic_ADL_2x2/Fall/SA23/F13_SA23_R04_T2.5-7.5s.png,1,Fall,SA23
/content/drive/MyDrive/datasets/Mosaic_ADL_2x2/Fall/SA23/F13_SA23_R04_T5.0-10.0s.png,1,Fall,SA23
/content/drive/MyDrive/datasets/Mosaic_ADL_2x2/Fall/SA23/F13_SA23_R04_T7.5-12.5s.png,1,Fall,SA23
/content/drive/MyDrive/datasets/Mosaic_ADL_2x2/Fall/SA23/F13_SA23_R04_T10.0-15.0s.png,1,Fall,SA23
/content/drive/MyDrive/datasets/Mosaic_ADL_2x2/Fall/SA23/F13_SA23_R05_T0.0-5.0s.png,1,Fall,SA23
/content/drive/MyDrive/datasets/Mosaic_ADL_2x2/Fall/SA23/F13_SA23_R05_T2.5-7.5s.png,1,Fall,SA23
/content/drive/MyDrive/datasets/Mosaic_ADL_2x2/Fall/SA23/F13_SA23_R05_T5.0-10.0s.png,1,Fall,SA23
/content/drive/MyDrive/datasets/Mosaic_ADL_2x2/Fall/SA23/F13_SA23_R05_T7.5-12.5s.png,1,Fall,SA23
/content/drive/MyDrive/datasets/Mosaic_ADL_2x2/Fall/SA23/F13_SA23_R05_T10.0-15.0s.png,1,Fall,SA23
/content/drive/MyDrive/datasets/Mosaic_ADL_2x2/Fall/SA23/F14_SA23_R01_T0.0-5.0s.png,1,Fall,SA23
/content/drive/MyDrive/datasets/Mosaic_ADL_2x2/Fall/SA23/F14_SA23_R01_T2.5-7.5s.png,1,Fall,SA23
/content/drive/MyDrive/datasets/Mosaic_ADL_2x2/Fall/SA23/F14_SA23_R01_T5.0-10.0s.png,1,Fall,SA23
/content/drive/MyDrive/datasets/Mosaic_ADL_2x2/Fall/SA23/F14_SA23_R01_T7.5-12.5s.png,1,Fall,SA23
/content/drive/MyDrive/datasets/Mosaic_ADL_2x2/Fall/SA23/F14_SA23_R01_T10.0-15.0s.png,1,Fall,SA23
/content/drive/MyDrive/datasets/Mosaic_ADL_2x2/Fall/SA23/F14_SA23_R02_T0.0-5.0s.png,1,Fall,SA23
/content/drive/MyDrive/datasets/Mosaic_ADL_2x2/Fall/SA23/F14_SA23_R02_T2.5-7.5s.png,1,Fall,SA23
/content/drive/MyDrive/datasets/Mosaic_ADL_2x2/Fall/SA23/F14_SA23_R02_T5.0-10.0s.png,1,Fall,SA23
/content/drive/MyDrive/datasets/Mosaic_ADL_2x2/Fall/SA23/F14_SA23_R02_T7.5-12.5s.png,1,Fall,SA23
/content/drive/MyDrive/datasets/Mosaic_ADL_2x2/Fall/SA23/F14_SA23_R02_T10.0-15.0s.png,1,Fall,SA23
/content/drive/MyDrive/datasets/Mosaic_ADL_2x2/Fall/SA23/F14_SA23_R03_T0.0-5.0s.png,1,Fall,SA23
/content/drive/MyDrive/datasets/Mosaic_ADL_2x2/Fall/SA23/F14_SA23_R03_T2.5-7.5s.png,1,Fall,SA23
/content/drive/MyDrive/datasets/Mosaic_ADL_2x2/Fall/SA23/F14_SA23_R03_T5.0-10.0s.png,1,Fall,SA23
/content/drive/MyDrive/datasets/Mosaic_ADL_2x2/Fall/SA23/F14_SA23_R03_T7.5-12.5s.png,1,Fall,SA23
/content/drive/MyDrive/datasets/Mosaic_ADL_2x2/Fall/SA23/F14_SA23_R03_T10.0-15.0s.png,1,Fall,SA23
/content/drive/MyDrive/datasets/Mosaic_ADL_2x2/Fall/SA23/F14_SA23_R04_T0.0-5.0s.png,1,Fall,SA23
/content/drive/MyDrive/datasets/Mosaic_ADL_2x2/Fall/SA23/F14_SA23_R04_T2.5-7.5s.png,1,Fall,SA23
/content/drive/MyDrive/datasets/Mosaic_ADL_2x2/Fall/SA23/F14_SA23_R04_T5.0-10.0s.png,1,Fall,SA23
/content/drive/MyDrive/datasets/Mosaic_ADL_2x2/Fall/SA23/F14_SA23_R04_T7.5-12.5s.png,1,Fall,SA23
/content/drive/MyDrive/datasets/Mosaic_ADL_2x2/Fall/SA23/F14_SA23_R04_T10.0-15.0s.png,1,Fall,SA23
/content/drive/MyDrive/datasets/Mosaic_ADL_2x2/Fall/SA23/F14_SA23_R05_T0.0-5.0s.png,1,Fall,SA23
/content/drive/MyDrive/datasets/Mosaic_ADL_2x2/Fall/SA23/F14_SA23_R05_T2.5-7.5s.png,1,Fall,SA23
/content/drive/MyDrive/datasets/Mosaic_ADL_2x2/Fall/SA23/F14_SA23_R05_T5.0-10.0s.png,1,Fall,SA23
/content/drive/MyDrive/datasets/Mosaic_ADL_2x2/Fall/SA23/F14_SA23_R05_T7.5-12.5s.png,1,Fall,SA23
/content/drive/MyDrive/datasets/Mosaic_ADL_2x2/Fall/SA23/F14_SA23_R05_T10.0-15.0s.png,1,Fall,SA23
/content/drive/MyDrive/datasets/Mosaic_ADL_2x2/Fall/SA23/F15_SA23_R01_T0.0-5.0s.png,1,Fall,SA23
/content/drive/MyDrive/datasets/Mosaic_ADL_2x2/Fall/SA23/F15_SA23_R01_T2.5-7.5s.png,1,Fall,SA23
/content/drive/MyDrive/datasets/Mosaic_ADL_2x2/Fall/SA23/F15_SA23_R01_T5.0-10.0s.png,1,Fall,SA23
/content/drive/MyDrive/datasets/Mosaic_ADL_2x2/Fall/SA23/F15_SA23_R01_T7.5-12.5s.png,1,Fall,SA23
/content/drive/MyDrive/datasets/Mosaic_ADL_2x2/Fall/SA23/F15_SA23_R01_T10.0-15.0s.png,1,Fall,SA23
/content/drive/MyDrive/datasets/Mosaic_ADL_2x2/Fall/SA23/F15_SA23_R02_T0.0-5.0s.png,1,Fall,SA23
/content/drive/MyDrive/datasets/Mosaic_ADL_2x2/Fall/SA23/F15_SA23_R02_T2.5-7.5s.png,1,Fall,SA23
/content/drive/MyDrive/datasets/Mosaic_ADL_2x2/Fall/SA23/F15_SA23_R02_T5.0-10.0s.png,1,Fall,SA23
/content/drive/MyDrive/datasets/Mosaic_ADL_2x2/Fall/SA23/F15_SA23_R02_T7.5-12.5s.png,1,Fall,SA23
/content/drive/MyDrive/datasets/Mosaic_ADL_2x2/Fall/SA23/F15_SA23_R02_T10.0-15.0s.png,1,Fall,SA23
/content/drive/MyDrive/datasets/Mosaic_ADL_2x2/Fall/SA23/F15_SA23_R03_T0.0-5.0s.png,1,Fall,SA23
/content/drive/MyDrive/datasets/Mosaic_ADL_2x2/Fall/SA23/F15_SA23_R03_T2.5-7.5s.png,1,Fall,SA23
/content/drive/MyDrive/datasets/Mosaic_ADL_2x2/Fall/SA23/F15_SA23_R03_T5.0-10.0s.png,1,Fall,SA23
/content/drive/MyDrive/datasets/Mosaic_ADL_2x2/Fall/SA23/F15_SA23_R03_T7.5-12.5s.png,1,Fall,SA23
/content/drive/MyDrive/datasets/Mosaic_ADL_2x2/Fall/SA23/F15_SA23_R03_T10.0-15.0s.png,1,Fall,SA23
/content/drive/MyDrive/datasets/Mosaic_ADL_2x2/Fall/SA23/F15_SA23_R04_T0.0-5.0s.png,1,Fall,SA23
/content/drive/MyDrive/datasets/Mosaic_ADL_2x2/Fall/SA23/F15_SA23_R04_T2.5-7.5s.png,1,Fall,SA23
/content/drive/MyDrive/datasets/Mosaic_ADL_2x2/Fall/SA23/F15_SA23_R04_T5.0-10.0s.png,1,Fall,SA23
/content/drive/MyDrive/datasets/Mosaic_ADL_2x2/Fall/SA23/F15_SA23_R04_T7.5-12.5s.png,1,Fall,SA23
/content/drive/MyDrive/datasets/Mosaic_ADL_2x2/Fall/SA23/F15_SA23_R04_T10.0-15.0s.png,1,Fall,SA23
/content/drive/MyDrive/datasets/Mosaic_ADL_2x2/Fall/SA23/F15_SA23_R05_T0.0-5.0s.png,1,Fall,SA23
/content/drive/MyDrive/datasets/Mosaic_ADL_2x2/Fall/SA23/F15_SA23_R05_T2.5-7.5s.png,1,Fall,SA23
/content/drive/MyDrive/datasets/Mosaic_ADL_2x2/Fall/SA23/F15_SA23_R05_T5.0-10.0s.png,1,Fall,SA23
/content/drive/MyDrive/datasets/Mosaic_ADL_2x2/Fall/SA23/F15_SA23_R05_T7.5-12.5s.png,1,Fall,SA23
/content/drive/MyDrive/datasets/Mosaic_ADL_2x2/Fall/SA23/F15_SA23_R05_T10.0-15.0s.png,1,Fall,SA23
/content/drive/MyDrive/datasets/Mosaic_ADL_2x2/Fall/SA06/F01_SA06_R01_T0.0-5.0s.png,1,Fall,SA06
/content/drive/MyDrive/datasets/Mosaic_ADL_2x2/Fall/SA06/F01_SA06_R01_T2.5-7.5s.png,1,Fall,SA06
/content/drive/MyDrive/datasets/Mosaic_ADL_2x2/Fall/SA06/F01_SA06_R01_T5.0-10.0s.png,1,Fall,SA06
/content/drive/MyDrive/datasets/Mosaic_ADL_2x2/Fall/SA06/F01_SA06_R01_T7.5-12.5s.png,1,Fall,SA06
/content/drive/MyDrive/datasets/Mosaic_ADL_2x2/Fall/SA06/F01_SA06_R02_T0.0-5.0s.png,1,Fall,SA06
/content/drive/MyDrive/datasets/Mosaic_ADL_2x2/Fall/SA06/F01_SA06_R02_T2.5-7.5s.png,1,Fall,SA06
/content/drive/MyDrive/datasets/Mosaic_ADL_2x2/Fall/SA06/F01_SA06_R02_T5.0-10.0s.png,1,Fall,SA06
/content/drive/MyDrive/datasets/Mosaic_ADL_2x2/Fall/SA06/F01_SA06_R02_T7.5-12.5s.png,1,Fall,SA06
/content/drive/MyDrive/datasets/Mosaic_ADL_2x2/Fall/SA06/F01_SA06_R02_T10.0-15.0s.png,1,Fall,SA06
/content/drive/MyDrive/datasets/Mosaic_ADL_2x2/Fall/SA06/F01_SA06_R03_T0.0-5.0s.png,1,Fall,SA06
/content/drive/MyDrive/datasets/Mosaic_ADL_2x2/Fall/SA06/F01_SA06_R03_T2.5-7.5s.png,1,Fall,SA06
/content/drive/MyDrive/datasets/Mosaic_ADL_2x2/Fall/SA06/F01_SA06_R03_T5.0-10.0s.png,1,Fall,SA06
/content/drive/MyDrive/datasets/Mosaic_ADL_2x2/Fall/SA06/F01_SA06_R03_T7.5-12.5s.png,1,Fall,SA06
/content/drive/MyDrive/datasets/Mosaic_ADL_2x2/Fall/SA06/F01_SA06_R03_T10.0-15.0s.png,1,Fall,SA06
/content/drive/MyDrive/datasets/Mosaic_ADL_2x2/Fall/SA06/F01_SA06_R04_T0.0-5.0s.png,1,Fall,SA06
/content/drive/MyDrive/datasets/Mosaic_ADL_2x2/Fall/SA06/F01_SA06_R04_T2.5-7.5s.png,1,Fall,SA06
/content/drive/MyDrive/datasets/Mosaic_ADL_2x2/Fall/SA06/F01_SA06_R04_T5.0-10.0s.png,1,Fall,SA06
/content/drive/MyDrive/datasets/Mosaic_ADL_2x2/Fall/SA06/F01_SA06_R04_T7.5-12.5s.png,1,Fall,SA06
/content/drive/MyDrive/datasets/Mosaic_ADL_2x2/Fall/SA06/F01_SA06_R05_T0.0-5.0s.png,1,Fall,SA06
/content/drive/MyDrive/datasets/Mosaic_ADL_2x2/Fall/SA06/F01_SA06_R05_T2.5-7.5s.png,1,Fall,SA06
/content/drive/MyDrive/datasets/Mosaic_ADL_2x2/Fall/SA06/F01_SA06_R05_T5.0-10.0s.png,1,Fall,SA06
/content/drive/MyDrive/datasets/Mosaic_ADL_2x2/Fall/SA06/F01_SA06_R05_T7.5-12.5s.png,1,Fall,SA06
/content/drive/MyDrive/datasets/Mosaic_ADL_2x2/Fall/SA06/F01_SA06_R05_T10.0-15.0s.png,1,Fall,SA06
/content/drive/MyDrive/datasets/Mosaic_ADL_2x2/Fall/SA06/F02_SA06_R01_T0.0-5.0s.png,1,Fall,SA06
/content/drive/MyDrive/datasets/Mosaic_ADL_2x2/Fall/SA06/F02_SA06_R01_T2.5-7.5s.png,1,Fall,SA06
/content/drive/MyDrive/datasets/Mosaic_ADL_2x2/Fall/SA06/F02_SA06_R01_T5.0-10.0s.png,1,Fall,SA06
/content/drive/MyDrive/datasets/Mosaic_ADL_2x2/Fall/SA06/F02_SA06_R01_T7.5-12.5s.png,1,Fall,SA06
/content/drive/MyDrive/datasets/Mosaic_ADL_2x2/Fall/SA06/F02_SA06_R01_T10.0-15.0s.png,1,Fall,SA06
/content/drive/MyDrive/datasets/Mosaic_ADL_2x2/Fall/SA06/F02_SA06_R02_T0.0-5.0s.png,1,Fall,SA06
/content/drive/MyDrive/datasets/Mosaic_ADL_2x2/Fall/SA06/F02_SA06_R02_T2.5-7.5s.png,1,Fall,SA06
/content/drive/MyDrive/datasets/Mosaic_ADL_2x2/Fall/SA06/F02_SA06_R02_T5.0-10.0s.png,1,Fall,SA06
/content/drive/MyDrive/datasets/Mosaic_ADL_2x2/Fall/SA06/F02_SA06_R02_T7.5-12.5s.png,1,Fall,SA06
/content/drive/MyDrive/datasets/Mosaic_ADL_2x2/Fall/SA06/F02_SA06_R02_T10.0-15.0s.png,1,Fall,SA06
/content/drive/MyDrive/datasets/Mosaic_ADL_2x2/Fall/SA06/F02_SA06_R03_T0.0-5.0s.png,1,Fall,SA06
/content/drive/MyDrive/datasets/Mosaic_ADL_2x2/Fall/SA06/F02_SA06_R03_T2.5-7.5s.png,1,Fall,SA06
/content/drive/MyDrive/datasets/Mosaic_ADL_2x2/Fall/SA06/F02_SA06_R03_T5.0-10.0s.png,1,Fall,SA06
/content/drive/MyDrive/datasets/Mosaic_ADL_2x2/Fall/SA06/F02_SA06_R03_T7.5-12.5s.png,1,Fall,SA06
/content/drive/MyDrive/datasets/Mosaic_ADL_2x2/Fall/SA06/F02_SA06_R03_T10.0-15.0s.png,1,Fall,SA06
/content/drive/MyDrive/datasets/Mosaic_ADL_2x2/Fall/SA06/F02_SA06_R04_T0.0-5.0s.png,1,Fall,SA06
/content/drive/MyDrive/datasets/Mosaic_ADL_2x2/Fall/SA06/F02_SA06_R04_T2.5-7.5s.png,1,Fall,SA06
/content/drive/MyDrive/datasets/Mosaic_ADL_2x2/Fall/SA06/F02_SA06_R04_T5.0-10.0s.png,1,Fall,SA06
/content/drive/MyDrive/datasets/Mosaic_ADL_2x2/Fall/SA06/F02_SA06_R04_T7.5-12.5s.png,1,Fall,SA06
/content/drive/MyDrive/datasets/Mosaic_ADL_2x2/Fall/SA06/F02_SA06_R04_T10.0-15.0s.png,1,Fall,SA06
/content/drive/MyDrive/datasets/Mosaic_ADL_2x2/Fall/SA06/F02_SA06_R05_T0.0-5.0s.png,1,Fall,SA06
/content/drive/MyDrive/datasets/Mosaic_ADL_2x2/Fall/SA06/F02_SA06_R05_T2.5-7.5s.png,1,Fall,SA06
/content/drive/MyDrive/datasets/Mosaic_ADL_2x2/Fall/SA06/F02_SA06_R05_T5.0-10.0s.png,1,Fall,SA06
/content/drive/MyDrive/datasets/Mosaic_ADL_2x2/Fall/SA06/F02_SA06_R05_T7.5-12.5s.png,1,Fall,SA06
/content/drive/MyDrive/datasets/Mosaic_ADL_2x2/Fall/SA06/F02_SA06_R05_T10.0-15.0s.png,1,Fall,SA06
/content/drive/MyDrive/datasets/Mosaic_ADL_2x2/Fall/SA06/F03_SA06_R01_T0.0-5.0s.png,1,Fall,SA06
/content/drive/MyDrive/datasets/Mosaic_ADL_2x2/Fall/SA06/F03_SA06_R01_T2.5-7.5s.png,1,Fall,SA06
/content/drive/MyDrive/datasets/Mosaic_ADL_2x2/Fall/SA06/F03_SA06_R01_T5.0-10.0s.png,1,Fall,SA06
/content/drive/MyDrive/datasets/Mosaic_ADL_2x2/Fall/SA06/F03_SA06_R01_T7.5-12.5s.png,1,Fall,SA06
/content/drive/MyDrive/datasets/Mosaic_ADL_2x2/Fall/SA06/F03_SA06_R01_T10.0-15.0s.png,1,Fall,SA06
/content/drive/MyDrive/datasets/Mosaic_ADL_2x2/Fall/SA06/F03_SA06_R02_T0.0-5.0s.png,1,Fall,SA06
/content/drive/MyDrive/datasets/Mosaic_ADL_2x2/Fall/SA06/F03_SA06_R02_T2.5-7.5s.png,1,Fall,SA06
/content/drive/MyDrive/datasets/Mosaic_ADL_2x2/Fall/SA06/F03_SA06_R02_T5.0-10.0s.png,1,Fall,SA06
/content/drive/MyDrive/datasets/Mosaic_ADL_2x2/Fall/SA06/F03_SA06_R02_T7.5-12.5s.png,1,Fall,SA06
/content/drive/MyDrive/datasets/Mosaic_ADL_2x2/Fall/SA06/F03_SA06_R02_T10.0-15.0s.png,1,Fall,SA06
/content/drive/MyDrive/datasets/Mosaic_ADL_2x2/Fall/SA06/F03_SA06_R03_T0.0-5.0s.png,1,Fall,SA06
/content/drive/MyDrive/datasets/Mosaic_ADL_2x2/Fall/SA06/F03_SA06_R03_T2.5-7.5s.png,1,Fall,SA06
/content/drive/MyDrive/datasets/Mosaic_ADL_2x2/Fall/SA06/F03_SA06_R03_T5.0-10.0s.png,1,Fall,SA06
/content/drive/MyDrive/datasets/Mosaic_ADL_2x2/Fall/SA06/F03_SA06_R03_T7.5-12.5s.png,1,Fall,SA06
/content/drive/MyDrive/datasets/Mosaic_ADL_2x2/Fall/SA06/F03_SA06_R03_T10.0-15.0s.png,1,Fall,SA06
/content/drive/MyDrive/datasets/Mosaic_ADL_2x2/Fall/SA06/F03_SA06_R04_T0.0-5.0s.png,1,Fall,SA06
/content/drive/MyDrive/datasets/Mosaic_ADL_2x2/Fall/SA06/F03_SA06_R04_T2.5-7.5s.png,1,Fall,SA06
/content/drive/MyDrive/datasets/Mosaic_ADL_2x2/Fall/SA06/F03_SA06_R04_T5.0-10.0s.png,1,Fall,SA06
/content/drive/MyDrive/datasets/Mosaic_ADL_2x2/Fall/SA06/F03_SA06_R04_T7.5-12.5s.png,1,Fall,SA06
/content/drive/MyDrive/datasets/Mosaic_ADL_2x2/Fall/SA06/F03_SA06_R04_T10.0-15.0s.png,1,Fall,SA06
/content/drive/MyDrive/datasets/Mosaic_ADL_2x2/Fall/SA06/F03_SA06_R05_T0.0-5.0s.png,1,Fall,SA06
/content/drive/MyDrive/datasets/Mosaic_ADL_2x2/Fall/SA06/F03_SA06_R05_T2.5-7.5s.png,1,Fall,SA06
/content/drive/MyDrive/datasets/Mosaic_ADL_2x2/Fall/SA06/F03_SA06_R05_T5.0-10.0s.png,1,Fall,SA06
/content/drive/MyDrive/datasets/Mosaic_ADL_2x2/Fall/SA06/F03_SA06_R05_T7.5-12.5s.png,1,Fall,SA06
/content/drive/MyDrive/datasets/Mosaic_ADL_2x2/Fall/SA06/F03_SA06_R05_T10.0-15.0s.png,1,Fall,SA06
/content/drive/MyDrive/datasets/Mosaic_ADL_2x2/Fall/SA06/F04_SA06_R01_T0.0-5.0s.png,1,Fall,SA06
/content/drive/MyDrive/datasets/Mosaic_ADL_2x2/Fall/SA06/F04_SA06_R01_T2.5-7.5s.png,1,Fall,SA06
/content/drive/MyDrive/datasets/Mosaic_ADL_2x2/Fall/SA06/F04_SA06_R01_T5.0-10.0s.png,1,Fall,SA06
/content/drive/MyDrive/datasets/Mosaic_ADL_2x2/Fall/SA06/F04_SA06_R01_T7.5-12.5s.png,1,Fall,SA06
/content/drive/MyDrive/datasets/Mosaic_ADL_2x2/Fall/SA06/F04_SA06_R01_T10.0-15.0s.png,1,Fall,SA06
/content/drive/MyDrive/datasets/Mosaic_ADL_2x2/Fall/SA06/F04_SA06_R02_T0.0-5.0s.png,1,Fall,SA06
/content/drive/MyDrive/datasets/Mosaic_ADL_2x2/Fall/SA06/F04_SA06_R02_T2.5-7.5s.png,1,Fall,SA06
/content/drive/MyDrive/datasets/Mosaic_ADL_2x2/Fall/SA06/F04_SA06_R02_T5.0-10.0s.png,1,Fall,SA06
/content/drive/MyDrive/datasets/Mosaic_ADL_2x2/Fall/SA06/F04_SA06_R02_T7.5-12.5s.png,1,Fall,SA06
/content/drive/MyDrive/datasets/Mosaic_ADL_2x2/Fall/SA06/F04_SA06_R02_T10.0-15.0s.png,1,Fall,SA06
/content/drive/MyDrive/datasets/Mosaic_ADL_2x2/Fall/SA06/F04_SA06_R03_T0.0-5.0s.png,1,Fall,SA06
/content/drive/MyDrive/datasets/Mosaic_ADL_2x2/Fall/SA06/F04_SA06_R03_T2.5-7.5s.png,1,Fall,SA06
/content/drive/MyDrive/datasets/Mosaic_ADL_2x2/Fall/SA06/F04_SA06_R03_T5.0-10.0s.png,1,Fall,SA06
/content/drive/MyDrive/datasets/Mosaic_ADL_2x2/Fall/SA06/F04_SA06_R03_T7.5-12.5s.png,1,Fall,SA06
/content/drive/MyDrive/datasets/Mosaic_ADL_2x2/Fall/SA06/F04_SA06_R03_T10.0-15.0s.png,1,Fall,SA06
/content/drive/MyDrive/datasets/Mosaic_ADL_2x2/Fall/SA06/F04_SA06_R04_T0.0-5.0s.png,1,Fall,SA06
/content/drive/MyDrive/datasets/Mosaic_ADL_2x2/Fall/SA06/F04_SA06_R04_T2.5-7.5s.png,1,Fall,SA06
/content/drive/MyDrive/datasets/Mosaic_ADL_2x2/Fall/SA06/F04_SA06_R04_T5.0-10.0s.png,1,Fall,SA06
/content/drive/MyDrive/datasets/Mosaic_ADL_2x2/Fall/SA06/F04_SA06_R04_T7.5-12.5s.png,1,Fall,SA06
/content/drive/MyDrive/datasets/Mosaic_ADL_2x2/Fall/SA06/F04_SA06_R04_T10.0-15.0s.png,1,Fall,SA06
/content/drive/MyDrive/datasets/Mosaic_ADL_2x2/Fall/SA06/F04_SA06_R05_T0.0-5.0s.png,1,Fall,SA06
/content/drive/MyDrive/datasets/Mosaic_ADL_2x2/Fall/SA06/F04_SA06_R05_T2.5-7.5s.png,1,Fall,SA06
/content/drive/MyDrive/datasets/Mosaic_ADL_2x2/Fall/SA06/F04_SA06_R05_T5.0-10.0s.png,1,Fall,SA06
/content/drive/MyDrive/datasets/Mosaic_ADL_2x2/Fall/SA06/F04_SA06_R05_T7.5-12.5s.png,1,Fall,SA06
/content/drive/MyDrive/datasets/Mosaic_ADL_2x2/Fall/SA06/F04_SA06_R05_T10.0-15.0s.png,1,Fall,SA06
/content/drive/MyDrive/datasets/Mosaic_ADL_2x2/Fall/SA06/F05_SA06_R01_T0.0-5.0s.png,1,Fall,SA06
/content/drive/MyDrive/datasets/Mosaic_ADL_2x2/Fall/SA06/F05_SA06_R01_T2.5-7.5s.png,1,Fall,SA06
/content/drive/MyDrive/datasets/Mosaic_ADL_2x2/Fall/SA06/F05_SA06_R01_T5.0-10.0s.png,1,Fall,SA06
/content/drive/MyDrive/datasets/Mosaic_ADL_2x2/Fall/SA06/F05_SA06_R01_T7.5-12.5s.png,1,Fall,SA06
/content/drive/MyDrive/datasets/Mosaic_ADL_2x2/Fall/SA06/F05_SA06_R01_T10.0-15.0s.png,1,Fall,SA06
/content/drive/MyDrive/datasets/Mosaic_ADL_2x2/Fall/SA06/F05_SA06_R02_T0.0-5.0s.png,1,Fall,SA06
/content/drive/MyDrive/datasets/Mosaic_ADL_2x2/Fall/SA06/F05_SA06_R02_T2.5-7.5s.png,1,Fall,SA06
/content/drive/MyDrive/datasets/Mosaic_ADL_2x2/Fall/SA06/F05_SA06_R02_T5.0-10.0s.png,1,Fall,SA06
/content/drive/MyDrive/datasets/Mosaic_ADL_2x2/Fall/SA06/F05_SA06_R02_T7.5-12.5s.png,1,Fall,SA06
/content/drive/MyDrive/datasets/Mosaic_ADL_2x2/Fall/SA06/F05_SA06_R02_T10.0-15.0s.png,1,Fall,SA06
/content/drive/MyDrive/datasets/Mosaic_ADL_2x2/Fall/SA06/F05_SA06_R03_T0.0-5.0s.png,1,Fall,SA06
/content/drive/MyDrive/datasets/Mosaic_ADL_2x2/Fall/SA06/F05_SA06_R03_T2.5-7.5s.png,1,Fall,SA06
/content/drive/MyDrive/datasets/Mosaic_ADL_2x2/Fall/SA06/F05_SA06_R03_T5.0-10.0s.png,1,Fall,SA06
/content/drive/MyDrive/datasets/Mosaic_ADL_2x2/Fall/SA06/F05_SA06_R03_T7.5-12.5s.png,1,Fall,SA06
/content/drive/MyDrive/datasets/Mosaic_ADL_2x2/Fall/SA06/F05_SA06_R03_T10.0-15.0s.png,1,Fall,SA06
/content/drive/MyDrive/datasets/Mosaic_ADL_2x2/Fall/SA06/F05_SA06_R04_T0.0-5.0s.png,1,Fall,SA06
/content/drive/MyDrive/datasets/Mosaic_ADL_2x2/Fall/SA06/F05_SA06_R04_T2.5-7.5s.png,1,Fall,SA06
/content/drive/MyDrive/datasets/Mosaic_ADL_2x2/Fall/SA06/F05_SA06_R04_T5.0-10.0s.png,1,Fall,SA06
/content/drive/MyDrive/datasets/Mosaic_ADL_2x2/Fall/SA06/F05_SA06_R04_T7.5-12.5s.png,1,Fall,SA06
/content/drive/MyDrive/datasets/Mosaic_ADL_2x2/Fall/SA06/F05_SA06_R04_T10.0-15.0s.png,1,Fall,SA06
/content/drive/MyDrive/datasets/Mosaic_ADL_2x2/Fall/SA06/F05_SA06_R05_T0.0-5.0s.png,1,Fall,SA06
/content/drive/MyDrive/datasets/Mosaic_ADL_2x2/Fall/SA06/F05_SA06_R05_T2.5-7.5s.png,1,Fall,SA06
/content/drive/MyDrive/datasets/Mosaic_ADL_2x2/Fall/SA06/F05_SA06_R05_T5.0-10.0s.png,1,Fall,SA06
/content/drive/MyDrive/datasets/Mosaic_ADL_2x2/Fall/SA06/F05_SA06_R05_T7.5-12.5s.png,1,Fall,SA06
/content/drive/MyDrive/datasets/Mosaic_ADL_2x2/Fall/SA06/F05_SA06_R05_T10.0-15.0s.png,1,Fall,SA06
/content/drive/MyDrive/datasets/Mosaic_ADL_2x2/Fall/SA06/F06_SA06_R01_T0.0-5.0s.png,1,Fall,SA06
/content/drive/MyDrive/datasets/Mosaic_ADL_2x2/Fall/SA06/F06_SA06_R01_T2.5-7.5s.png,1,Fall,SA06
/content/drive/MyDrive/datasets/Mosaic_ADL_2x2/Fall/SA06/F06_SA06_R01_T5.0-10.0s.png,1,Fall,SA06
/content/drive/MyDrive/datasets/Mosaic_ADL_2x2/Fall/SA06/F06_SA06_R01_T7.5-12.5s.png,1,Fall,SA06
/content/drive/MyDrive/datasets/Mosaic_ADL_2x2/Fall/SA06/F06_SA06_R02_T0.0-5.0s.png,1,Fall,SA06
/content/drive/MyDrive/datasets/Mosaic_ADL_2x2/Fall/SA06/F06_SA06_R02_T2.5-7.5s.png,1,Fall,SA06
/content/drive/MyDrive/datasets/Mosaic_ADL_2x2/Fall/SA06/F06_SA06_R02_T5.0-10.0s.png,1,Fall,SA06
/content/drive/MyDrive/datasets/Mosaic_ADL_2x2/Fall/SA06/F06_SA06_R02_T7.5-12.5s.png,1,Fall,SA06
/content/drive/MyDrive/datasets/Mosaic_ADL_2x2/Fall/SA06/F06_SA06_R02_T10.0-15.0s.png,1,Fall,SA06
/content/drive/MyDrive/datasets/Mosaic_ADL_2x2/Fall/SA06/F06_SA06_R03_T0.0-5.0s.png,1,Fall,SA06
/content/drive/MyDrive/datasets/Mosaic_ADL_2x2/Fall/SA06/F06_SA06_R03_T2.5-7.5s.png,1,Fall,SA06
/content/drive/MyDrive/datasets/Mosaic_ADL_2x2/Fall/SA06/F06_SA06_R03_T5.0-10.0s.png,1,Fall,SA06
/content/drive/MyDrive/datasets/Mosaic_ADL_2x2/Fall/SA06/F06_SA06_R03_T7.5-12.5s.png,1,Fall,SA06
/content/drive/MyDrive/datasets/Mosaic_ADL_2x2/Fall/SA06/F06_SA06_R03_T10.0-15.0s.png,1,Fall,SA06
/content/drive/MyDrive/datasets/Mosaic_ADL_2x2/Fall/SA06/F06_SA06_R04_T0.0-5.0s.png,1,Fall,SA06
/content/drive/MyDrive/datasets/Mosaic_ADL_2x2/Fall/SA06/F06_SA06_R04_T2.5-7.5s.png,1,Fall,SA06
/content/drive/MyDrive/datasets/Mosaic_ADL_2x2/Fall/SA06/F06_SA06_R04_T5.0-10.0s.png,1,Fall,SA06
/content/drive/MyDrive/datasets/Mosaic_ADL_2x2/Fall/SA06/F06_SA06_R04_T7.5-12.5s.png,1,Fall,SA06
/content/drive/MyDrive/datasets/Mosaic_ADL_2x2/Fall/SA06/F06_SA06_R04_T10.0-15.0s.png,1,Fall,SA06
/content/drive/MyDrive/datasets/Mosaic_ADL_2x2/Fall/SA06/F06_SA06_R05_T0.0-5.0s.png,1,Fall,SA06
/content/drive/MyDrive/datasets/Mosaic_ADL_2x2/Fall/SA06/F06_SA06_R05_T2.5-7.5s.png,1,Fall,SA06
/content/drive/MyDrive/datasets/Mosaic_ADL_2x2/Fall/SA06/F06_SA06_R05_T5.0-10.0s.png,1,Fall,SA06
/content/drive/MyDrive/datasets/Mosaic_ADL_2x2/Fall/SA06/F06_SA06_R05_T7.5-12.5s.png,1,Fall,SA06
/content/drive/MyDrive/datasets/Mosaic_ADL_2x2/Fall/SA06/F06_SA06_R05_T10.0-15.0s.png,1,Fall,SA06
/content/drive/MyDrive/datasets/Mosaic_ADL_2x2/Fall/SA06/F07_SA06_R01_T0.0-5.0s.png,1,Fall,SA06
/content/drive/MyDrive/datasets/Mosaic_ADL_2x2/Fall/SA06/F07_SA06_R01_T2.5-7.5s.png,1,Fall,SA06
/content/drive/MyDrive/datasets/Mosaic_ADL_2x2/Fall/SA06/F07_SA06_R01_T5.0-10.0s.png,1,Fall,SA06
/content/drive/MyDrive/datasets/Mosaic_ADL_2x2/Fall/SA06/F07_SA06_R01_T7.5-12.5s.png,1,Fall,SA06
/content/drive/MyDrive/datasets/Mosaic_ADL_2x2/Fall/SA06/F07_SA06_R01_T10.0-15.0s.png,1,Fall,SA06
/content/drive/MyDrive/datasets/Mosaic_ADL_2x2/Fall/SA06/F07_SA06_R02_T0.0-5.0s.png,1,Fall,SA06
/content/drive/MyDrive/datasets/Mosaic_ADL_2x2/Fall/SA06/F07_SA06_R02_T2.5-7.5s.png,1,Fall,SA06
/content/drive/MyDrive/datasets/Mosaic_ADL_2x2/Fall/SA06/F07_SA06_R02_T5.0-10.0s.png,1,Fall,SA06
/content/drive/MyDrive/datasets/Mosaic_ADL_2x2/Fall/SA06/F07_SA06_R02_T7.5-12.5s.png,1,Fall,SA06
/content/drive/MyDrive/datasets/Mosaic_ADL_2x2/Fall/SA06/F07_SA06_R02_T10.0-15.0s.png,1,Fall,SA06
/content/drive/MyDrive/datasets/Mosaic_ADL_2x2/Fall/SA06/F07_SA06_R03_T0.0-5.0s.png,1,Fall,SA06
/content/drive/MyDrive/datasets/Mosaic_ADL_2x2/Fall/SA06/F07_SA06_R03_T2.5-7.5s.png,1,Fall,SA06
/content/drive/MyDrive/datasets/Mosaic_ADL_2x2/Fall/SA06/F07_SA06_R03_T5.0-10.0s.png,1,Fall,SA06
/content/drive/MyDrive/datasets/Mosaic_ADL_2x2/Fall/SA06/F07_SA06_R03_T7.5-12.5s.png,1,Fall,SA06
/content/drive/MyDrive/datasets/Mosaic_ADL_2x2/Fall/SA06/F07_SA06_R03_T10.0-15.0s.png,1,Fall,SA06
/content/drive/MyDrive/datasets/Mosaic_ADL_2x2/Fall/SA06/F07_SA06_R04_T0.0-5.0s.png,1,Fall,SA06
/content/drive/MyDrive/datasets/Mosaic_ADL_2x2/Fall/SA06/F07_SA06_R04_T2.5-7.5s.png,1,Fall,SA06
/content/drive/MyDrive/datasets/Mosaic_ADL_2x2/Fall/SA06/F07_SA06_R04_T5.0-10.0s.png,1,Fall,SA06
/content/drive/MyDrive/datasets/Mosaic_ADL_2x2/Fall/SA06/F07_SA06_R04_T7.5-12.5s.png,1,Fall,SA06
/content/drive/MyDrive/datasets/Mosaic_ADL_2x2/Fall/SA06/F07_SA06_R04_T10.0-15.0s.png,1,Fall,SA06
/content/drive/MyDrive/datasets/Mosaic_ADL_2x2/Fall/SA06/F07_SA06_R05_T0.0-5.0s.png,1,Fall,SA06
/content/drive/MyDrive/datasets/Mosaic_ADL_2x2/Fall/SA06/F07_SA06_R05_T2.5-7.5s.png,1,Fall,SA06
/content/drive/MyDrive/datasets/Mosaic_ADL_2x2/Fall/SA06/F07_SA06_R05_T5.0-10.0s.png,1,Fall,SA06
/content/drive/MyDrive/datasets/Mosaic_ADL_2x2/Fall/SA06/F07_SA06_R05_T7.5-12.5s.png,1,Fall,SA06
/content/drive/MyDrive/datasets/Mosaic_ADL_2x2/Fall/SA06/F07_SA06_R05_T10.0-15.0s.png,1,Fall,SA06
/content/drive/MyDrive/datasets/Mosaic_ADL_2x2/Fall/SA06/F08_SA06_R01_T0.0-5.0s.png,1,Fall,SA06
/content/drive/MyDrive/datasets/Mosaic_ADL_2x2/Fall/SA06/F08_SA06_R01_T2.5-7.5s.png,1,Fall,SA06
/content/drive/MyDrive/datasets/Mosaic_ADL_2x2/Fall/SA06/F08_SA06_R01_T5.0-10.0s.png,1,Fall,SA06
/content/drive/MyDrive/datasets/Mosaic_ADL_2x2/Fall/SA06/F08_SA06_R01_T7.5-12.5s.png,1,Fall,SA06
/content/drive/MyDrive/datasets/Mosaic_ADL_2x2/Fall/SA06/F08_SA06_R01_T10.0-15.0s.png,1,Fall,SA06
/content/drive/MyDrive/datasets/Mosaic_ADL_2x2/Fall/SA06/F08_SA06_R02_T0.0-5.0s.png,1,Fall,SA06
/content/drive/MyDrive/datasets/Mosaic_ADL_2x2/Fall/SA06/F08_SA06_R02_T2.5-7.5s.png,1,Fall,SA06
/content/drive/MyDrive/datasets/Mosaic_ADL_2x2/Fall/SA06/F08_SA06_R02_T5.0-10.0s.png,1,Fall,SA06
/content/drive/MyDrive/datasets/Mosaic_ADL_2x2/Fall/SA06/F08_SA06_R02_T7.5-12.5s.png,1,Fall,SA06
/content/drive/MyDrive/datasets/Mosaic_ADL_2x2/Fall/SA06/F08_SA06_R02_T10.0-15.0s.png,1,Fall,SA06
/content/drive/MyDrive/datasets/Mosaic_ADL_2x2/Fall/SA06/F08_SA06_R03_T0.0-5.0s.png,1,Fall,SA06
/content/drive/MyDrive/datasets/Mosaic_ADL_2x2/Fall/SA06/F08_SA06_R03_T2.5-7.5s.png,1,Fall,SA06
/content/drive/MyDrive/datasets/Mosaic_ADL_2x2/Fall/SA06/F08_SA06_R03_T5.0-10.0s.png,1,Fall,SA06
/content/drive/MyDrive/datasets/Mosaic_ADL_2x2/Fall/SA06/F08_SA06_R03_T7.5-12.5s.png,1,Fall,SA06
/content/drive/MyDrive/datasets/Mosaic_ADL_2x2/Fall/SA06/F08_SA06_R03_T10.0-15.0s.png,1,Fall,SA06
/content/drive/MyDrive/datasets/Mosaic_ADL_2x2/Fall/SA06/F08_SA06_R04_T0.0-5.0s.png,1,Fall,SA06
/content/drive/MyDrive/datasets/Mosaic_ADL_2x2/Fall/SA06/F08_SA06_R04_T2.5-7.5s.png,1,Fall,SA06
/content/drive/MyDrive/datasets/Mosaic_ADL_2x2/Fall/SA06/F08_SA06_R04_T5.0-10.0s.png,1,Fall,SA06
/content/drive/MyDrive/datasets/Mosaic_ADL_2x2/Fall/SA06/F08_SA06_R04_T7.5-12.5s.png,1,Fall,SA06
/content/drive/MyDrive/datasets/Mosaic_ADL_2x2/Fall/SA06/F08_SA06_R04_T10.0-15.0s.png,1,Fall,SA06
/content/drive/MyDrive/datasets/Mosaic_ADL_2x2/Fall/SA06/F08_SA06_R05_T0.0-5.0s.png,1,Fall,SA06
/content/drive/MyDrive/datasets/Mosaic_ADL_2x2/Fall/SA06/F08_SA06_R05_T2.5-7.5s.png,1,Fall,SA06
/content/drive/MyDrive/datasets/Mosaic_ADL_2x2/Fall/SA06/F08_SA06_R05_T5.0-10.0s.png,1,Fall,SA06
/content/drive/MyDrive/datasets/Mosaic_ADL_2x2/Fall/SA06/F08_SA06_R05_T7.5-12.5s.png,1,Fall,SA06
/content/drive/MyDrive/datasets/Mosaic_ADL_2x2/Fall/SA06/F08_SA06_R05_T10.0-15.0s.png,1,Fall,SA06
/content/drive/MyDrive/datasets/Mosaic_ADL_2x2/Fall/SA06/F09_SA06_R01_T0.0-5.0s.png,1,Fall,SA06
/content/drive/MyDrive/datasets/Mosaic_ADL_2x2/Fall/SA06/F09_SA06_R01_T2.5-7.5s.png,1,Fall,SA06
/content/drive/MyDrive/datasets/Mosaic_ADL_2x2/Fall/SA06/F09_SA06_R01_T5.0-10.0s.png,1,Fall,SA06
/content/drive/MyDrive/datasets/Mosaic_ADL_2x2/Fall/SA06/F09_SA06_R01_T7.5-12.5s.png,1,Fall,SA06
/content/drive/MyDrive/datasets/Mosaic_ADL_2x2/Fall/SA06/F09_SA06_R01_T10.0-15.0s.png,1,Fall,SA06
/content/drive/MyDrive/datasets/Mosaic_ADL_2x2/Fall/SA06/F09_SA06_R02_T0.0-5.0s.png,1,Fall,SA06
/content/drive/MyDrive/datasets/Mosaic_ADL_2x2/Fall/SA06/F09_SA06_R02_T2.5-7.5s.png,1,Fall,SA06
/content/drive/MyDrive/datasets/Mosaic_ADL_2x2/Fall/SA06/F09_SA06_R02_T5.0-10.0s.png,1,Fall,SA06
/content/drive/MyDrive/datasets/Mosaic_ADL_2x2/Fall/SA06/F09_SA06_R02_T7.5-12.5s.png,1,Fall,SA06
/content/drive/MyDrive/datasets/Mosaic_ADL_2x2/Fall/SA06/F09_SA06_R02_T10.0-15.0s.png,1,Fall,SA06
/content/drive/MyDrive/datasets/Mosaic_ADL_2x2/Fall/SA06/F09_SA06_R03_T0.0-5.0s.png,1,Fall,SA06
/content/drive/MyDrive/datasets/Mosaic_ADL_2x2/Fall/SA06/F09_SA06_R03_T2.5-7.5s.png,1,Fall,SA06
/content/drive/MyDrive/datasets/Mosaic_ADL_2x2/Fall/SA06/F09_SA06_R03_T5.0-10.0s.png,1,Fall,SA06
/content/drive/MyDrive/datasets/Mosaic_ADL_2x2/Fall/SA06/F09_SA06_R03_T7.5-12.5s.png,1,Fall,SA06
/content/drive/MyDrive/datasets/Mosaic_ADL_2x2/Fall/SA06/F09_SA06_R03_T10.0-15.0s.png,1,Fall,SA06
/content/drive/MyDrive/datasets/Mosaic_ADL_2x2/Fall/SA06/F09_SA06_R04_T0.0-5.0s.png,1,Fall,SA06
/content/drive/MyDrive/datasets/Mosaic_ADL_2x2/Fall/SA06/F09_SA06_R04_T2.5-7.5s.png,1,Fall,SA06
/content/drive/MyDrive/datasets/Mosaic_ADL_2x2/Fall/SA06/F09_SA06_R04_T5.0-10.0s.png,1,Fall,SA06
/content/drive/MyDrive/datasets/Mosaic_ADL_2x2/Fall/SA06/F09_SA06_R04_T7.5-12.5s.png,1,Fall,SA06
/content/drive/MyDrive/datasets/Mosaic_ADL_2x2/Fall/SA06/F09_SA06_R04_T10.0-15.0s.png,1,Fall,SA06
/content/drive/MyDrive/datasets/Mosaic_ADL_2x2/Fall/SA06/F09_SA06_R05_T0.0-5.0s.png,1,Fall,SA06
/content/drive/MyDrive/datasets/Mosaic_ADL_2x2/Fall/SA06/F09_SA06_R05_T2.5-7.5s.png,1,Fall,SA06
/content/drive/MyDrive/datasets/Mosaic_ADL_2x2/Fall/SA06/F09_SA06_R05_T5.0-10.0s.png,1,Fall,SA06
/content/drive/MyDrive/datasets/Mosaic_ADL_2x2/Fall/SA06/F09_SA06_R05_T7.5-12.5s.png,1,Fall,SA06
/content/drive/MyDrive/datasets/Mosaic_ADL_2x2/Fall/SA06/F09_SA06_R05_T10.0-15.0s.png,1,Fall,SA06
/content/drive/MyDrive/datasets/Mosaic_ADL_2x2/Fall/SA06/F10_SA06_R01_T0.0-5.0s.png,1,Fall,SA06
/content/drive/MyDrive/datasets/Mosaic_ADL_2x2/Fall/SA06/F10_SA06_R01_T2.5-7.5s.png,1,Fall,SA06
/content/drive/MyDrive/datasets/Mosaic_ADL_2x2/Fall/SA06/F10_SA06_R01_T5.0-10.0s.png,1,Fall,SA06
/content/drive/MyDrive/datasets/Mosaic_ADL_2x2/Fall/SA06/F10_SA06_R01_T7.5-12.5s.png,1,Fall,SA06
/content/drive/MyDrive/datasets/Mosaic_ADL_2x2/Fall/SA06/F10_SA06_R01_T10.0-15.0s.png,1,Fall,SA06
/content/drive/MyDrive/datasets/Mosaic_ADL_2x2/Fall/SA06/F10_SA06_R02_T0.0-5.0s.png,1,Fall,SA06
/content/drive/MyDrive/datasets/Mosaic_ADL_2x2/Fall/SA06/F10_SA06_R02_T2.5-7.5s.png,1,Fall,SA06
/content/drive/MyDrive/datasets/Mosaic_ADL_2x2/Fall/SA06/F10_SA06_R02_T5.0-10.0s.png,1,Fall,SA06
/content/drive/MyDrive/datasets/Mosaic_ADL_2x2/Fall/SA06/F10_SA06_R02_T7.5-12.5s.png,1,Fall,SA06
/content/drive/MyDrive/datasets/Mosaic_ADL_2x2/Fall/SA06/F10_SA06_R02_T10.0-15.0s.png,1,Fall,SA06
/content/drive/MyDrive/datasets/Mosaic_ADL_2x2/Fall/SA06/F10_SA06_R03_T0.0-5.0s.png,1,Fall,SA06
/content/drive/MyDrive/datasets/Mosaic_ADL_2x2/Fall/SA06/F10_SA06_R03_T2.5-7.5s.png,1,Fall,SA06
/content/drive/MyDrive/datasets/Mosaic_ADL_2x2/Fall/SA06/F10_SA06_R03_T5.0-10.0s.png,1,Fall,SA06
/content/drive/MyDrive/datasets/Mosaic_ADL_2x2/Fall/SA06/F10_SA06_R03_T7.5-12.5s.png,1,Fall,SA06
/content/drive/MyDrive/datasets/Mosaic_ADL_2x2/Fall/SA06/F10_SA06_R03_T10.0-15.0s.png,1,Fall,SA06
/content/drive/MyDrive/datasets/Mosaic_ADL_2x2/Fall/SA06/F10_SA06_R04_T0.0-5.0s.png,1,Fall,SA06
/content/drive/MyDrive/datasets/Mosaic_ADL_2x2/Fall/SA06/F10_SA06_R04_T2.5-7.5s.png,1,Fall,SA06
/content/drive/MyDrive/datasets/Mosaic_ADL_2x2/Fall/SA06/F10_SA06_R04_T5.0-10.0s.png,1,Fall,SA06
/content/drive/MyDrive/datasets/Mosaic_ADL_2x2/Fall/SA06/F10_SA06_R04_T7.5-12.5s.png,1,Fall,SA06
/content/drive/MyDrive/datasets/Mosaic_ADL_2x2/Fall/SA06/F10_SA06_R04_T10.0-15.0s.png,1,Fall,SA06
/content/drive/MyDrive/datasets/Mosaic_ADL_2x2/Fall/SA06/F10_SA06_R05_T0.0-5.0s.png,1,Fall,SA06
/content/drive/MyDrive/datasets/Mosaic_ADL_2x2/Fall/SA06/F10_SA06_R05_T2.5-7.5s.png,1,Fall,SA06
/content/drive/MyDrive/datasets/Mosaic_ADL_2x2/Fall/SA06/F10_SA06_R05_T5.0-10.0s.png,1,Fall,SA06
/content/drive/MyDrive/datasets/Mosaic_ADL_2x2/Fall/SA06/F10_SA06_R05_T7.5-12.5s.png,1,Fall,SA06
/content/drive/MyDrive/datasets/Mosaic_ADL_2x2/Fall/SA06/F10_SA06_R05_T10.0-15.0s.png,1,Fall,SA06
/content/drive/MyDrive/datasets/Mosaic_ADL_2x2/Fall/SA06/F11_SA06_R01_T0.0-5.0s.png,1,Fall,SA06
/content/drive/MyDrive/datasets/Mosaic_ADL_2x2/Fall/SA06/F11_SA06_R01_T2.5-7.5s.png,1,Fall,SA06
/content/drive/MyDrive/datasets/Mosaic_ADL_2x2/Fall/SA06/F11_SA06_R01_T5.0-10.0s.png,1,Fall,SA06
/content/drive/MyDrive/datasets/Mosaic_ADL_2x2/Fall/SA06/F11_SA06_R01_T7.5-12.5s.png,1,Fall,SA06
/content/drive/MyDrive/datasets/Mosaic_ADL_2x2/Fall/SA06/F11_SA06_R02_T0.0-5.0s.png,1,Fall,SA06
/content/drive/MyDrive/datasets/Mosaic_ADL_2x2/Fall/SA06/F11_SA06_R02_T2.5-7.5s.png,1,Fall,SA06
/content/drive/MyDrive/datasets/Mosaic_ADL_2x2/Fall/SA06/F11_SA06_R02_T5.0-10.0s.png,1,Fall,SA06
/content/drive/MyDrive/datasets/Mosaic_ADL_2x2/Fall/SA06/F11_SA06_R02_T7.5-12.5s.png,1,Fall,SA06
/content/drive/MyDrive/datasets/Mosaic_ADL_2x2/Fall/SA06/F11_SA06_R02_T10.0-15.0s.png,1,Fall,SA06
/content/drive/MyDrive/datasets/Mosaic_ADL_2x2/Fall/SA06/F11_SA06_R03_T0.0-5.0s.png,1,Fall,SA06
/content/drive/MyDrive/datasets/Mosaic_ADL_2x2/Fall/SA06/F11_SA06_R03_T2.5-7.5s.png,1,Fall,SA06
/content/drive/MyDrive/datasets/Mosaic_ADL_2x2/Fall/SA06/F11_SA06_R03_T5.0-10.0s.png,1,Fall,SA06
/content/drive/MyDrive/datasets/Mosaic_ADL_2x2/Fall/SA06/F11_SA06_R03_T7.5-12.5s.png,1,Fall,SA06
/content/drive/MyDrive/datasets/Mosaic_ADL_2x2/Fall/SA06/F11_SA06_R03_T10.0-15.0s.png,1,Fall,SA06
/content/drive/MyDrive/datasets/Mosaic_ADL_2x2/Fall/SA06/F11_SA06_R04_T0.0-5.0s.png,1,Fall,SA06
/content/drive/MyDrive/datasets/Mosaic_ADL_2x2/Fall/SA06/F11_SA06_R04_T2.5-7.5s.png,1,Fall,SA06
/content/drive/MyDrive/datasets/Mosaic_ADL_2x2/Fall/SA06/F11_SA06_R04_T5.0-10.0s.png,1,Fall,SA06
/content/drive/MyDrive/datasets/Mosaic_ADL_2x2/Fall/SA06/F11_SA06_R04_T7.5-12.5s.png,1,Fall,SA06
/content/drive/MyDrive/datasets/Mosaic_ADL_2x2/Fall/SA06/F11_SA06_R04_T10.0-15.0s.png,1,Fall,SA06
/content/drive/MyDrive/datasets/Mosaic_ADL_2x2/Fall/SA06/F11_SA06_R05_T0.0-5.0s.png,1,Fall,SA06
/content/drive/MyDrive/datasets/Mosaic_ADL_2x2/Fall/SA06/F11_SA06_R05_T2.5-7.5s.png,1,Fall,SA06
/content/drive/MyDrive/datasets/Mosaic_ADL_2x2/Fall/SA06/F11_SA06_R05_T5.0-10.0s.png,1,Fall,SA06
/content/drive/MyDrive/datasets/Mosaic_ADL_2x2/Fall/SA06/F11_SA06_R05_T7.5-12.5s.png,1,Fall,SA06
/content/drive/MyDrive/datasets/Mosaic_ADL_2x2/Fall/SA06/F11_SA06_R05_T10.0-15.0s.png,1,Fall,SA06
/content/drive/MyDrive/datasets/Mosaic_ADL_2x2/Fall/SA06/F12_SA06_R01_T0.0-5.0s.png,1,Fall,SA06
/content/drive/MyDrive/datasets/Mosaic_ADL_2x2/Fall/SA06/F12_SA06_R01_T2.5-7.5s.png,1,Fall,SA06
/content/drive/MyDrive/datasets/Mosaic_ADL_2x2/Fall/SA06/F12_SA06_R01_T5.0-10.0s.png,1,Fall,SA06
/content/drive/MyDrive/datasets/Mosaic_ADL_2x2/Fall/SA06/F12_SA06_R01_T7.5-12.5s.png,1,Fall,SA06
/content/drive/MyDrive/datasets/Mosaic_ADL_2x2/Fall/SA06/F12_SA06_R01_T10.0-15.0s.png,1,Fall,SA06
/content/drive/MyDrive/datasets/Mosaic_ADL_2x2/Fall/SA06/F12_SA06_R02_T0.0-5.0s.png,1,Fall,SA06
/content/drive/MyDrive/datasets/Mosaic_ADL_2x2/Fall/SA06/F12_SA06_R02_T2.5-7.5s.png,1,Fall,SA06
/content/drive/MyDrive/datasets/Mosaic_ADL_2x2/Fall/SA06/F12_SA06_R02_T5.0-10.0s.png,1,Fall,SA06
/content/drive/MyDrive/datasets/Mosaic_ADL_2x2/Fall/SA06/F12_SA06_R02_T7.5-12.5s.png,1,Fall,SA06
/content/drive/MyDrive/datasets/Mosaic_ADL_2x2/Fall/SA06/F12_SA06_R02_T10.0-15.0s.png,1,Fall,SA06
/content/drive/MyDrive/datasets/Mosaic_ADL_2x2/Fall/SA06/F12_SA06_R03_T0.0-5.0s.png,1,Fall,SA06
/content/drive/MyDrive/datasets/Mosaic_ADL_2x2/Fall/SA06/F12_SA06_R03_T2.5-7.5s.png,1,Fall,SA06
/content/drive/MyDrive/datasets/Mosaic_ADL_2x2/Fall/SA06/F12_SA06_R03_T5.0-10.0s.png,1,Fall,SA06
/content/drive/MyDrive/datasets/Mosaic_ADL_2x2/Fall/SA06/F12_SA06_R03_T7.5-12.5s.png,1,Fall,SA06
/content/drive/MyDrive/datasets/Mosaic_ADL_2x2/Fall/SA06/F12_SA06_R03_T10.0-15.0s.png,1,Fall,SA06
/content/drive/MyDrive/datasets/Mosaic_ADL_2x2/Fall/SA06/F12_SA06_R04_T0.0-5.0s.png,1,Fall,SA06
/content/drive/MyDrive/datasets/Mosaic_ADL_2x2/Fall/SA06/F12_SA06_R04_T2.5-7.5s.png,1,Fall,SA06
/content/drive/MyDrive/datasets/Mosaic_ADL_2x2/Fall/SA06/F12_SA06_R04_T5.0-10.0s.png,1,Fall,SA06
/content/drive/MyDrive/datasets/Mosaic_ADL_2x2/Fall/SA06/F12_SA06_R04_T7.5-12.5s.png,1,Fall,SA06
/content/drive/MyDrive/datasets/Mosaic_ADL_2x2/Fall/SA06/F12_SA06_R04_T10.0-15.0s.png,1,Fall,SA06
/content/drive/MyDrive/datasets/Mosaic_ADL_2x2/Fall/SA06/F12_SA06_R05_T0.0-5.0s.png,1,Fall,SA06
/content/drive/MyDrive/datasets/Mosaic_ADL_2x2/Fall/SA06/F12_SA06_R05_T2.5-7.5s.png,1,Fall,SA06
/content/drive/MyDrive/datasets/Mosaic_ADL_2x2/Fall/SA06/F12_SA06_R05_T5.0-10.0s.png,1,Fall,SA06
/content/drive/MyDrive/datasets/Mosaic_ADL_2x2/Fall/SA06/F12_SA06_R05_T7.5-12.5s.png,1,Fall,SA06
/content/drive/MyDrive/datasets/Mosaic_ADL_2x2/Fall/SA06/F12_SA06_R05_T10.0-15.0s.png,1,Fall,SA06
/content/drive/MyDrive/datasets/Mosaic_ADL_2x2/Fall/SA06/F13_SA06_R01_T0.0-5.0s.png,1,Fall,SA06
/content/drive/MyDrive/datasets/Mosaic_ADL_2x2/Fall/SA06/F13_SA06_R01_T2.5-7.5s.png,1,Fall,SA06
/content/drive/MyDrive/datasets/Mosaic_ADL_2x2/Fall/SA06/F13_SA06_R01_T5.0-10.0s.png,1,Fall,SA06
/content/drive/MyDrive/datasets/Mosaic_ADL_2x2/Fall/SA06/F13_SA06_R01_T7.5-12.5s.png,1,Fall,SA06
/content/drive/MyDrive/datasets/Mosaic_ADL_2x2/Fall/SA06/F13_SA06_R01_T10.0-15.0s.png,1,Fall,SA06
/content/drive/MyDrive/datasets/Mosaic_ADL_2x2/Fall/SA06/F13_SA06_R02_T0.0-5.0s.png,1,Fall,SA06
/content/drive/MyDrive/datasets/Mosaic_ADL_2x2/Fall/SA06/F13_SA06_R02_T2.5-7.5s.png,1,Fall,SA06
/content/drive/MyDrive/datasets/Mosaic_ADL_2x2/Fall/SA06/F13_SA06_R02_T5.0-10.0s.png,1,Fall,SA06
/content/drive/MyDrive/datasets/Mosaic_ADL_2x2/Fall/SA06/F13_SA06_R02_T7.5-12.5s.png,1,Fall,SA06
/content/drive/MyDrive/datasets/Mosaic_ADL_2x2/Fall/SA06/F13_SA06_R02_T10.0-15.0s.png,1,Fall,SA06
/content/drive/MyDrive/datasets/Mosaic_ADL_2x2/Fall/SA06/F13_SA06_R03_T0.0-5.0s.png,1,Fall,SA06
/content/drive/MyDrive/datasets/Mosaic_ADL_2x2/Fall/SA06/F13_SA06_R03_T2.5-7.5s.png,1,Fall,SA06
/content/drive/MyDrive/datasets/Mosaic_ADL_2x2/Fall/SA06/F13_SA06_R03_T5.0-10.0s.png,1,Fall,SA06
/content/drive/MyDrive/datasets/Mosaic_ADL_2x2/Fall/SA06/F13_SA06_R03_T7.5-12.5s.png,1,Fall,SA06
/content/drive/MyDrive/datasets/Mosaic_ADL_2x2/Fall/SA06/F13_SA06_R03_T10.0-15.0s.png,1,Fall,SA06
/content/drive/MyDrive/datasets/Mosaic_ADL_2x2/Fall/SA06/F13_SA06_R04_T0.0-5.0s.png,1,Fall,SA06
/content/drive/MyDrive/datasets/Mosaic_ADL_2x2/Fall/SA06/F13_SA06_R04_T2.5-7.5s.png,1,Fall,SA06
/content/drive/MyDrive/datasets/Mosaic_ADL_2x2/Fall/SA06/F13_SA06_R04_T5.0-10.0s.png,1,Fall,SA06
/content/drive/MyDrive/datasets/Mosaic_ADL_2x2/Fall/SA06/F13_SA06_R04_T7.5-12.5s.png,1,Fall,SA06
/content/drive/MyDrive/datasets/Mosaic_ADL_2x2/Fall/SA06/F13_SA06_R04_T10.0-15.0s.png,1,Fall,SA06
/content/drive/MyDrive/datasets/Mosaic_ADL_2x2/Fall/SA06/F13_SA06_R05_T0.0-5.0s.png,1,Fall,SA06
/content/drive/MyDrive/datasets/Mosaic_ADL_2x2/Fall/SA06/F13_SA06_R05_T2.5-7.5s.png,1,Fall,SA06
/content/drive/MyDrive/datasets/Mosaic_ADL_2x2/Fall/SA06/F13_SA06_R05_T5.0-10.0s.png,1,Fall,SA06
/content/drive/MyDrive/datasets/Mosaic_ADL_2x2/Fall/SA06/F13_SA06_R05_T7.5-12.5s.png,1,Fall,SA06
/content/drive/MyDrive/datasets/Mosaic_ADL_2x2/Fall/SA06/F13_SA06_R05_T10.0-15.0s.png,1,Fall,SA06
/content/drive/MyDrive/datasets/Mosaic_ADL_2x2/Fall/SA06/F14_SA06_R01_T0.0-5.0s.png,1,Fall,SA06
/content/drive/MyDrive/datasets/Mosaic_ADL_2x2/Fall/SA06/F14_SA06_R01_T2.5-7.5s.png,1,Fall,SA06
/content/drive/MyDrive/datasets/Mosaic_ADL_2x2/Fall/SA06/F14_SA06_R01_T5.0-10.0s.png,1,Fall,SA06
/content/drive/MyDrive/datasets/Mosaic_ADL_2x2/Fall/SA06/F14_SA06_R01_T7.5-12.5s.png,1,Fall,SA06
/content/drive/MyDrive/datasets/Mosaic_ADL_2x2/Fall/SA06/F14_SA06_R01_T10.0-15.0s.png,1,Fall,SA06
/content/drive/MyDrive/datasets/Mosaic_ADL_2x2/Fall/SA06/F14_SA06_R02_T0.0-5.0s.png,1,Fall,SA06
/content/drive/MyDrive/datasets/Mosaic_ADL_2x2/Fall/SA06/F14_SA06_R02_T2.5-7.5s.png,1,Fall,SA06
/content/drive/MyDrive/datasets/Mosaic_ADL_2x2/Fall/SA06/F14_SA06_R02_T5.0-10.0s.png,1,Fall,SA06
/content/drive/MyDrive/datasets/Mosaic_ADL_2x2/Fall/SA06/F14_SA06_R02_T7.5-12.5s.png,1,Fall,SA06
/content/drive/MyDrive/datasets/Mosaic_ADL_2x2/Fall/SA06/F14_SA06_R02_T10.0-15.0s.png,1,Fall,SA06
/content/drive/MyDrive/datasets/Mosaic_ADL_2x2/Fall/SA06/F14_SA06_R03_T0.0-5.0s.png,1,Fall,SA06
/content/drive/MyDrive/datasets/Mosaic_ADL_2x2/Fall/SA06/F14_SA06_R03_T2.5-7.5s.png,1,Fall,SA06
/content/drive/MyDrive/datasets/Mosaic_ADL_2x2/Fall/SA06/F14_SA06_R03_T5.0-10.0s.png,1,Fall,SA06
/content/drive/MyDrive/datasets/Mosaic_ADL_2x2/Fall/SA06/F14_SA06_R03_T7.5-12.5s.png,1,Fall,SA06
/content/drive/MyDrive/datasets/Mosaic_ADL_2x2/Fall/SA06/F14_SA06_R03_T10.0-15.0s.png,1,Fall,SA06
/content/drive/MyDrive/datasets/Mosaic_ADL_2x2/Fall/SA06/F14_SA06_R04_T0.0-5.0s.png,1,Fall,SA06
/content/drive/MyDrive/datasets/Mosaic_ADL_2x2/Fall/SA06/F14_SA06_R04_T2.5-7.5s.png,1,Fall,SA06
/content/drive/MyDrive/datasets/Mosaic_ADL_2x2/Fall/SA06/F14_SA06_R04_T5.0-10.0s.png,1,Fall,SA06
/content/drive/MyDrive/datasets/Mosaic_ADL_2x2/Fall/SA06/F14_SA06_R04_T7.5-12.5s.png,1,Fall,SA06
/content/drive/MyDrive/datasets/Mosaic_ADL_2x2/Fall/SA06/F14_SA06_R04_T10.0-15.0s.png,1,Fall,SA06
/content/drive/MyDrive/datasets/Mosaic_ADL_2x2/Fall/SA06/F14_SA06_R05_T0.0-5.0s.png,1,Fall,SA06
/content/drive/MyDrive/datasets/Mosaic_ADL_2x2/Fall/SA06/F14_SA06_R05_T2.5-7.5s.png,1,Fall,SA06
/content/drive/MyDrive/datasets/Mosaic_ADL_2x2/Fall/SA06/F14_SA06_R05_T5.0-10.0s.png,1,Fall,SA06
/content/drive/MyDrive/datasets/Mosaic_ADL_2x2/Fall/SA06/F14_SA06_R05_T7.5-12.5s.png,1,Fall,SA06
/content/drive/MyDrive/datasets/Mosaic_ADL_2x2/Fall/SA06/F14_SA06_R05_T10.0-15.0s.png,1,Fall,SA06
/content/drive/MyDrive/datasets/Mosaic_ADL_2x2/Fall/SA06/F15_SA06_R01_T0.0-5.0s.png,1,Fall,SA06
/content/drive/MyDrive/datasets/Mosaic_ADL_2x2/Fall/SA06/F15_SA06_R01_T2.5-7.5s.png,1,Fall,SA06
/content/drive/MyDrive/datasets/Mosaic_ADL_2x2/Fall/SA06/F15_SA06_R01_T5.0-10.0s.png,1,Fall,SA06
/content/drive/MyDrive/datasets/Mosaic_ADL_2x2/Fall/SA06/F15_SA06_R01_T7.5-12.5s.png,1,Fall,SA06
/content/drive/MyDrive/datasets/Mosaic_ADL_2x2/Fall/SA06/F15_SA06_R01_T10.0-15.0s.png,1,Fall,SA06
/content/drive/MyDrive/datasets/Mosaic_ADL_2x2/Fall/SA06/F15_SA06_R02_T0.0-5.0s.png,1,Fall,SA06
/content/drive/MyDrive/datasets/Mosaic_ADL_2x2/Fall/SA06/F15_SA06_R02_T2.5-7.5s.png,1,Fall,SA06
/content/drive/MyDrive/datasets/Mosaic_ADL_2x2/Fall/SA06/F15_SA06_R02_T5.0-10.0s.png,1,Fall,SA06
/content/drive/MyDrive/datasets/Mosaic_ADL_2x2/Fall/SA06/F15_SA06_R02_T7.5-12.5s.png,1,Fall,SA06
/content/drive/MyDrive/datasets/Mosaic_ADL_2x2/Fall/SA06/F15_SA06_R02_T10.0-15.0s.png,1,Fall,SA06
/content/drive/MyDrive/datasets/Mosaic_ADL_2x2/Fall/SA06/F15_SA06_R03_T0.0-5.0s.png,1,Fall,SA06
/content/drive/MyDrive/datasets/Mosaic_ADL_2x2/Fall/SA06/F15_SA06_R03_T2.5-7.5s.png,1,Fall,SA06
/content/drive/MyDrive/datasets/Mosaic_ADL_2x2/Fall/SA06/F15_SA06_R03_T5.0-10.0s.png,1,Fall,SA06
/content/drive/MyDrive/datasets/Mosaic_ADL_2x2/Fall/SA06/F15_SA06_R03_T7.5-12.5s.png,1,Fall,SA06
/content/drive/MyDrive/datasets/Mosaic_ADL_2x2/Fall/SA06/F15_SA06_R04_T0.0-5.0s.png,1,Fall,SA06
/content/drive/MyDrive/datasets/Mosaic_ADL_2x2/Fall/SA06/F15_SA06_R04_T2.5-7.5s.png,1,Fall,SA06
/content/drive/MyDrive/datasets/Mosaic_ADL_2x2/Fall/SA06/F15_SA06_R04_T5.0-10.0s.png,1,Fall,SA06
/content/drive/MyDrive/datasets/Mosaic_ADL_2x2/Fall/SA06/F15_SA06_R04_T7.5-12.5s.png,1,Fall,SA06
/content/drive/MyDrive/datasets/Mosaic_ADL_2x2/Fall/SA06/F15_SA06_R04_T10.0-15.0s.png,1,Fall,SA06
/content/drive/MyDrive/datasets/Mosaic_ADL_2x2/Fall/SA06/F15_SA06_R05_T0.0-5.0s.png,1,Fall,SA06
/content/drive/MyDrive/datasets/Mosaic_ADL_2x2/Fall/SA06/F15_SA06_R05_T2.5-7.5s.png,1,Fall,SA06
/content/drive/MyDrive/datasets/Mosaic_ADL_2x2/Fall/SA06/F15_SA06_R05_T5.0-10.0s.png,1,Fall,SA06
/content/drive/MyDrive/datasets/Mosaic_ADL_2x2/Fall/SA06/F15_SA06_R05_T7.5-12.5s.png,1,Fall,SA06
/content/drive/MyDrive/datasets/Mosaic_ADL_2x2/Fall/SA06/F15_SA06_R05_T10.0-15.0s.png,1,Fall,SA06
/content/drive/MyDrive/datasets/Mosaic_ADL_2x2/Fall/SA09/F01_SA09_R01_T0.0-5.0s.png,1,Fall,SA09
/content/drive/MyDrive/datasets/Mosaic_ADL_2x2/Fall/SA09/F01_SA09_R01_T2.5-7.5s.png,1,Fall,SA09
/content/drive/MyDrive/datasets/Mosaic_ADL_2x2/Fall/SA09/F01_SA09_R01_T5.0-10.0s.png,1,Fall,SA09
/content/drive/MyDrive/datasets/Mosaic_ADL_2x2/Fall/SA09/F01_SA09_R01_T7.5-12.5s.png,1,Fall,SA09
/content/drive/MyDrive/datasets/Mosaic_ADL_2x2/Fall/SA09/F01_SA09_R01_T10.0-15.0s.png,1,Fall,SA09
/content/drive/MyDrive/datasets/Mosaic_ADL_2x2/Fall/SA09/F01_SA09_R02_T0.0-5.0s.png,1,Fall,SA09
/content/drive/MyDrive/datasets/Mosaic_ADL_2x2/Fall/SA09/F01_SA09_R02_T2.5-7.5s.png,1,Fall,SA09
/content/drive/MyDrive/datasets/Mosaic_ADL_2x2/Fall/SA09/F01_SA09_R02_T5.0-10.0s.png,1,Fall,SA09
/content/drive/MyDrive/datasets/Mosaic_ADL_2x2/Fall/SA09/F01_SA09_R02_T7.5-12.5s.png,1,Fall,SA09
/content/drive/MyDrive/datasets/Mosaic_ADL_2x2/Fall/SA09/F01_SA09_R02_T10.0-15.0s.png,1,Fall,SA09
/content/drive/MyDrive/datasets/Mosaic_ADL_2x2/Fall/SA09/F01_SA09_R03_T0.0-5.0s.png,1,Fall,SA09
/content/drive/MyDrive/datasets/Mosaic_ADL_2x2/Fall/SA09/F01_SA09_R03_T2.5-7.5s.png,1,Fall,SA09
/content/drive/MyDrive/datasets/Mosaic_ADL_2x2/Fall/SA09/F01_SA09_R03_T5.0-10.0s.png,1,Fall,SA09
/content/drive/MyDrive/datasets/Mosaic_ADL_2x2/Fall/SA09/F01_SA09_R03_T7.5-12.5s.png,1,Fall,SA09
/content/drive/MyDrive/datasets/Mosaic_ADL_2x2/Fall/SA09/F01_SA09_R03_T10.0-15.0s.png,1,Fall,SA09
/content/drive/MyDrive/datasets/Mosaic_ADL_2x2/Fall/SA09/F01_SA09_R04_T0.0-5.0s.png,1,Fall,SA09
/content/drive/MyDrive/datasets/Mosaic_ADL_2x2/Fall/SA09/F01_SA09_R04_T2.5-7.5s.png,1,Fall,SA09
/content/drive/MyDrive/datasets/Mosaic_ADL_2x2/Fall/SA09/F01_SA09_R04_T5.0-10.0s.png,1,Fall,SA09
/content/drive/MyDrive/datasets/Mosaic_ADL_2x2/Fall/SA09/F01_SA09_R04_T7.5-12.5s.png,1,Fall,SA09
/content/drive/MyDrive/datasets/Mosaic_ADL_2x2/Fall/SA09/F01_SA09_R04_T10.0-15.0s.png,1,Fall,SA09
/content/drive/MyDrive/datasets/Mosaic_ADL_2x2/Fall/SA09/F01_SA09_R05_T0.0-5.0s.png,1,Fall,SA09
/content/drive/MyDrive/datasets/Mosaic_ADL_2x2/Fall/SA09/F01_SA09_R05_T2.5-7.5s.png,1,Fall,SA09
/content/drive/MyDrive/datasets/Mosaic_ADL_2x2/Fall/SA09/F01_SA09_R05_T5.0-10.0s.png,1,Fall,SA09
/content/drive/MyDrive/datasets/Mosaic_ADL_2x2/Fall/SA09/F01_SA09_R05_T7.5-12.5s.png,1,Fall,SA09
/content/drive/MyDrive/datasets/Mosaic_ADL_2x2/Fall/SA09/F01_SA09_R05_T10.0-15.0s.png,1,Fall,SA09
/content/drive/MyDrive/datasets/Mosaic_ADL_2x2/Fall/SA09/F02_SA09_R01_T0.0-5.0s.png,1,Fall,SA09
/content/drive/MyDrive/datasets/Mosaic_ADL_2x2/Fall/SA09/F02_SA09_R01_T2.5-7.5s.png,1,Fall,SA09
/content/drive/MyDrive/datasets/Mosaic_ADL_2x2/Fall/SA09/F02_SA09_R01_T5.0-10.0s.png,1,Fall,SA09
/content/drive/MyDrive/datasets/Mosaic_ADL_2x2/Fall/SA09/F02_SA09_R01_T7.5-12.5s.png,1,Fall,SA09
/content/drive/MyDrive/datasets/Mosaic_ADL_2x2/Fall/SA09/F02_SA09_R01_T10.0-15.0s.png,1,Fall,SA09
/content/drive/MyDrive/datasets/Mosaic_ADL_2x2/Fall/SA09/F02_SA09_R02_T0.0-5.0s.png,1,Fall,SA09
/content/drive/MyDrive/datasets/Mosaic_ADL_2x2/Fall/SA09/F02_SA09_R02_T2.5-7.5s.png,1,Fall,SA09
/content/drive/MyDrive/datasets/Mosaic_ADL_2x2/Fall/SA09/F02_SA09_R02_T5.0-10.0s.png,1,Fall,SA09
/content/drive/MyDrive/datasets/Mosaic_ADL_2x2/Fall/SA09/F02_SA09_R02_T7.5-12.5s.png,1,Fall,SA09
/content/drive/MyDrive/datasets/Mosaic_ADL_2x2/Fall/SA09/F02_SA09_R02_T10.0-15.0s.png,1,Fall,SA09
/content/drive/MyDrive/datasets/Mosaic_ADL_2x2/Fall/SA09/F02_SA09_R03_T0.0-5.0s.png,1,Fall,SA09
/content/drive/MyDrive/datasets/Mosaic_ADL_2x2/Fall/SA09/F02_SA09_R03_T2.5-7.5s.png,1,Fall,SA09
/content/drive/MyDrive/datasets/Mosaic_ADL_2x2/Fall/SA09/F02_SA09_R03_T5.0-10.0s.png,1,Fall,SA09
/content/drive/MyDrive/datasets/Mosaic_ADL_2x2/Fall/SA09/F02_SA09_R03_T7.5-12.5s.png,1,Fall,SA09
/content/drive/MyDrive/datasets/Mosaic_ADL_2x2/Fall/SA09/F02_SA09_R03_T10.0-15.0s.png,1,Fall,SA09
/content/drive/MyDrive/datasets/Mosaic_ADL_2x2/Fall/SA09/F02_SA09_R04_T0.0-5.0s.png,1,Fall,SA09
/content/drive/MyDrive/datasets/Mosaic_ADL_2x2/Fall/SA09/F02_SA09_R04_T2.5-7.5s.png,1,Fall,SA09
/content/drive/MyDrive/datasets/Mosaic_ADL_2x2/Fall/SA09/F02_SA09_R04_T5.0-10.0s.png,1,Fall,SA09
/content/drive/MyDrive/datasets/Mosaic_ADL_2x2/Fall/SA09/F02_SA09_R04_T7.5-12.5s.png,1,Fall,SA09
/content/drive/MyDrive/datasets/Mosaic_ADL_2x2/Fall/SA09/F02_SA09_R04_T10.0-15.0s.png,1,Fall,SA09
/content/drive/MyDrive/datasets/Mosaic_ADL_2x2/Fall/SA09/F02_SA09_R05_T0.0-5.0s.png,1,Fall,SA09
/content/drive/MyDrive/datasets/Mosaic_ADL_2x2/Fall/SA09/F02_SA09_R05_T2.5-7.5s.png,1,Fall,SA09
/content/drive/MyDrive/datasets/Mosaic_ADL_2x2/Fall/SA09/F02_SA09_R05_T5.0-10.0s.png,1,Fall,SA09
/content/drive/MyDrive/datasets/Mosaic_ADL_2x2/Fall/SA09/F02_SA09_R05_T7.5-12.5s.png,1,Fall,SA09
/content/drive/MyDrive/datasets/Mosaic_ADL_2x2/Fall/SA09/F03_SA09_R01_T0.0-5.0s.png,1,Fall,SA09
/content/drive/MyDrive/datasets/Mosaic_ADL_2x2/Fall/SA09/F03_SA09_R01_T2.5-7.5s.png,1,Fall,SA09
/content/drive/MyDrive/datasets/Mosaic_ADL_2x2/Fall/SA09/F03_SA09_R01_T5.0-10.0s.png,1,Fall,SA09
/content/drive/MyDrive/datasets/Mosaic_ADL_2x2/Fall/SA09/F03_SA09_R01_T7.5-12.5s.png,1,Fall,SA09
/content/drive/MyDrive/datasets/Mosaic_ADL_2x2/Fall/SA09/F03_SA09_R01_T10.0-15.0s.png,1,Fall,SA09
/content/drive/MyDrive/datasets/Mosaic_ADL_2x2/Fall/SA09/F03_SA09_R02_T0.0-5.0s.png,1,Fall,SA09
/content/drive/MyDrive/datasets/Mosaic_ADL_2x2/Fall/SA09/F03_SA09_R02_T2.5-7.5s.png,1,Fall,SA09
/content/drive/MyDrive/datasets/Mosaic_ADL_2x2/Fall/SA09/F03_SA09_R02_T5.0-10.0s.png,1,Fall,SA09
/content/drive/MyDrive/datasets/Mosaic_ADL_2x2/Fall/SA09/F03_SA09_R02_T7.5-12.5s.png,1,Fall,SA09
/content/drive/MyDrive/datasets/Mosaic_ADL_2x2/Fall/SA09/F03_SA09_R02_T10.0-15.0s.png,1,Fall,SA09
/content/drive/MyDrive/datasets/Mosaic_ADL_2x2/Fall/SA09/F03_SA09_R03_T0.0-5.0s.png,1,Fall,SA09
/content/drive/MyDrive/datasets/Mosaic_ADL_2x2/Fall/SA09/F03_SA09_R03_T2.5-7.5s.png,1,Fall,SA09
/content/drive/MyDrive/datasets/Mosaic_ADL_2x2/Fall/SA09/F03_SA09_R03_T5.0-10.0s.png,1,Fall,SA09
/content/drive/MyDrive/datasets/Mosaic_ADL_2x2/Fall/SA09/F03_SA09_R03_T7.5-12.5s.png,1,Fall,SA09
/content/drive/MyDrive/datasets/Mosaic_ADL_2x2/Fall/SA09/F03_SA09_R03_T10.0-15.0s.png,1,Fall,SA09
/content/drive/MyDrive/datasets/Mosaic_ADL_2x2/Fall/SA09/F03_SA09_R04_T0.0-5.0s.png,1,Fall,SA09
/content/drive/MyDrive/datasets/Mosaic_ADL_2x2/Fall/SA09/F03_SA09_R04_T2.5-7.5s.png,1,Fall,SA09
/content/drive/MyDrive/datasets/Mosaic_ADL_2x2/Fall/SA09/F03_SA09_R04_T5.0-10.0s.png,1,Fall,SA09
/content/drive/MyDrive/datasets/Mosaic_ADL_2x2/Fall/SA09/F03_SA09_R04_T7.5-12.5s.png,1,Fall,SA09
/content/drive/MyDrive/datasets/Mosaic_ADL_2x2/Fall/SA09/F03_SA09_R04_T10.0-15.0s.png,1,Fall,SA09
/content/drive/MyDrive/datasets/Mosaic_ADL_2x2/Fall/SA09/F03_SA09_R05_T0.0-5.0s.png,1,Fall,SA09
/content/drive/MyDrive/datasets/Mosaic_ADL_2x2/Fall/SA09/F03_SA09_R05_T2.5-7.5s.png,1,Fall,SA09
/content/drive/MyDrive/datasets/Mosaic_ADL_2x2/Fall/SA09/F03_SA09_R05_T5.0-10.0s.png,1,Fall,SA09
/content/drive/MyDrive/datasets/Mosaic_ADL_2x2/Fall/SA09/F03_SA09_R05_T7.5-12.5s.png,1,Fall,SA09
/content/drive/MyDrive/datasets/Mosaic_ADL_2x2/Fall/SA09/F03_SA09_R05_T10.0-15.0s.png,1,Fall,SA09
/content/drive/MyDrive/datasets/Mosaic_ADL_2x2/Fall/SA09/F04_SA09_R01_T0.0-5.0s.png,1,Fall,SA09
/content/drive/MyDrive/datasets/Mosaic_ADL_2x2/Fall/SA09/F04_SA09_R01_T2.5-7.5s.png,1,Fall,SA09
/content/drive/MyDrive/datasets/Mosaic_ADL_2x2/Fall/SA09/F04_SA09_R01_T5.0-10.0s.png,1,Fall,SA09
/content/drive/MyDrive/datasets/Mosaic_ADL_2x2/Fall/SA09/F04_SA09_R01_T7.5-12.5s.png,1,Fall,SA09
/content/drive/MyDrive/datasets/Mosaic_ADL_2x2/Fall/SA09/F04_SA09_R01_T10.0-15.0s.png,1,Fall,SA09
/content/drive/MyDrive/datasets/Mosaic_ADL_2x2/Fall/SA09/F04_SA09_R02_T0.0-5.0s.png,1,Fall,SA09
/content/drive/MyDrive/datasets/Mosaic_ADL_2x2/Fall/SA09/F04_SA09_R02_T2.5-7.5s.png,1,Fall,SA09
/content/drive/MyDrive/datasets/Mosaic_ADL_2x2/Fall/SA09/F04_SA09_R02_T5.0-10.0s.png,1,Fall,SA09
/content/drive/MyDrive/datasets/Mosaic_ADL_2x2/Fall/SA09/F04_SA09_R02_T7.5-12.5s.png,1,Fall,SA09
/content/drive/MyDrive/datasets/Mosaic_ADL_2x2/Fall/SA09/F04_SA09_R02_T10.0-15.0s.png,1,Fall,SA09
/content/drive/MyDrive/datasets/Mosaic_ADL_2x2/Fall/SA09/F04_SA09_R03_T0.0-5.0s.png,1,Fall,SA09
/content/drive/MyDrive/datasets/Mosaic_ADL_2x2/Fall/SA09/F04_SA09_R03_T2.5-7.5s.png,1,Fall,SA09
/content/drive/MyDrive/datasets/Mosaic_ADL_2x2/Fall/SA09/F04_SA09_R03_T5.0-10.0s.png,1,Fall,SA09
/content/drive/MyDrive/datasets/Mosaic_ADL_2x2/Fall/SA09/F04_SA09_R03_T7.5-12.5s.png,1,Fall,SA09
/content/drive/MyDrive/datasets/Mosaic_ADL_2x2/Fall/SA09/F04_SA09_R03_T10.0-15.0s.png,1,Fall,SA09
/content/drive/MyDrive/datasets/Mosaic_ADL_2x2/Fall/SA09/F04_SA09_R04_T0.0-5.0s.png,1,Fall,SA09
/content/drive/MyDrive/datasets/Mosaic_ADL_2x2/Fall/SA09/F04_SA09_R04_T2.5-7.5s.png,1,Fall,SA09
/content/drive/MyDrive/datasets/Mosaic_ADL_2x2/Fall/SA09/F04_SA09_R04_T5.0-10.0s.png,1,Fall,SA09
/content/drive/MyDrive/datasets/Mosaic_ADL_2x2/Fall/SA09/F04_SA09_R04_T7.5-12.5s.png,1,Fall,SA09
/content/drive/MyDrive/datasets/Mosaic_ADL_2x2/Fall/SA09/F04_SA09_R04_T10.0-15.0s.png,1,Fall,SA09
/content/drive/MyDrive/datasets/Mosaic_ADL_2x2/Fall/SA09/F04_SA09_R05_T0.0-5.0s.png,1,Fall,SA09
/content/drive/MyDrive/datasets/Mosaic_ADL_2x2/Fall/SA09/F04_SA09_R05_T2.5-7.5s.png,1,Fall,SA09
/content/drive/MyDrive/datasets/Mosaic_ADL_2x2/Fall/SA09/F04_SA09_R05_T5.0-10.0s.png,1,Fall,SA09
/content/drive/MyDrive/datasets/Mosaic_ADL_2x2/Fall/SA09/F04_SA09_R05_T7.5-12.5s.png,1,Fall,SA09
/content/drive/MyDrive/datasets/Mosaic_ADL_2x2/Fall/SA09/F04_SA09_R05_T10.0-15.0s.png,1,Fall,SA09
/content/drive/MyDrive/datasets/Mosaic_ADL_2x2/Fall/SA09/F05_SA09_R01_T0.0-5.0s.png,1,Fall,SA09
/content/drive/MyDrive/datasets/Mosaic_ADL_2x2/Fall/SA09/F05_SA09_R01_T2.5-7.5s.png,1,Fall,SA09
/content/drive/MyDrive/datasets/Mosaic_ADL_2x2/Fall/SA09/F05_SA09_R01_T5.0-10.0s.png,1,Fall,SA09
/content/drive/MyDrive/datasets/Mosaic_ADL_2x2/Fall/SA09/F05_SA09_R01_T7.5-12.5s.png,1,Fall,SA09
/content/drive/MyDrive/datasets/Mosaic_ADL_2x2/Fall/SA09/F05_SA09_R01_T10.0-15.0s.png,1,Fall,SA09
/content/drive/MyDrive/datasets/Mosaic_ADL_2x2/Fall/SA09/F05_SA09_R02_T0.0-5.0s.png,1,Fall,SA09
/content/drive/MyDrive/datasets/Mosaic_ADL_2x2/Fall/SA09/F05_SA09_R02_T2.5-7.5s.png,1,Fall,SA09
/content/drive/MyDrive/datasets/Mosaic_ADL_2x2/Fall/SA09/F05_SA09_R02_T5.0-10.0s.png,1,Fall,SA09
/content/drive/MyDrive/datasets/Mosaic_ADL_2x2/Fall/SA09/F05_SA09_R02_T7.5-12.5s.png,1,Fall,SA09
/content/drive/MyDrive/datasets/Mosaic_ADL_2x2/Fall/SA09/F05_SA09_R02_T10.0-15.0s.png,1,Fall,SA09
/content/drive/MyDrive/datasets/Mosaic_ADL_2x2/Fall/SA09/F05_SA09_R03_T0.0-5.0s.png,1,Fall,SA09
/content/drive/MyDrive/datasets/Mosaic_ADL_2x2/Fall/SA09/F05_SA09_R03_T2.5-7.5s.png,1,Fall,SA09
/content/drive/MyDrive/datasets/Mosaic_ADL_2x2/Fall/SA09/F05_SA09_R03_T5.0-10.0s.png,1,Fall,SA09
/content/drive/MyDrive/datasets/Mosaic_ADL_2x2/Fall/SA09/F05_SA09_R03_T7.5-12.5s.png,1,Fall,SA09
/content/drive/MyDrive/datasets/Mosaic_ADL_2x2/Fall/SA09/F05_SA09_R03_T10.0-15.0s.png,1,Fall,SA09
/content/drive/MyDrive/datasets/Mosaic_ADL_2x2/Fall/SA09/F05_SA09_R04_T0.0-5.0s.png,1,Fall,SA09
/content/drive/MyDrive/datasets/Mosaic_ADL_2x2/Fall/SA09/F05_SA09_R04_T2.5-7.5s.png,1,Fall,SA09
/content/drive/MyDrive/datasets/Mosaic_ADL_2x2/Fall/SA09/F05_SA09_R04_T5.0-10.0s.png,1,Fall,SA09
/content/drive/MyDrive/datasets/Mosaic_ADL_2x2/Fall/SA09/F05_SA09_R04_T7.5-12.5s.png,1,Fall,SA09
/content/drive/MyDrive/datasets/Mosaic_ADL_2x2/Fall/SA09/F05_SA09_R04_T10.0-15.0s.png,1,Fall,SA09
/content/drive/MyDrive/datasets/Mosaic_ADL_2x2/Fall/SA09/F05_SA09_R05_T0.0-5.0s.png,1,Fall,SA09
/content/drive/MyDrive/datasets/Mosaic_ADL_2x2/Fall/SA09/F05_SA09_R05_T2.5-7.5s.png,1,Fall,SA09
/content/drive/MyDrive/datasets/Mosaic_ADL_2x2/Fall/SA09/F05_SA09_R05_T5.0-10.0s.png,1,Fall,SA09
/content/drive/MyDrive/datasets/Mosaic_ADL_2x2/Fall/SA09/F05_SA09_R05_T7.5-12.5s.png,1,Fall,SA09
/content/drive/MyDrive/datasets/Mosaic_ADL_2x2/Fall/SA09/F05_SA09_R05_T10.0-15.0s.png,1,Fall,SA09
/content/drive/MyDrive/datasets/Mosaic_ADL_2x2/Fall/SA09/F06_SA09_R01_T0.0-5.0s.png,1,Fall,SA09
/content/drive/MyDrive/datasets/Mosaic_ADL_2x2/Fall/SA09/F06_SA09_R01_T2.5-7.5s.png,1,Fall,SA09
/content/drive/MyDrive/datasets/Mosaic_ADL_2x2/Fall/SA09/F06_SA09_R01_T5.0-10.0s.png,1,Fall,SA09
/content/drive/MyDrive/datasets/Mosaic_ADL_2x2/Fall/SA09/F06_SA09_R01_T7.5-12.5s.png,1,Fall,SA09
/content/drive/MyDrive/datasets/Mosaic_ADL_2x2/Fall/SA09/F06_SA09_R01_T10.0-15.0s.png,1,Fall,SA09
/content/drive/MyDrive/datasets/Mosaic_ADL_2x2/Fall/SA09/F06_SA09_R02_T0.0-5.0s.png,1,Fall,SA09
/content/drive/MyDrive/datasets/Mosaic_ADL_2x2/Fall/SA09/F06_SA09_R02_T2.5-7.5s.png,1,Fall,SA09
/content/drive/MyDrive/datasets/Mosaic_ADL_2x2/Fall/SA09/F06_SA09_R02_T5.0-10.0s.png,1,Fall,SA09
/content/drive/MyDrive/datasets/Mosaic_ADL_2x2/Fall/SA09/F06_SA09_R02_T7.5-12.5s.png,1,Fall,SA09
/content/drive/MyDrive/datasets/Mosaic_ADL_2x2/Fall/SA09/F06_SA09_R02_T10.0-15.0s.png,1,Fall,SA09
/content/drive/MyDrive/datasets/Mosaic_ADL_2x2/Fall/SA09/F06_SA09_R03_T0.0-5.0s.png,1,Fall,SA09
/content/drive/MyDrive/datasets/Mosaic_ADL_2x2/Fall/SA09/F06_SA09_R03_T2.5-7.5s.png,1,Fall,SA09
/content/drive/MyDrive/datasets/Mosaic_ADL_2x2/Fall/SA09/F06_SA09_R03_T5.0-10.0s.png,1,Fall,SA09
/content/drive/MyDrive/datasets/Mosaic_ADL_2x2/Fall/SA09/F06_SA09_R03_T7.5-12.5s.png,1,Fall,SA09
/content/drive/MyDrive/datasets/Mosaic_ADL_2x2/Fall/SA09/F06_SA09_R03_T10.0-15.0s.png,1,Fall,SA09
/content/drive/MyDrive/datasets/Mosaic_ADL_2x2/Fall/SA09/F06_SA09_R04_T0.0-5.0s.png,1,Fall,SA09
/content/drive/MyDrive/datasets/Mosaic_ADL_2x2/Fall/SA09/F06_SA09_R04_T2.5-7.5s.png,1,Fall,SA09
/content/drive/MyDrive/datasets/Mosaic_ADL_2x2/Fall/SA09/F06_SA09_R04_T5.0-10.0s.png,1,Fall,SA09
/content/drive/MyDrive/datasets/Mosaic_ADL_2x2/Fall/SA09/F06_SA09_R04_T7.5-12.5s.png,1,Fall,SA09
/content/drive/MyDrive/datasets/Mosaic_ADL_2x2/Fall/SA09/F06_SA09_R04_T10.0-15.0s.png,1,Fall,SA09
/content/drive/MyDrive/datasets/Mosaic_ADL_2x2/Fall/SA09/F06_SA09_R05_T0.0-5.0s.png,1,Fall,SA09
/content/drive/MyDrive/datasets/Mosaic_ADL_2x2/Fall/SA09/F06_SA09_R05_T2.5-7.5s.png,1,Fall,SA09
/content/drive/MyDrive/datasets/Mosaic_ADL_2x2/Fall/SA09/F06_SA09_R05_T5.0-10.0s.png,1,Fall,SA09
/content/drive/MyDrive/datasets/Mosaic_ADL_2x2/Fall/SA09/F06_SA09_R05_T7.5-12.5s.png,1,Fall,SA09
/content/drive/MyDrive/datasets/Mosaic_ADL_2x2/Fall/SA09/F06_SA09_R05_T10.0-15.0s.png,1,Fall,SA09
/content/drive/MyDrive/datasets/Mosaic_ADL_2x2/Fall/SA09/F07_SA09_R01_T0.0-5.0s.png,1,Fall,SA09
/content/drive/MyDrive/datasets/Mosaic_ADL_2x2/Fall/SA09/F07_SA09_R01_T2.5-7.5s.png,1,Fall,SA09
/content/drive/MyDrive/datasets/Mosaic_ADL_2x2/Fall/SA09/F07_SA09_R01_T5.0-10.0s.png,1,Fall,SA09
/content/drive/MyDrive/datasets/Mosaic_ADL_2x2/Fall/SA09/F07_SA09_R01_T7.5-12.5s.png,1,Fall,SA09
/content/drive/MyDrive/datasets/Mosaic_ADL_2x2/Fall/SA09/F07_SA09_R02_T0.0-5.0s.png,1,Fall,SA09
/content/drive/MyDrive/datasets/Mosaic_ADL_2x2/Fall/SA09/F07_SA09_R02_T2.5-7.5s.png,1,Fall,SA09
/content/drive/MyDrive/datasets/Mosaic_ADL_2x2/Fall/SA09/F07_SA09_R02_T5.0-10.0s.png,1,Fall,SA09
/content/drive/MyDrive/datasets/Mosaic_ADL_2x2/Fall/SA09/F07_SA09_R02_T7.5-12.5s.png,1,Fall,SA09
/content/drive/MyDrive/datasets/Mosaic_ADL_2x2/Fall/SA09/F07_SA09_R02_T10.0-15.0s.png,1,Fall,SA09
/content/drive/MyDrive/datasets/Mosaic_ADL_2x2/Fall/SA09/F07_SA09_R03_T0.0-5.0s.png,1,Fall,SA09
/content/drive/MyDrive/datasets/Mosaic_ADL_2x2/Fall/SA09/F07_SA09_R03_T2.5-7.5s.png,1,Fall,SA09
/content/drive/MyDrive/datasets/Mosaic_ADL_2x2/Fall/SA09/F07_SA09_R03_T5.0-10.0s.png,1,Fall,SA09
/content/drive/MyDrive/datasets/Mosaic_ADL_2x2/Fall/SA09/F07_SA09_R03_T7.5-12.5s.png,1,Fall,SA09
/content/drive/MyDrive/datasets/Mosaic_ADL_2x2/Fall/SA09/F07_SA09_R03_T10.0-15.0s.png,1,Fall,SA09
/content/drive/MyDrive/datasets/Mosaic_ADL_2x2/Fall/SA09/F07_SA09_R04_T0.0-5.0s.png,1,Fall,SA09
/content/drive/MyDrive/datasets/Mosaic_ADL_2x2/Fall/SA09/F07_SA09_R04_T2.5-7.5s.png,1,Fall,SA09
/content/drive/MyDrive/datasets/Mosaic_ADL_2x2/Fall/SA09/F07_SA09_R04_T5.0-10.0s.png,1,Fall,SA09
/content/drive/MyDrive/datasets/Mosaic_ADL_2x2/Fall/SA09/F07_SA09_R04_T7.5-12.5s.png,1,Fall,SA09
/content/drive/MyDrive/datasets/Mosaic_ADL_2x2/Fall/SA09/F07_SA09_R04_T10.0-15.0s.png,1,Fall,SA09
/content/drive/MyDrive/datasets/Mosaic_ADL_2x2/Fall/SA09/F07_SA09_R05_T0.0-5.0s.png,1,Fall,SA09
/content/drive/MyDrive/datasets/Mosaic_ADL_2x2/Fall/SA09/F07_SA09_R05_T2.5-7.5s.png,1,Fall,SA09
/content/drive/MyDrive/datasets/Mosaic_ADL_2x2/Fall/SA09/F07_SA09_R05_T5.0-10.0s.png,1,Fall,SA09
/content/drive/MyDrive/datasets/Mosaic_ADL_2x2/Fall/SA09/F07_SA09_R05_T7.5-12.5s.png,1,Fall,SA09
/content/drive/MyDrive/datasets/Mosaic_ADL_2x2/Fall/SA09/F07_SA09_R05_T10.0-15.0s.png,1,Fall,SA09
/content/drive/MyDrive/datasets/Mosaic_ADL_2x2/Fall/SA09/F08_SA09_R01_T0.0-5.0s.png,1,Fall,SA09
/content/drive/MyDrive/datasets/Mosaic_ADL_2x2/Fall/SA09/F08_SA09_R01_T2.5-7.5s.png,1,Fall,SA09
/content/drive/MyDrive/datasets/Mosaic_ADL_2x2/Fall/SA09/F08_SA09_R01_T5.0-10.0s.png,1,Fall,SA09
/content/drive/MyDrive/datasets/Mosaic_ADL_2x2/Fall/SA09/F08_SA09_R01_T7.5-12.5s.png,1,Fall,SA09
/content/drive/MyDrive/datasets/Mosaic_ADL_2x2/Fall/SA09/F08_SA09_R01_T10.0-15.0s.png,1,Fall,SA09
/content/drive/MyDrive/datasets/Mosaic_ADL_2x2/Fall/SA09/F08_SA09_R02_T0.0-5.0s.png,1,Fall,SA09
/content/drive/MyDrive/datasets/Mosaic_ADL_2x2/Fall/SA09/F08_SA09_R02_T2.5-7.5s.png,1,Fall,SA09
/content/drive/MyDrive/datasets/Mosaic_ADL_2x2/Fall/SA09/F08_SA09_R02_T5.0-10.0s.png,1,Fall,SA09
/content/drive/MyDrive/datasets/Mosaic_ADL_2x2/Fall/SA09/F08_SA09_R02_T7.5-12.5s.png,1,Fall,SA09
/content/drive/MyDrive/datasets/Mosaic_ADL_2x2/Fall/SA09/F08_SA09_R02_T10.0-15.0s.png,1,Fall,SA09
/content/drive/MyDrive/datasets/Mosaic_ADL_2x2/Fall/SA09/F08_SA09_R03_T0.0-5.0s.png,1,Fall,SA09
/content/drive/MyDrive/datasets/Mosaic_ADL_2x2/Fall/SA09/F08_SA09_R03_T2.5-7.5s.png,1,Fall,SA09
/content/drive/MyDrive/datasets/Mosaic_ADL_2x2/Fall/SA09/F08_SA09_R03_T5.0-10.0s.png,1,Fall,SA09
/content/drive/MyDrive/datasets/Mosaic_ADL_2x2/Fall/SA09/F08_SA09_R03_T7.5-12.5s.png,1,Fall,SA09
/content/drive/MyDrive/datasets/Mosaic_ADL_2x2/Fall/SA09/F08_SA09_R03_T10.0-15.0s.png,1,Fall,SA09
/content/drive/MyDrive/datasets/Mosaic_ADL_2x2/Fall/SA09/F08_SA09_R04_T0.0-5.0s.png,1,Fall,SA09
/content/drive/MyDrive/datasets/Mosaic_ADL_2x2/Fall/SA09/F08_SA09_R04_T2.5-7.5s.png,1,Fall,SA09
/content/drive/MyDrive/datasets/Mosaic_ADL_2x2/Fall/SA09/F08_SA09_R04_T5.0-10.0s.png,1,Fall,SA09
/content/drive/MyDrive/datasets/Mosaic_ADL_2x2/Fall/SA09/F08_SA09_R04_T7.5-12.5s.png,1,Fall,SA09
/content/drive/MyDrive/datasets/Mosaic_ADL_2x2/Fall/SA09/F08_SA09_R04_T10.0-15.0s.png,1,Fall,SA09
/content/drive/MyDrive/datasets/Mosaic_ADL_2x2/Fall/SA09/F08_SA09_R05_T0.0-5.0s.png,1,Fall,SA09
/content/drive/MyDrive/datasets/Mosaic_ADL_2x2/Fall/SA09/F08_SA09_R05_T2.5-7.5s.png,1,Fall,SA09
/content/drive/MyDrive/datasets/Mosaic_ADL_2x2/Fall/SA09/F08_SA09_R05_T5.0-10.0s.png,1,Fall,SA09
/content/drive/MyDrive/datasets/Mosaic_ADL_2x2/Fall/SA09/F08_SA09_R05_T7.5-12.5s.png,1,Fall,SA09
/content/drive/MyDrive/datasets/Mosaic_ADL_2x2/Fall/SA09/F08_SA09_R05_T10.0-15.0s.png,1,Fall,SA09
/content/drive/MyDrive/datasets/Mosaic_ADL_2x2/Fall/SA09/F09_SA09_R01_T0.0-5.0s.png,1,Fall,SA09
/content/drive/MyDrive/datasets/Mosaic_ADL_2x2/Fall/SA09/F09_SA09_R01_T2.5-7.5s.png,1,Fall,SA09
/content/drive/MyDrive/datasets/Mosaic_ADL_2x2/Fall/SA09/F09_SA09_R01_T5.0-10.0s.png,1,Fall,SA09
/content/drive/MyDrive/datasets/Mosaic_ADL_2x2/Fall/SA09/F09_SA09_R01_T7.5-12.5s.png,1,Fall,SA09
/content/drive/MyDrive/datasets/Mosaic_ADL_2x2/Fall/SA09/F09_SA09_R01_T10.0-15.0s.png,1,Fall,SA09
/content/drive/MyDrive/datasets/Mosaic_ADL_2x2/Fall/SA09/F09_SA09_R02_T0.0-5.0s.png,1,Fall,SA09
/content/drive/MyDrive/datasets/Mosaic_ADL_2x2/Fall/SA09/F09_SA09_R02_T2.5-7.5s.png,1,Fall,SA09
/content/drive/MyDrive/datasets/Mosaic_ADL_2x2/Fall/SA09/F09_SA09_R02_T5.0-10.0s.png,1,Fall,SA09
/content/drive/MyDrive/datasets/Mosaic_ADL_2x2/Fall/SA09/F09_SA09_R02_T7.5-12.5s.png,1,Fall,SA09
/content/drive/MyDrive/datasets/Mosaic_ADL_2x2/Fall/SA09/F09_SA09_R02_T10.0-15.0s.png,1,Fall,SA09
/content/drive/MyDrive/datasets/Mosaic_ADL_2x2/Fall/SA09/F09_SA09_R03_T0.0-5.0s.png,1,Fall,SA09
/content/drive/MyDrive/datasets/Mosaic_ADL_2x2/Fall/SA09/F09_SA09_R03_T2.5-7.5s.png,1,Fall,SA09
/content/drive/MyDrive/datasets/Mosaic_ADL_2x2/Fall/SA09/F09_SA09_R03_T5.0-10.0s.png,1,Fall,SA09
/content/drive/MyDrive/datasets/Mosaic_ADL_2x2/Fall/SA09/F09_SA09_R03_T7.5-12.5s.png,1,Fall,SA09
/content/drive/MyDrive/datasets/Mosaic_ADL_2x2/Fall/SA09/F09_SA09_R03_T10.0-15.0s.png,1,Fall,SA09
/content/drive/MyDrive/datasets/Mosaic_ADL_2x2/Fall/SA09/F09_SA09_R04_T0.0-5.0s.png,1,Fall,SA09
/content/drive/MyDrive/datasets/Mosaic_ADL_2x2/Fall/SA09/F09_SA09_R04_T2.5-7.5s.png,1,Fall,SA09
/content/drive/MyDrive/datasets/Mosaic_ADL_2x2/Fall/SA09/F09_SA09_R04_T5.0-10.0s.png,1,Fall,SA09
/content/drive/MyDrive/datasets/Mosaic_ADL_2x2/Fall/SA09/F09_SA09_R04_T7.5-12.5s.png,1,Fall,SA09
/content/drive/MyDrive/datasets/Mosaic_ADL_2x2/Fall/SA09/F09_SA09_R04_T10.0-15.0s.png,1,Fall,SA09
/content/drive/MyDrive/datasets/Mosaic_ADL_2x2/Fall/SA09/F09_SA09_R05_T0.0-5.0s.png,1,Fall,SA09
/content/drive/MyDrive/datasets/Mosaic_ADL_2x2/Fall/SA09/F09_SA09_R05_T2.5-7.5s.png,1,Fall,SA09
/content/drive/MyDrive/datasets/Mosaic_ADL_2x2/Fall/SA09/F09_SA09_R05_T5.0-10.0s.png,1,Fall,SA09
/content/drive/MyDrive/datasets/Mosaic_ADL_2x2/Fall/SA09/F09_SA09_R05_T7.5-12.5s.png,1,Fall,SA09
/content/drive/MyDrive/datasets/Mosaic_ADL_2x2/Fall/SA09/F09_SA09_R05_T10.0-15.0s.png,1,Fall,SA09
/content/drive/MyDrive/datasets/Mosaic_ADL_2x2/Fall/SA09/F10_SA09_R01_T0.0-5.0s.png,1,Fall,SA09
/content/drive/MyDrive/datasets/Mosaic_ADL_2x2/Fall/SA09/F10_SA09_R01_T2.5-7.5s.png,1,Fall,SA09
/content/drive/MyDrive/datasets/Mosaic_ADL_2x2/Fall/SA09/F10_SA09_R01_T5.0-10.0s.png,1,Fall,SA09
/content/drive/MyDrive/datasets/Mosaic_ADL_2x2/Fall/SA09/F10_SA09_R01_T7.5-12.5s.png,1,Fall,SA09
/content/drive/MyDrive/datasets/Mosaic_ADL_2x2/Fall/SA09/F10_SA09_R01_T10.0-15.0s.png,1,Fall,SA09
/content/drive/MyDrive/datasets/Mosaic_ADL_2x2/Fall/SA09/F10_SA09_R02_T0.0-5.0s.png,1,Fall,SA09
/content/drive/MyDrive/datasets/Mosaic_ADL_2x2/Fall/SA09/F10_SA09_R02_T2.5-7.5s.png,1,Fall,SA09
/content/drive/MyDrive/datasets/Mosaic_ADL_2x2/Fall/SA09/F10_SA09_R02_T5.0-10.0s.png,1,Fall,SA09
/content/drive/MyDrive/datasets/Mosaic_ADL_2x2/Fall/SA09/F10_SA09_R02_T7.5-12.5s.png,1,Fall,SA09
/content/drive/MyDrive/datasets/Mosaic_ADL_2x2/Fall/SA09/F10_SA09_R02_T10.0-15.0s.png,1,Fall,SA09
/content/drive/MyDrive/datasets/Mosaic_ADL_2x2/Fall/SA09/F10_SA09_R03_T0.0-5.0s.png,1,Fall,SA09
/content/drive/MyDrive/datasets/Mosaic_ADL_2x2/Fall/SA09/F10_SA09_R03_T2.5-7.5s.png,1,Fall,SA09
/content/drive/MyDrive/datasets/Mosaic_ADL_2x2/Fall/SA09/F10_SA09_R03_T5.0-10.0s.png,1,Fall,SA09
/content/drive/MyDrive/datasets/Mosaic_ADL_2x2/Fall/SA09/F10_SA09_R03_T7.5-12.5s.png,1,Fall,SA09
/content/drive/MyDrive/datasets/Mosaic_ADL_2x2/Fall/SA09/F10_SA09_R03_T10.0-15.0s.png,1,Fall,SA09
/content/drive/MyDrive/datasets/Mosaic_ADL_2x2/Fall/SA09/F10_SA09_R04_T0.0-5.0s.png,1,Fall,SA09
/content/drive/MyDrive/datasets/Mosaic_ADL_2x2/Fall/SA09/F10_SA09_R04_T2.5-7.5s.png,1,Fall,SA09
/content/drive/MyDrive/datasets/Mosaic_ADL_2x2/Fall/SA09/F10_SA09_R04_T5.0-10.0s.png,1,Fall,SA09
/content/drive/MyDrive/datasets/Mosaic_ADL_2x2/Fall/SA09/F10_SA09_R04_T7.5-12.5s.png,1,Fall,SA09
/content/drive/MyDrive/datasets/Mosaic_ADL_2x2/Fall/SA09/F10_SA09_R04_T10.0-15.0s.png,1,Fall,SA09
/content/drive/MyDrive/datasets/Mosaic_ADL_2x2/Fall/SA09/F10_SA09_R05_T0.0-5.0s.png,1,Fall,SA09
/content/drive/MyDrive/datasets/Mosaic_ADL_2x2/Fall/SA09/F10_SA09_R05_T2.5-7.5s.png,1,Fall,SA09
/content/drive/MyDrive/datasets/Mosaic_ADL_2x2/Fall/SA09/F10_SA09_R05_T5.0-10.0s.png,1,Fall,SA09
/content/drive/MyDrive/datasets/Mosaic_ADL_2x2/Fall/SA09/F10_SA09_R05_T7.5-12.5s.png,1,Fall,SA09
/content/drive/MyDrive/datasets/Mosaic_ADL_2x2/Fall/SA09/F10_SA09_R05_T10.0-15.0s.png,1,Fall,SA09
/content/drive/MyDrive/datasets/Mosaic_ADL_2x2/Fall/SA09/F11_SA09_R01_T0.0-5.0s.png,1,Fall,SA09
/content/drive/MyDrive/datasets/Mosaic_ADL_2x2/Fall/SA09/F11_SA09_R01_T2.5-7.5s.png,1,Fall,SA09
/content/drive/MyDrive/datasets/Mosaic_ADL_2x2/Fall/SA09/F11_SA09_R01_T5.0-10.0s.png,1,Fall,SA09
/content/drive/MyDrive/datasets/Mosaic_ADL_2x2/Fall/SA09/F11_SA09_R01_T7.5-12.5s.png,1,Fall,SA09
/content/drive/MyDrive/datasets/Mosaic_ADL_2x2/Fall/SA09/F11_SA09_R02_T0.0-5.0s.png,1,Fall,SA09
/content/drive/MyDrive/datasets/Mosaic_ADL_2x2/Fall/SA09/F11_SA09_R02_T2.5-7.5s.png,1,Fall,SA09
/content/drive/MyDrive/datasets/Mosaic_ADL_2x2/Fall/SA09/F11_SA09_R02_T5.0-10.0s.png,1,Fall,SA09
/content/drive/MyDrive/datasets/Mosaic_ADL_2x2/Fall/SA09/F11_SA09_R02_T7.5-12.5s.png,1,Fall,SA09
/content/drive/MyDrive/datasets/Mosaic_ADL_2x2/Fall/SA09/F11_SA09_R02_T10.0-15.0s.png,1,Fall,SA09
/content/drive/MyDrive/datasets/Mosaic_ADL_2x2/Fall/SA09/F11_SA09_R03_T0.0-5.0s.png,1,Fall,SA09
/content/drive/MyDrive/datasets/Mosaic_ADL_2x2/Fall/SA09/F11_SA09_R03_T2.5-7.5s.png,1,Fall,SA09
/content/drive/MyDrive/datasets/Mosaic_ADL_2x2/Fall/SA09/F11_SA09_R03_T5.0-10.0s.png,1,Fall,SA09
/content/drive/MyDrive/datasets/Mosaic_ADL_2x2/Fall/SA09/F11_SA09_R03_T7.5-12.5s.png,1,Fall,SA09
/content/drive/MyDrive/datasets/Mosaic_ADL_2x2/Fall/SA09/F11_SA09_R03_T10.0-15.0s.png,1,Fall,SA09
/content/drive/MyDrive/datasets/Mosaic_ADL_2x2/Fall/SA09/F11_SA09_R04_T0.0-5.0s.png,1,Fall,SA09
/content/drive/MyDrive/datasets/Mosaic_ADL_2x2/Fall/SA09/F11_SA09_R04_T2.5-7.5s.png,1,Fall,SA09
/content/drive/MyDrive/datasets/Mosaic_ADL_2x2/Fall/SA09/F11_SA09_R04_T5.0-10.0s.png,1,Fall,SA09
/content/drive/MyDrive/datasets/Mosaic_ADL_2x2/Fall/SA09/F11_SA09_R04_T7.5-12.5s.png,1,Fall,SA09
/content/drive/MyDrive/datasets/Mosaic_ADL_2x2/Fall/SA09/F11_SA09_R04_T10.0-15.0s.png,1,Fall,SA09
/content/drive/MyDrive/datasets/Mosaic_ADL_2x2/Fall/SA09/F11_SA09_R05_T0.0-5.0s.png,1,Fall,SA09
/content/drive/MyDrive/datasets/Mosaic_ADL_2x2/Fall/SA09/F11_SA09_R05_T2.5-7.5s.png,1,Fall,SA09
/content/drive/MyDrive/datasets/Mosaic_ADL_2x2/Fall/SA09/F11_SA09_R05_T5.0-10.0s.png,1,Fall,SA09
/content/drive/MyDrive/datasets/Mosaic_ADL_2x2/Fall/SA09/F11_SA09_R05_T7.5-12.5s.png,1,Fall,SA09
/content/drive/MyDrive/datasets/Mosaic_ADL_2x2/Fall/SA09/F11_SA09_R05_T10.0-15.0s.png,1,Fall,SA09
/content/drive/MyDrive/datasets/Mosaic_ADL_2x2/Fall/SA09/F12_SA09_R01_T0.0-5.0s.png,1,Fall,SA09
/content/drive/MyDrive/datasets/Mosaic_ADL_2x2/Fall/SA09/F12_SA09_R01_T2.5-7.5s.png,1,Fall,SA09
/content/drive/MyDrive/datasets/Mosaic_ADL_2x2/Fall/SA09/F12_SA09_R01_T5.0-10.0s.png,1,Fall,SA09
/content/drive/MyDrive/datasets/Mosaic_ADL_2x2/Fall/SA09/F12_SA09_R01_T7.5-12.5s.png,1,Fall,SA09
/content/drive/MyDrive/datasets/Mosaic_ADL_2x2/Fall/SA09/F12_SA09_R01_T10.0-15.0s.png,1,Fall,SA09
/content/drive/MyDrive/datasets/Mosaic_ADL_2x2/Fall/SA09/F12_SA09_R02_T0.0-5.0s.png,1,Fall,SA09
/content/drive/MyDrive/datasets/Mosaic_ADL_2x2/Fall/SA09/F12_SA09_R02_T2.5-7.5s.png,1,Fall,SA09
/content/drive/MyDrive/datasets/Mosaic_ADL_2x2/Fall/SA09/F12_SA09_R02_T5.0-10.0s.png,1,Fall,SA09
/content/drive/MyDrive/datasets/Mosaic_ADL_2x2/Fall/SA09/F12_SA09_R02_T7.5-12.5s.png,1,Fall,SA09
/content/drive/MyDrive/datasets/Mosaic_ADL_2x2/Fall/SA09/F12_SA09_R02_T10.0-15.0s.png,1,Fall,SA09
/content/drive/MyDrive/datasets/Mosaic_ADL_2x2/Fall/SA09/F12_SA09_R03_T0.0-5.0s.png,1,Fall,SA09
/content/drive/MyDrive/datasets/Mosaic_ADL_2x2/Fall/SA09/F12_SA09_R03_T2.5-7.5s.png,1,Fall,SA09
/content/drive/MyDrive/datasets/Mosaic_ADL_2x2/Fall/SA09/F12_SA09_R03_T5.0-10.0s.png,1,Fall,SA09
/content/drive/MyDrive/datasets/Mosaic_ADL_2x2/Fall/SA09/F12_SA09_R03_T7.5-12.5s.png,1,Fall,SA09
/content/drive/MyDrive/datasets/Mosaic_ADL_2x2/Fall/SA09/F12_SA09_R03_T10.0-15.0s.png,1,Fall,SA09
/content/drive/MyDrive/datasets/Mosaic_ADL_2x2/Fall/SA09/F12_SA09_R04_T0.0-5.0s.png,1,Fall,SA09
/content/drive/MyDrive/datasets/Mosaic_ADL_2x2/Fall/SA09/F12_SA09_R04_T2.5-7.5s.png,1,Fall,SA09
/content/drive/MyDrive/datasets/Mosaic_ADL_2x2/Fall/SA09/F12_SA09_R04_T5.0-10.0s.png,1,Fall,SA09
/content/drive/MyDrive/datasets/Mosaic_ADL_2x2/Fall/SA09/F12_SA09_R04_T7.5-12.5s.png,1,Fall,SA09
/content/drive/MyDrive/datasets/Mosaic_ADL_2x2/Fall/SA09/F12_SA09_R04_T10.0-15.0s.png,1,Fall,SA09
/content/drive/MyDrive/datasets/Mosaic_ADL_2x2/Fall/SA09/F12_SA09_R05_T0.0-5.0s.png,1,Fall,SA09
/content/drive/MyDrive/datasets/Mosaic_ADL_2x2/Fall/SA09/F12_SA09_R05_T2.5-7.5s.png,1,Fall,SA09
/content/drive/MyDrive/datasets/Mosaic_ADL_2x2/Fall/SA09/F12_SA09_R05_T5.0-10.0s.png,1,Fall,SA09
/content/drive/MyDrive/datasets/Mosaic_ADL_2x2/Fall/SA09/F12_SA09_R05_T7.5-12.5s.png,1,Fall,SA09
/content/drive/MyDrive/datasets/Mosaic_ADL_2x2/Fall/SA09/F12_SA09_R05_T10.0-15.0s.png,1,Fall,SA09
/content/drive/MyDrive/datasets/Mosaic_ADL_2x2/Fall/SA09/F13_SA09_R01_T0.0-5.0s.png,1,Fall,SA09
/content/drive/MyDrive/datasets/Mosaic_ADL_2x2/Fall/SA09/F13_SA09_R01_T2.5-7.5s.png,1,Fall,SA09
/content/drive/MyDrive/datasets/Mosaic_ADL_2x2/Fall/SA09/F13_SA09_R01_T5.0-10.0s.png,1,Fall,SA09
/content/drive/MyDrive/datasets/Mosaic_ADL_2x2/Fall/SA09/F13_SA09_R01_T7.5-12.5s.png,1,Fall,SA09
/content/drive/MyDrive/datasets/Mosaic_ADL_2x2/Fall/SA09/F13_SA09_R01_T10.0-15.0s.png,1,Fall,SA09
/content/drive/MyDrive/datasets/Mosaic_ADL_2x2/Fall/SA09/F13_SA09_R02_T0.0-5.0s.png,1,Fall,SA09
/content/drive/MyDrive/datasets/Mosaic_ADL_2x2/Fall/SA09/F13_SA09_R02_T2.5-7.5s.png,1,Fall,SA09
/content/drive/MyDrive/datasets/Mosaic_ADL_2x2/Fall/SA09/F13_SA09_R02_T5.0-10.0s.png,1,Fall,SA09
/content/drive/MyDrive/datasets/Mosaic_ADL_2x2/Fall/SA09/F13_SA09_R02_T7.5-12.5s.png,1,Fall,SA09
/content/drive/MyDrive/datasets/Mosaic_ADL_2x2/Fall/SA09/F13_SA09_R02_T10.0-15.0s.png,1,Fall,SA09
/content/drive/MyDrive/datasets/Mosaic_ADL_2x2/Fall/SA09/F13_SA09_R03_T0.0-5.0s.png,1,Fall,SA09
/content/drive/MyDrive/datasets/Mosaic_ADL_2x2/Fall/SA09/F13_SA09_R03_T2.5-7.5s.png,1,Fall,SA09
/content/drive/MyDrive/datasets/Mosaic_ADL_2x2/Fall/SA09/F13_SA09_R03_T5.0-10.0s.png,1,Fall,SA09
/content/drive/MyDrive/datasets/Mosaic_ADL_2x2/Fall/SA09/F13_SA09_R03_T7.5-12.5s.png,1,Fall,SA09
/content/drive/MyDrive/datasets/Mosaic_ADL_2x2/Fall/SA09/F13_SA09_R03_T10.0-15.0s.png,1,Fall,SA09
/content/drive/MyDrive/datasets/Mosaic_ADL_2x2/Fall/SA09/F13_SA09_R04_T0.0-5.0s.png,1,Fall,SA09
/content/drive/MyDrive/datasets/Mosaic_ADL_2x2/Fall/SA09/F13_SA09_R04_T2.5-7.5s.png,1,Fall,SA09
/content/drive/MyDrive/datasets/Mosaic_ADL_2x2/Fall/SA09/F13_SA09_R04_T5.0-10.0s.png,1,Fall,SA09
/content/drive/MyDrive/datasets/Mosaic_ADL_2x2/Fall/SA09/F13_SA09_R04_T7.5-12.5s.png,1,Fall,SA09
/content/drive/MyDrive/datasets/Mosaic_ADL_2x2/Fall/SA09/F13_SA09_R04_T10.0-15.0s.png,1,Fall,SA09
/content/drive/MyDrive/datasets/Mosaic_ADL_2x2/Fall/SA09/F13_SA09_R05_T0.0-5.0s.png,1,Fall,SA09
/content/drive/MyDrive/datasets/Mosaic_ADL_2x2/Fall/SA09/F13_SA09_R05_T2.5-7.5s.png,1,Fall,SA09
/content/drive/MyDrive/datasets/Mosaic_ADL_2x2/Fall/SA09/F13_SA09_R05_T5.0-10.0s.png,1,Fall,SA09
/content/drive/MyDrive/datasets/Mosaic_ADL_2x2/Fall/SA09/F13_SA09_R05_T7.5-12.5s.png,1,Fall,SA09
/content/drive/MyDrive/datasets/Mosaic_ADL_2x2/Fall/SA09/F13_SA09_R05_T10.0-15.0s.png,1,Fall,SA09
/content/drive/MyDrive/datasets/Mosaic_ADL_2x2/Fall/SA09/F14_SA09_R01_T0.0-5.0s.png,1,Fall,SA09
/content/drive/MyDrive/datasets/Mosaic_ADL_2x2/Fall/SA09/F14_SA09_R01_T2.5-7.5s.png,1,Fall,SA09
/content/drive/MyDrive/datasets/Mosaic_ADL_2x2/Fall/SA09/F14_SA09_R01_T5.0-10.0s.png,1,Fall,SA09
/content/drive/MyDrive/datasets/Mosaic_ADL_2x2/Fall/SA09/F14_SA09_R01_T7.5-12.5s.png,1,Fall,SA09
/content/drive/MyDrive/datasets/Mosaic_ADL_2x2/Fall/SA09/F14_SA09_R01_T10.0-15.0s.png,1,Fall,SA09
/content/drive/MyDrive/datasets/Mosaic_ADL_2x2/Fall/SA09/F14_SA09_R02_T0.0-5.0s.png,1,Fall,SA09
/content/drive/MyDrive/datasets/Mosaic_ADL_2x2/Fall/SA09/F14_SA09_R02_T2.5-7.5s.png,1,Fall,SA09
/content/drive/MyDrive/datasets/Mosaic_ADL_2x2/Fall/SA09/F14_SA09_R02_T5.0-10.0s.png,1,Fall,SA09
/content/drive/MyDrive/datasets/Mosaic_ADL_2x2/Fall/SA09/F14_SA09_R02_T7.5-12.5s.png,1,Fall,SA09
/content/drive/MyDrive/datasets/Mosaic_ADL_2x2/Fall/SA09/F14_SA09_R02_T10.0-15.0s.png,1,Fall,SA09
/content/drive/MyDrive/datasets/Mosaic_ADL_2x2/Fall/SA09/F14_SA09_R03_T0.0-5.0s.png,1,Fall,SA09
/content/drive/MyDrive/datasets/Mosaic_ADL_2x2/Fall/SA09/F14_SA09_R03_T2.5-7.5s.png,1,Fall,SA09
/content/drive/MyDrive/datasets/Mosaic_ADL_2x2/Fall/SA09/F14_SA09_R03_T5.0-10.0s.png,1,Fall,SA09
/content/drive/MyDrive/datasets/Mosaic_ADL_2x2/Fall/SA09/F14_SA09_R03_T7.5-12.5s.png,1,Fall,SA09
/content/drive/MyDrive/datasets/Mosaic_ADL_2x2/Fall/SA09/F14_SA09_R03_T10.0-15.0s.png,1,Fall,SA09
/content/drive/MyDrive/datasets/Mosaic_ADL_2x2/Fall/SA09/F14_SA09_R04_T0.0-5.0s.png,1,Fall,SA09
/content/drive/MyDrive/datasets/Mosaic_ADL_2x2/Fall/SA09/F14_SA09_R04_T2.5-7.5s.png,1,Fall,SA09
/content/drive/MyDrive/datasets/Mosaic_ADL_2x2/Fall/SA09/F14_SA09_R04_T5.0-10.0s.png,1,Fall,SA09
/content/drive/MyDrive/datasets/Mosaic_ADL_2x2/Fall/SA09/F14_SA09_R04_T7.5-12.5s.png,1,Fall,SA09
/content/drive/MyDrive/datasets/Mosaic_ADL_2x2/Fall/SA09/F14_SA09_R04_T10.0-15.0s.png,1,Fall,SA09
/content/drive/MyDrive/datasets/Mosaic_ADL_2x2/Fall/SA09/F14_SA09_R05_T0.0-5.0s.png,1,Fall,SA09
/content/drive/MyDrive/datasets/Mosaic_ADL_2x2/Fall/SA09/F14_SA09_R05_T2.5-7.5s.png,1,Fall,SA09
/content/drive/MyDrive/datasets/Mosaic_ADL_2x2/Fall/SA09/F14_SA09_R05_T5.0-10.0s.png,1,Fall,SA09
/content/drive/MyDrive/datasets/Mosaic_ADL_2x2/Fall/SA09/F14_SA09_R05_T7.5-12.5s.png,1,Fall,SA09
/content/drive/MyDrive/datasets/Mosaic_ADL_2x2/Fall/SA09/F14_SA09_R05_T10.0-15.0s.png,1,Fall,SA09
/content/drive/MyDrive/datasets/Mosaic_ADL_2x2/Fall/SA09/F15_SA09_R01_T0.0-5.0s.png,1,Fall,SA09
/content/drive/MyDrive/datasets/Mosaic_ADL_2x2/Fall/SA09/F15_SA09_R01_T2.5-7.5s.png,1,Fall,SA09
/content/drive/MyDrive/datasets/Mosaic_ADL_2x2/Fall/SA09/F15_SA09_R01_T5.0-10.0s.png,1,Fall,SA09
/content/drive/MyDrive/datasets/Mosaic_ADL_2x2/Fall/SA09/F15_SA09_R01_T7.5-12.5s.png,1,Fall,SA09
/content/drive/MyDrive/datasets/Mosaic_ADL_2x2/Fall/SA09/F15_SA09_R01_T10.0-15.0s.png,1,Fall,SA09
/content/drive/MyDrive/datasets/Mosaic_ADL_2x2/Fall/SA09/F15_SA09_R02_T0.0-5.0s.png,1,Fall,SA09
/content/drive/MyDrive/datasets/Mosaic_ADL_2x2/Fall/SA09/F15_SA09_R02_T2.5-7.5s.png,1,Fall,SA09
/content/drive/MyDrive/datasets/Mosaic_ADL_2x2/Fall/SA09/F15_SA09_R02_T5.0-10.0s.png,1,Fall,SA09
/content/drive/MyDrive/datasets/Mosaic_ADL_2x2/Fall/SA09/F15_SA09_R02_T7.5-12.5s.png,1,Fall,SA09
/content/drive/MyDrive/datasets/Mosaic_ADL_2x2/Fall/SA09/F15_SA09_R02_T10.0-15.0s.png,1,Fall,SA09
/content/drive/MyDrive/datasets/Mosaic_ADL_2x2/Fall/SA09/F15_SA09_R03_T0.0-5.0s.png,1,Fall,SA09
/content/drive/MyDrive/datasets/Mosaic_ADL_2x2/Fall/SA09/F15_SA09_R03_T2.5-7.5s.png,1,Fall,SA09
/content/drive/MyDrive/datasets/Mosaic_ADL_2x2/Fall/SA09/F15_SA09_R03_T5.0-10.0s.png,1,Fall,SA09
/content/drive/MyDrive/datasets/Mosaic_ADL_2x2/Fall/SA09/F15_SA09_R03_T7.5-12.5s.png,1,Fall,SA09
/content/drive/MyDrive/datasets/Mosaic_ADL_2x2/Fall/SA09/F15_SA09_R03_T10.0-15.0s.png,1,Fall,SA09
/content/drive/MyDrive/datasets/Mosaic_ADL_2x2/Fall/SA09/F15_SA09_R04_T0.0-5.0s.png,1,Fall,SA09
/content/drive/MyDrive/datasets/Mosaic_ADL_2x2/Fall/SA09/F15_SA09_R04_T2.5-7.5s.png,1,Fall,SA09
/content/drive/MyDrive/datasets/Mosaic_ADL_2x2/Fall/SA09/F15_SA09_R04_T5.0-10.0s.png,1,Fall,SA09
/content/drive/MyDrive/datasets/Mosaic_ADL_2x2/Fall/SA09/F15_SA09_R04_T7.5-12.5s.png,1,Fall,SA09
/content/drive/MyDrive/datasets/Mosaic_ADL_2x2/Fall/SA09/F15_SA09_R04_T10.0-15.0s.png,1,Fall,SA09
/content/drive/MyDrive/datasets/Mosaic_ADL_2x2/Fall/SA09/F15_SA09_R05_T0.0-5.0s.png,1,Fall,SA09
/content/drive/MyDrive/datasets/Mosaic_ADL_2x2/Fall/SA09/F15_SA09_R05_T2.5-7.5s.png,1,Fall,SA09
/content/drive/MyDrive/datasets/Mosaic_ADL_2x2/Fall/SA09/F15_SA09_R05_T5.0-10.0s.png,1,Fall,SA09
/content/drive/MyDrive/datasets/Mosaic_ADL_2x2/Fall/SA09/F15_SA09_R05_T7.5-12.5s.png,1,Fall,SA09
/content/drive/MyDrive/datasets/Mosaic_ADL_2x2/Fall/SA09/F15_SA09_R05_T10.0-15.0s.png,1,Fall,SA09
/content/drive/MyDrive/datasets/Mosaic_ADL_2x2/Fall/SA07/F01_SA07_R01_T0.0-5.0s.png,1,Fall,SA07
/content/drive/MyDrive/datasets/Mosaic_ADL_2x2/Fall/SA07/F01_SA07_R01_T2.5-7.5s.png,1,Fall,SA07
/content/drive/MyDrive/datasets/Mosaic_ADL_2x2/Fall/SA07/F01_SA07_R01_T5.0-10.0s.png,1,Fall,SA07
/content/drive/MyDrive/datasets/Mosaic_ADL_2x2/Fall/SA07/F01_SA07_R01_T7.5-12.5s.png,1,Fall,SA07
/content/drive/MyDrive/datasets/Mosaic_ADL_2x2/Fall/SA07/F01_SA07_R01_T10.0-15.0s.png,1,Fall,SA07
/content/drive/MyDrive/datasets/Mosaic_ADL_2x2/Fall/SA07/F01_SA07_R02_T0.0-5.0s.png,1,Fall,SA07
/content/drive/MyDrive/datasets/Mosaic_ADL_2x2/Fall/SA07/F01_SA07_R02_T2.5-7.5s.png,1,Fall,SA07
/content/drive/MyDrive/datasets/Mosaic_ADL_2x2/Fall/SA07/F01_SA07_R02_T5.0-10.0s.png,1,Fall,SA07
/content/drive/MyDrive/datasets/Mosaic_ADL_2x2/Fall/SA07/F01_SA07_R02_T7.5-12.5s.png,1,Fall,SA07
/content/drive/MyDrive/datasets/Mosaic_ADL_2x2/Fall/SA07/F01_SA07_R02_T10.0-15.0s.png,1,Fall,SA07
/content/drive/MyDrive/datasets/Mosaic_ADL_2x2/Fall/SA07/F01_SA07_R03_T0.0-5.0s.png,1,Fall,SA07
/content/drive/MyDrive/datasets/Mosaic_ADL_2x2/Fall/SA07/F01_SA07_R03_T2.5-7.5s.png,1,Fall,SA07
/content/drive/MyDrive/datasets/Mosaic_ADL_2x2/Fall/SA07/F01_SA07_R03_T5.0-10.0s.png,1,Fall,SA07
/content/drive/MyDrive/datasets/Mosaic_ADL_2x2/Fall/SA07/F01_SA07_R03_T7.5-12.5s.png,1,Fall,SA07
/content/drive/MyDrive/datasets/Mosaic_ADL_2x2/Fall/SA07/F01_SA07_R03_T10.0-15.0s.png,1,Fall,SA07
/content/drive/MyDrive/datasets/Mosaic_ADL_2x2/Fall/SA07/F01_SA07_R04_T0.0-5.0s.png,1,Fall,SA07
/content/drive/MyDrive/datasets/Mosaic_ADL_2x2/Fall/SA07/F01_SA07_R04_T2.5-7.5s.png,1,Fall,SA07
/content/drive/MyDrive/datasets/Mosaic_ADL_2x2/Fall/SA07/F01_SA07_R04_T5.0-10.0s.png,1,Fall,SA07
/content/drive/MyDrive/datasets/Mosaic_ADL_2x2/Fall/SA07/F01_SA07_R04_T7.5-12.5s.png,1,Fall,SA07
/content/drive/MyDrive/datasets/Mosaic_ADL_2x2/Fall/SA07/F01_SA07_R04_T10.0-15.0s.png,1,Fall,SA07
/content/drive/MyDrive/datasets/Mosaic_ADL_2x2/Fall/SA07/F01_SA07_R05_T0.0-5.0s.png,1,Fall,SA07
/content/drive/MyDrive/datasets/Mosaic_ADL_2x2/Fall/SA07/F01_SA07_R05_T2.5-7.5s.png,1,Fall,SA07
/content/drive/MyDrive/datasets/Mosaic_ADL_2x2/Fall/SA07/F01_SA07_R05_T5.0-10.0s.png,1,Fall,SA07
/content/drive/MyDrive/datasets/Mosaic_ADL_2x2/Fall/SA07/F01_SA07_R05_T7.5-12.5s.png,1,Fall,SA07
/content/drive/MyDrive/datasets/Mosaic_ADL_2x2/Fall/SA07/F01_SA07_R05_T10.0-15.0s.png,1,Fall,SA07
/content/drive/MyDrive/datasets/Mosaic_ADL_2x2/Fall/SA07/F02_SA07_R01_T0.0-5.0s.png,1,Fall,SA07
/content/drive/MyDrive/datasets/Mosaic_ADL_2x2/Fall/SA07/F02_SA07_R01_T2.5-7.5s.png,1,Fall,SA07
/content/drive/MyDrive/datasets/Mosaic_ADL_2x2/Fall/SA07/F02_SA07_R01_T5.0-10.0s.png,1,Fall,SA07
/content/drive/MyDrive/datasets/Mosaic_ADL_2x2/Fall/SA07/F02_SA07_R01_T7.5-12.5s.png,1,Fall,SA07
/content/drive/MyDrive/datasets/Mosaic_ADL_2x2/Fall/SA07/F02_SA07_R01_T10.0-15.0s.png,1,Fall,SA07
/content/drive/MyDrive/datasets/Mosaic_ADL_2x2/Fall/SA07/F02_SA07_R02_T0.0-5.0s.png,1,Fall,SA07
/content/drive/MyDrive/datasets/Mosaic_ADL_2x2/Fall/SA07/F02_SA07_R02_T2.5-7.5s.png,1,Fall,SA07
/content/drive/MyDrive/datasets/Mosaic_ADL_2x2/Fall/SA07/F02_SA07_R02_T5.0-10.0s.png,1,Fall,SA07
/content/drive/MyDrive/datasets/Mosaic_ADL_2x2/Fall/SA07/F02_SA07_R02_T7.5-12.5s.png,1,Fall,SA07
/content/drive/MyDrive/datasets/Mosaic_ADL_2x2/Fall/SA07/F02_SA07_R02_T10.0-15.0s.png,1,Fall,SA07
/content/drive/MyDrive/datasets/Mosaic_ADL_2x2/Fall/SA07/F02_SA07_R03_T0.0-5.0s.png,1,Fall,SA07
/content/drive/MyDrive/datasets/Mosaic_ADL_2x2/Fall/SA07/F02_SA07_R03_T2.5-7.5s.png,1,Fall,SA07
/content/drive/MyDrive/datasets/Mosaic_ADL_2x2/Fall/SA07/F02_SA07_R03_T5.0-10.0s.png,1,Fall,SA07
/content/drive/MyDrive/datasets/Mosaic_ADL_2x2/Fall/SA07/F02_SA07_R03_T7.5-12.5s.png,1,Fall,SA07
/content/drive/MyDrive/datasets/Mosaic_ADL_2x2/Fall/SA07/F02_SA07_R03_T10.0-15.0s.png,1,Fall,SA07
/content/drive/MyDrive/datasets/Mosaic_ADL_2x2/Fall/SA07/F02_SA07_R04_T0.0-5.0s.png,1,Fall,SA07
/content/drive/MyDrive/datasets/Mosaic_ADL_2x2/Fall/SA07/F02_SA07_R04_T2.5-7.5s.png,1,Fall,SA07
/content/drive/MyDrive/datasets/Mosaic_ADL_2x2/Fall/SA07/F02_SA07_R04_T5.0-10.0s.png,1,Fall,SA07
/content/drive/MyDrive/datasets/Mosaic_ADL_2x2/Fall/SA07/F02_SA07_R04_T7.5-12.5s.png,1,Fall,SA07
/content/drive/MyDrive/datasets/Mosaic_ADL_2x2/Fall/SA07/F02_SA07_R04_T10.0-15.0s.png,1,Fall,SA07
/content/drive/MyDrive/datasets/Mosaic_ADL_2x2/Fall/SA07/F02_SA07_R05_T0.0-5.0s.png,1,Fall,SA07
/content/drive/MyDrive/datasets/Mosaic_ADL_2x2/Fall/SA07/F02_SA07_R05_T2.5-7.5s.png,1,Fall,SA07
/content/drive/MyDrive/datasets/Mosaic_ADL_2x2/Fall/SA07/F02_SA07_R05_T5.0-10.0s.png,1,Fall,SA07
/content/drive/MyDrive/datasets/Mosaic_ADL_2x2/Fall/SA07/F02_SA07_R05_T7.5-12.5s.png,1,Fall,SA07
/content/drive/MyDrive/datasets/Mosaic_ADL_2x2/Fall/SA07/F02_SA07_R05_T10.0-15.0s.png,1,Fall,SA07
/content/drive/MyDrive/datasets/Mosaic_ADL_2x2/Fall/SA07/F03_SA07_R01_T0.0-5.0s.png,1,Fall,SA07
/content/drive/MyDrive/datasets/Mosaic_ADL_2x2/Fall/SA07/F03_SA07_R01_T2.5-7.5s.png,1,Fall,SA07
/content/drive/MyDrive/datasets/Mosaic_ADL_2x2/Fall/SA07/F03_SA07_R01_T5.0-10.0s.png,1,Fall,SA07
/content/drive/MyDrive/datasets/Mosaic_ADL_2x2/Fall/SA07/F03_SA07_R01_T7.5-12.5s.png,1,Fall,SA07
/content/drive/MyDrive/datasets/Mosaic_ADL_2x2/Fall/SA07/F03_SA07_R01_T10.0-15.0s.png,1,Fall,SA07
/content/drive/MyDrive/datasets/Mosaic_ADL_2x2/Fall/SA07/F03_SA07_R02_T0.0-5.0s.png,1,Fall,SA07
/content/drive/MyDrive/datasets/Mosaic_ADL_2x2/Fall/SA07/F03_SA07_R02_T2.5-7.5s.png,1,Fall,SA07
/content/drive/MyDrive/datasets/Mosaic_ADL_2x2/Fall/SA07/F03_SA07_R02_T5.0-10.0s.png,1,Fall,SA07
/content/drive/MyDrive/datasets/Mosaic_ADL_2x2/Fall/SA07/F03_SA07_R02_T7.5-12.5s.png,1,Fall,SA07
/content/drive/MyDrive/datasets/Mosaic_ADL_2x2/Fall/SA07/F03_SA07_R02_T10.0-15.0s.png,1,Fall,SA07
/content/drive/MyDrive/datasets/Mosaic_ADL_2x2/Fall/SA07/F03_SA07_R03_T0.0-5.0s.png,1,Fall,SA07
/content/drive/MyDrive/datasets/Mosaic_ADL_2x2/Fall/SA07/F03_SA07_R03_T2.5-7.5s.png,1,Fall,SA07
/content/drive/MyDrive/datasets/Mosaic_ADL_2x2/Fall/SA07/F03_SA07_R03_T5.0-10.0s.png,1,Fall,SA07
/content/drive/MyDrive/datasets/Mosaic_ADL_2x2/Fall/SA07/F03_SA07_R03_T7.5-12.5s.png,1,Fall,SA07
/content/drive/MyDrive/datasets/Mosaic_ADL_2x2/Fall/SA07/F03_SA07_R03_T10.0-15.0s.png,1,Fall,SA07
/content/drive/MyDrive/datasets/Mosaic_ADL_2x2/Fall/SA07/F03_SA07_R04_T0.0-5.0s.png,1,Fall,SA07
/content/drive/MyDrive/datasets/Mosaic_ADL_2x2/Fall/SA07/F03_SA07_R04_T2.5-7.5s.png,1,Fall,SA07
/content/drive/MyDrive/datasets/Mosaic_ADL_2x2/Fall/SA07/F03_SA07_R04_T5.0-10.0s.png,1,Fall,SA07
/content/drive/MyDrive/datasets/Mosaic_ADL_2x2/Fall/SA07/F03_SA07_R04_T7.5-12.5s.png,1,Fall,SA07
/content/drive/MyDrive/datasets/Mosaic_ADL_2x2/Fall/SA07/F03_SA07_R04_T10.0-15.0s.png,1,Fall,SA07
/content/drive/MyDrive/datasets/Mosaic_ADL_2x2/Fall/SA07/F03_SA07_R05_T0.0-5.0s.png,1,Fall,SA07
/content/drive/MyDrive/datasets/Mosaic_ADL_2x2/Fall/SA07/F03_SA07_R05_T2.5-7.5s.png,1,Fall,SA07
/content/drive/MyDrive/datasets/Mosaic_ADL_2x2/Fall/SA07/F03_SA07_R05_T5.0-10.0s.png,1,Fall,SA07
/content/drive/MyDrive/datasets/Mosaic_ADL_2x2/Fall/SA07/F03_SA07_R05_T7.5-12.5s.png,1,Fall,SA07
/content/drive/MyDrive/datasets/Mosaic_ADL_2x2/Fall/SA07/F03_SA07_R05_T10.0-15.0s.png,1,Fall,SA07
/content/drive/MyDrive/datasets/Mosaic_ADL_2x2/Fall/SA07/F04_SA07_R01_T0.0-5.0s.png,1,Fall,SA07
/content/drive/MyDrive/datasets/Mosaic_ADL_2x2/Fall/SA07/F04_SA07_R01_T2.5-7.5s.png,1,Fall,SA07
/content/drive/MyDrive/datasets/Mosaic_ADL_2x2/Fall/SA07/F04_SA07_R01_T5.0-10.0s.png,1,Fall,SA07
/content/drive/MyDrive/datasets/Mosaic_ADL_2x2/Fall/SA07/F04_SA07_R01_T7.5-12.5s.png,1,Fall,SA07
/content/drive/MyDrive/datasets/Mosaic_ADL_2x2/Fall/SA07/F04_SA07_R01_T10.0-15.0s.png,1,Fall,SA07
/content/drive/MyDrive/datasets/Mosaic_ADL_2x2/Fall/SA07/F04_SA07_R02_T0.0-5.0s.png,1,Fall,SA07
/content/drive/MyDrive/datasets/Mosaic_ADL_2x2/Fall/SA07/F04_SA07_R02_T2.5-7.5s.png,1,Fall,SA07
/content/drive/MyDrive/datasets/Mosaic_ADL_2x2/Fall/SA07/F04_SA07_R02_T5.0-10.0s.png,1,Fall,SA07
/content/drive/MyDrive/datasets/Mosaic_ADL_2x2/Fall/SA07/F04_SA07_R02_T7.5-12.5s.png,1,Fall,SA07
/content/drive/MyDrive/datasets/Mosaic_ADL_2x2/Fall/SA07/F04_SA07_R02_T10.0-15.0s.png,1,Fall,SA07
/content/drive/MyDrive/datasets/Mosaic_ADL_2x2/Fall/SA07/F04_SA07_R03_T0.0-5.0s.png,1,Fall,SA07
/content/drive/MyDrive/datasets/Mosaic_ADL_2x2/Fall/SA07/F04_SA07_R03_T2.5-7.5s.png,1,Fall,SA07
/content/drive/MyDrive/datasets/Mosaic_ADL_2x2/Fall/SA07/F04_SA07_R03_T5.0-10.0s.png,1,Fall,SA07
/content/drive/MyDrive/datasets/Mosaic_ADL_2x2/Fall/SA07/F04_SA07_R03_T7.5-12.5s.png,1,Fall,SA07
/content/drive/MyDrive/datasets/Mosaic_ADL_2x2/Fall/SA07/F04_SA07_R03_T10.0-15.0s.png,1,Fall,SA07
/content/drive/MyDrive/datasets/Mosaic_ADL_2x2/Fall/SA07/F04_SA07_R04_T0.0-5.0s.png,1,Fall,SA07
/content/drive/MyDrive/datasets/Mosaic_ADL_2x2/Fall/SA07/F04_SA07_R04_T2.5-7.5s.png,1,Fall,SA07
/content/drive/MyDrive/datasets/Mosaic_ADL_2x2/Fall/SA07/F04_SA07_R04_T5.0-10.0s.png,1,Fall,SA07
/content/drive/MyDrive/datasets/Mosaic_ADL_2x2/Fall/SA07/F04_SA07_R04_T7.5-12.5s.png,1,Fall,SA07
/content/drive/MyDrive/datasets/Mosaic_ADL_2x2/Fall/SA07/F04_SA07_R04_T10.0-15.0s.png,1,Fall,SA07
/content/drive/MyDrive/datasets/Mosaic_ADL_2x2/Fall/SA07/F04_SA07_R05_T0.0-5.0s.png,1,Fall,SA07
/content/drive/MyDrive/datasets/Mosaic_ADL_2x2/Fall/SA07/F04_SA07_R05_T2.5-7.5s.png,1,Fall,SA07
/content/drive/MyDrive/datasets/Mosaic_ADL_2x2/Fall/SA07/F04_SA07_R05_T5.0-10.0s.png,1,Fall,SA07
/content/drive/MyDrive/datasets/Mosaic_ADL_2x2/Fall/SA07/F04_SA07_R05_T7.5-12.5s.png,1,Fall,SA07
/content/drive/MyDrive/datasets/Mosaic_ADL_2x2/Fall/SA07/F04_SA07_R05_T10.0-15.0s.png,1,Fall,SA07
/content/drive/MyDrive/datasets/Mosaic_ADL_2x2/Fall/SA07/F05_SA07_R01_T0.0-5.0s.png,1,Fall,SA07
/content/drive/MyDrive/datasets/Mosaic_ADL_2x2/Fall/SA07/F05_SA07_R01_T2.5-7.5s.png,1,Fall,SA07
/content/drive/MyDrive/datasets/Mosaic_ADL_2x2/Fall/SA07/F05_SA07_R01_T5.0-10.0s.png,1,Fall,SA07
/content/drive/MyDrive/datasets/Mosaic_ADL_2x2/Fall/SA07/F05_SA07_R01_T7.5-12.5s.png,1,Fall,SA07
/content/drive/MyDrive/datasets/Mosaic_ADL_2x2/Fall/SA07/F05_SA07_R01_T10.0-15.0s.png,1,Fall,SA07
/content/drive/MyDrive/datasets/Mosaic_ADL_2x2/Fall/SA07/F05_SA07_R02_T0.0-5.0s.png,1,Fall,SA07
/content/drive/MyDrive/datasets/Mosaic_ADL_2x2/Fall/SA07/F05_SA07_R02_T2.5-7.5s.png,1,Fall,SA07
/content/drive/MyDrive/datasets/Mosaic_ADL_2x2/Fall/SA07/F05_SA07_R02_T5.0-10.0s.png,1,Fall,SA07
/content/drive/MyDrive/datasets/Mosaic_ADL_2x2/Fall/SA07/F05_SA07_R02_T7.5-12.5s.png,1,Fall,SA07
/content/drive/MyDrive/datasets/Mosaic_ADL_2x2/Fall/SA07/F05_SA07_R02_T10.0-15.0s.png,1,Fall,SA07
/content/drive/MyDrive/datasets/Mosaic_ADL_2x2/Fall/SA07/F05_SA07_R03_T0.0-5.0s.png,1,Fall,SA07
/content/drive/MyDrive/datasets/Mosaic_ADL_2x2/Fall/SA07/F05_SA07_R03_T2.5-7.5s.png,1,Fall,SA07
/content/drive/MyDrive/datasets/Mosaic_ADL_2x2/Fall/SA07/F05_SA07_R03_T5.0-10.0s.png,1,Fall,SA07
/content/drive/MyDrive/datasets/Mosaic_ADL_2x2/Fall/SA07/F05_SA07_R03_T7.5-12.5s.png,1,Fall,SA07
/content/drive/MyDrive/datasets/Mosaic_ADL_2x2/Fall/SA07/F05_SA07_R03_T10.0-15.0s.png,1,Fall,SA07
/content/drive/MyDrive/datasets/Mosaic_ADL_2x2/Fall/SA07/F05_SA07_R04_T0.0-5.0s.png,1,Fall,SA07
/content/drive/MyDrive/datasets/Mosaic_ADL_2x2/Fall/SA07/F05_SA07_R04_T2.5-7.5s.png,1,Fall,SA07
/content/drive/MyDrive/datasets/Mosaic_ADL_2x2/Fall/SA07/F05_SA07_R04_T5.0-10.0s.png,1,Fall,SA07
/content/drive/MyDrive/datasets/Mosaic_ADL_2x2/Fall/SA07/F05_SA07_R04_T7.5-12.5s.png,1,Fall,SA07
/content/drive/MyDrive/datasets/Mosaic_ADL_2x2/Fall/SA07/F05_SA07_R04_T10.0-15.0s.png,1,Fall,SA07
/content/drive/MyDrive/datasets/Mosaic_ADL_2x2/Fall/SA07/F05_SA07_R05_T0.0-5.0s.png,1,Fall,SA07
/content/drive/MyDrive/datasets/Mosaic_ADL_2x2/Fall/SA07/F05_SA07_R05_T2.5-7.5s.png,1,Fall,SA07
/content/drive/MyDrive/datasets/Mosaic_ADL_2x2/Fall/SA07/F05_SA07_R05_T5.0-10.0s.png,1,Fall,SA07
/content/drive/MyDrive/datasets/Mosaic_ADL_2x2/Fall/SA07/F05_SA07_R05_T7.5-12.5s.png,1,Fall,SA07
/content/drive/MyDrive/datasets/Mosaic_ADL_2x2/Fall/SA07/F05_SA07_R05_T10.0-15.0s.png,1,Fall,SA07
/content/drive/MyDrive/datasets/Mosaic_ADL_2x2/Fall/SA07/F06_SA07_R01_T0.0-5.0s.png,1,Fall,SA07
/content/drive/MyDrive/datasets/Mosaic_ADL_2x2/Fall/SA07/F06_SA07_R01_T2.5-7.5s.png,1,Fall,SA07
/content/drive/MyDrive/datasets/Mosaic_ADL_2x2/Fall/SA07/F06_SA07_R01_T5.0-10.0s.png,1,Fall,SA07
/content/drive/MyDrive/datasets/Mosaic_ADL_2x2/Fall/SA07/F06_SA07_R01_T7.5-12.5s.png,1,Fall,SA07
/content/drive/MyDrive/datasets/Mosaic_ADL_2x2/Fall/SA07/F06_SA07_R01_T10.0-15.0s.png,1,Fall,SA07
/content/drive/MyDrive/datasets/Mosaic_ADL_2x2/Fall/SA07/F06_SA07_R02_T0.0-5.0s.png,1,Fall,SA07
/content/drive/MyDrive/datasets/Mosaic_ADL_2x2/Fall/SA07/F06_SA07_R02_T2.5-7.5s.png,1,Fall,SA07
/content/drive/MyDrive/datasets/Mosaic_ADL_2x2/Fall/SA07/F06_SA07_R02_T5.0-10.0s.png,1,Fall,SA07
/content/drive/MyDrive/datasets/Mosaic_ADL_2x2/Fall/SA07/F06_SA07_R02_T7.5-12.5s.png,1,Fall,SA07
/content/drive/MyDrive/datasets/Mosaic_ADL_2x2/Fall/SA07/F06_SA07_R02_T10.0-15.0s.png,1,Fall,SA07
/content/drive/MyDrive/datasets/Mosaic_ADL_2x2/Fall/SA07/F06_SA07_R03_T0.0-5.0s.png,1,Fall,SA07
/content/drive/MyDrive/datasets/Mosaic_ADL_2x2/Fall/SA07/F06_SA07_R03_T2.5-7.5s.png,1,Fall,SA07
/content/drive/MyDrive/datasets/Mosaic_ADL_2x2/Fall/SA07/F06_SA07_R03_T5.0-10.0s.png,1,Fall,SA07
/content/drive/MyDrive/datasets/Mosaic_ADL_2x2/Fall/SA07/F06_SA07_R03_T7.5-12.5s.png,1,Fall,SA07
/content/drive/MyDrive/datasets/Mosaic_ADL_2x2/Fall/SA07/F06_SA07_R04_T0.0-5.0s.png,1,Fall,SA07
/content/drive/MyDrive/datasets/Mosaic_ADL_2x2/Fall/SA07/F06_SA07_R04_T2.5-7.5s.png,1,Fall,SA07
/content/drive/MyDrive/datasets/Mosaic_ADL_2x2/Fall/SA07/F06_SA07_R04_T5.0-10.0s.png,1,Fall,SA07
/content/drive/MyDrive/datasets/Mosaic_ADL_2x2/Fall/SA07/F06_SA07_R04_T7.5-12.5s.png,1,Fall,SA07
/content/drive/MyDrive/datasets/Mosaic_ADL_2x2/Fall/SA07/F06_SA07_R04_T10.0-15.0s.png,1,Fall,SA07
/content/drive/MyDrive/datasets/Mosaic_ADL_2x2/Fall/SA07/F06_SA07_R05_T0.0-5.0s.png,1,Fall,SA07
/content/drive/MyDrive/datasets/Mosaic_ADL_2x2/Fall/SA07/F06_SA07_R05_T2.5-7.5s.png,1,Fall,SA07
/content/drive/MyDrive/datasets/Mosaic_ADL_2x2/Fall/SA07/F06_SA07_R05_T5.0-10.0s.png,1,Fall,SA07
/content/drive/MyDrive/datasets/Mosaic_ADL_2x2/Fall/SA07/F06_SA07_R05_T7.5-12.5s.png,1,Fall,SA07
/content/drive/MyDrive/datasets/Mosaic_ADL_2x2/Fall/SA07/F06_SA07_R05_T10.0-15.0s.png,1,Fall,SA07
/content/drive/MyDrive/datasets/Mosaic_ADL_2x2/Fall/SA07/F07_SA07_R01_T0.0-5.0s.png,1,Fall,SA07
/content/drive/MyDrive/datasets/Mosaic_ADL_2x2/Fall/SA07/F07_SA07_R01_T2.5-7.5s.png,1,Fall,SA07
/content/drive/MyDrive/datasets/Mosaic_ADL_2x2/Fall/SA07/F07_SA07_R01_T5.0-10.0s.png,1,Fall,SA07
/content/drive/MyDrive/datasets/Mosaic_ADL_2x2/Fall/SA07/F07_SA07_R01_T7.5-12.5s.png,1,Fall,SA07
/content/drive/MyDrive/datasets/Mosaic_ADL_2x2/Fall/SA07/F07_SA07_R01_T10.0-15.0s.png,1,Fall,SA07
/content/drive/MyDrive/datasets/Mosaic_ADL_2x2/Fall/SA07/F07_SA07_R02_T0.0-5.0s.png,1,Fall,SA07
/content/drive/MyDrive/datasets/Mosaic_ADL_2x2/Fall/SA07/F07_SA07_R02_T2.5-7.5s.png,1,Fall,SA07
/content/drive/MyDrive/datasets/Mosaic_ADL_2x2/Fall/SA07/F07_SA07_R02_T5.0-10.0s.png,1,Fall,SA07
/content/drive/MyDrive/datasets/Mosaic_ADL_2x2/Fall/SA07/F07_SA07_R02_T7.5-12.5s.png,1,Fall,SA07
/content/drive/MyDrive/datasets/Mosaic_ADL_2x2/Fall/SA07/F07_SA07_R02_T10.0-15.0s.png,1,Fall,SA07
/content/drive/MyDrive/datasets/Mosaic_ADL_2x2/Fall/SA07/F07_SA07_R03_T0.0-5.0s.png,1,Fall,SA07
/content/drive/MyDrive/datasets/Mosaic_ADL_2x2/Fall/SA07/F07_SA07_R03_T2.5-7.5s.png,1,Fall,SA07
/content/drive/MyDrive/datasets/Mosaic_ADL_2x2/Fall/SA07/F07_SA07_R03_T5.0-10.0s.png,1,Fall,SA07
/content/drive/MyDrive/datasets/Mosaic_ADL_2x2/Fall/SA07/F07_SA07_R03_T7.5-12.5s.png,1,Fall,SA07
/content/drive/MyDrive/datasets/Mosaic_ADL_2x2/Fall/SA07/F07_SA07_R03_T10.0-15.0s.png,1,Fall,SA07
/content/drive/MyDrive/datasets/Mosaic_ADL_2x2/Fall/SA07/F07_SA07_R04_T0.0-5.0s.png,1,Fall,SA07
/content/drive/MyDrive/datasets/Mosaic_ADL_2x2/Fall/SA07/F07_SA07_R04_T2.5-7.5s.png,1,Fall,SA07
/content/drive/MyDrive/datasets/Mosaic_ADL_2x2/Fall/SA07/F07_SA07_R04_T5.0-10.0s.png,1,Fall,SA07
/content/drive/MyDrive/datasets/Mosaic_ADL_2x2/Fall/SA07/F07_SA07_R04_T7.5-12.5s.png,1,Fall,SA07
/content/drive/MyDrive/datasets/Mosaic_ADL_2x2/Fall/SA07/F07_SA07_R04_T10.0-15.0s.png,1,Fall,SA07
/content/drive/MyDrive/datasets/Mosaic_ADL_2x2/Fall/SA07/F07_SA07_R05_T0.0-5.0s.png,1,Fall,SA07
/content/drive/MyDrive/datasets/Mosaic_ADL_2x2/Fall/SA07/F07_SA07_R05_T2.5-7.5s.png,1,Fall,SA07
/content/drive/MyDrive/datasets/Mosaic_ADL_2x2/Fall/SA07/F07_SA07_R05_T5.0-10.0s.png,1,Fall,SA07
/content/drive/MyDrive/datasets/Mosaic_ADL_2x2/Fall/SA07/F07_SA07_R05_T7.5-12.5s.png,1,Fall,SA07
/content/drive/MyDrive/datasets/Mosaic_ADL_2x2/Fall/SA07/F07_SA07_R05_T10.0-15.0s.png,1,Fall,SA07
/content/drive/MyDrive/datasets/Mosaic_ADL_2x2/Fall/SA07/F08_SA07_R01_T0.0-5.0s.png,1,Fall,SA07
/content/drive/MyDrive/datasets/Mosaic_ADL_2x2/Fall/SA07/F08_SA07_R01_T2.5-7.5s.png,1,Fall,SA07
/content/drive/MyDrive/datasets/Mosaic_ADL_2x2/Fall/SA07/F08_SA07_R01_T5.0-10.0s.png,1,Fall,SA07
/content/drive/MyDrive/datasets/Mosaic_ADL_2x2/Fall/SA07/F08_SA07_R01_T7.5-12.5s.png,1,Fall,SA07
/content/drive/MyDrive/datasets/Mosaic_ADL_2x2/Fall/SA07/F08_SA07_R01_T10.0-15.0s.png,1,Fall,SA07
/content/drive/MyDrive/datasets/Mosaic_ADL_2x2/Fall/SA07/F08_SA07_R02_T0.0-5.0s.png,1,Fall,SA07
/content/drive/MyDrive/datasets/Mosaic_ADL_2x2/Fall/SA07/F08_SA07_R02_T2.5-7.5s.png,1,Fall,SA07
/content/drive/MyDrive/datasets/Mosaic_ADL_2x2/Fall/SA07/F08_SA07_R02_T5.0-10.0s.png,1,Fall,SA07
/content/drive/MyDrive/datasets/Mosaic_ADL_2x2/Fall/SA07/F08_SA07_R02_T7.5-12.5s.png,1,Fall,SA07
/content/drive/MyDrive/datasets/Mosaic_ADL_2x2/Fall/SA07/F08_SA07_R02_T10.0-15.0s.png,1,Fall,SA07
/content/drive/MyDrive/datasets/Mosaic_ADL_2x2/Fall/SA07/F08_SA07_R03_T0.0-5.0s.png,1,Fall,SA07
/content/drive/MyDrive/datasets/Mosaic_ADL_2x2/Fall/SA07/F08_SA07_R03_T2.5-7.5s.png,1,Fall,SA07
/content/drive/MyDrive/datasets/Mosaic_ADL_2x2/Fall/SA07/F08_SA07_R03_T5.0-10.0s.png,1,Fall,SA07
/content/drive/MyDrive/datasets/Mosaic_ADL_2x2/Fall/SA07/F08_SA07_R03_T7.5-12.5s.png,1,Fall,SA07
/content/drive/MyDrive/datasets/Mosaic_ADL_2x2/Fall/SA07/F08_SA07_R03_T10.0-15.0s.png,1,Fall,SA07
/content/drive/MyDrive/datasets/Mosaic_ADL_2x2/Fall/SA07/F08_SA07_R04_T0.0-5.0s.png,1,Fall,SA07
/content/drive/MyDrive/datasets/Mosaic_ADL_2x2/Fall/SA07/F08_SA07_R04_T2.5-7.5s.png,1,Fall,SA07
/content/drive/MyDrive/datasets/Mosaic_ADL_2x2/Fall/SA07/F08_SA07_R04_T5.0-10.0s.png,1,Fall,SA07
/content/drive/MyDrive/datasets/Mosaic_ADL_2x2/Fall/SA07/F08_SA07_R04_T7.5-12.5s.png,1,Fall,SA07
/content/drive/MyDrive/datasets/Mosaic_ADL_2x2/Fall/SA07/F08_SA07_R04_T10.0-15.0s.png,1,Fall,SA07
/content/drive/MyDrive/datasets/Mosaic_ADL_2x2/Fall/SA07/F08_SA07_R05_T0.0-5.0s.png,1,Fall,SA07
/content/drive/MyDrive/datasets/Mosaic_ADL_2x2/Fall/SA07/F08_SA07_R05_T2.5-7.5s.png,1,Fall,SA07
/content/drive/MyDrive/datasets/Mosaic_ADL_2x2/Fall/SA07/F08_SA07_R05_T5.0-10.0s.png,1,Fall,SA07
/content/drive/MyDrive/datasets/Mosaic_ADL_2x2/Fall/SA07/F08_SA07_R05_T7.5-12.5s.png,1,Fall,SA07
/content/drive/MyDrive/datasets/Mosaic_ADL_2x2/Fall/SA07/F08_SA07_R05_T10.0-15.0s.png,1,Fall,SA07
/content/drive/MyDrive/datasets/Mosaic_ADL_2x2/Fall/SA07/F09_SA07_R01_T0.0-5.0s.png,1,Fall,SA07
/content/drive/MyDrive/datasets/Mosaic_ADL_2x2/Fall/SA07/F09_SA07_R01_T2.5-7.5s.png,1,Fall,SA07
/content/drive/MyDrive/datasets/Mosaic_ADL_2x2/Fall/SA07/F09_SA07_R01_T5.0-10.0s.png,1,Fall,SA07
/content/drive/MyDrive/datasets/Mosaic_ADL_2x2/Fall/SA07/F09_SA07_R01_T7.5-12.5s.png,1,Fall,SA07
/content/drive/MyDrive/datasets/Mosaic_ADL_2x2/Fall/SA07/F09_SA07_R01_T10.0-15.0s.png,1,Fall,SA07
/content/drive/MyDrive/datasets/Mosaic_ADL_2x2/Fall/SA07/F09_SA07_R02_T0.0-5.0s.png,1,Fall,SA07
/content/drive/MyDrive/datasets/Mosaic_ADL_2x2/Fall/SA07/F09_SA07_R02_T2.5-7.5s.png,1,Fall,SA07
/content/drive/MyDrive/datasets/Mosaic_ADL_2x2/Fall/SA07/F09_SA07_R02_T5.0-10.0s.png,1,Fall,SA07
/content/drive/MyDrive/datasets/Mosaic_ADL_2x2/Fall/SA07/F09_SA07_R02_T7.5-12.5s.png,1,Fall,SA07
/content/drive/MyDrive/datasets/Mosaic_ADL_2x2/Fall/SA07/F09_SA07_R02_T10.0-15.0s.png,1,Fall,SA07
/content/drive/MyDrive/datasets/Mosaic_ADL_2x2/Fall/SA07/F09_SA07_R03_T0.0-5.0s.png,1,Fall,SA07
/content/drive/MyDrive/datasets/Mosaic_ADL_2x2/Fall/SA07/F09_SA07_R03_T2.5-7.5s.png,1,Fall,SA07
/content/drive/MyDrive/datasets/Mosaic_ADL_2x2/Fall/SA07/F09_SA07_R03_T5.0-10.0s.png,1,Fall,SA07
/content/drive/MyDrive/datasets/Mosaic_ADL_2x2/Fall/SA07/F09_SA07_R03_T7.5-12.5s.png,1,Fall,SA07
/content/drive/MyDrive/datasets/Mosaic_ADL_2x2/Fall/SA07/F09_SA07_R03_T10.0-15.0s.png,1,Fall,SA07
/content/drive/MyDrive/datasets/Mosaic_ADL_2x2/Fall/SA07/F09_SA07_R04_T0.0-5.0s.png,1,Fall,SA07
/content/drive/MyDrive/datasets/Mosaic_ADL_2x2/Fall/SA07/F09_SA07_R04_T2.5-7.5s.png,1,Fall,SA07
/content/drive/MyDrive/datasets/Mosaic_ADL_2x2/Fall/SA07/F09_SA07_R04_T5.0-10.0s.png,1,Fall,SA07
/content/drive/MyDrive/datasets/Mosaic_ADL_2x2/Fall/SA07/F09_SA07_R04_T7.5-12.5s.png,1,Fall,SA07
/content/drive/MyDrive/datasets/Mosaic_ADL_2x2/Fall/SA07/F09_SA07_R04_T10.0-15.0s.png,1,Fall,SA07
/content/drive/MyDrive/datasets/Mosaic_ADL_2x2/Fall/SA07/F09_SA07_R05_T0.0-5.0s.png,1,Fall,SA07
/content/drive/MyDrive/datasets/Mosaic_ADL_2x2/Fall/SA07/F09_SA07_R05_T2.5-7.5s.png,1,Fall,SA07
/content/drive/MyDrive/datasets/Mosaic_ADL_2x2/Fall/SA07/F09_SA07_R05_T5.0-10.0s.png,1,Fall,SA07
/content/drive/MyDrive/datasets/Mosaic_ADL_2x2/Fall/SA07/F09_SA07_R05_T7.5-12.5s.png,1,Fall,SA07
/content/drive/MyDrive/datasets/Mosaic_ADL_2x2/Fall/SA07/F09_SA07_R05_T10.0-15.0s.png,1,Fall,SA07
/content/drive/MyDrive/datasets/Mosaic_ADL_2x2/Fall/SA07/F10_SA07_R01_T0.0-5.0s.png,1,Fall,SA07
/content/drive/MyDrive/datasets/Mosaic_ADL_2x2/Fall/SA07/F10_SA07_R01_T2.5-7.5s.png,1,Fall,SA07
/content/drive/MyDrive/datasets/Mosaic_ADL_2x2/Fall/SA07/F10_SA07_R01_T5.0-10.0s.png,1,Fall,SA07
/content/drive/MyDrive/datasets/Mosaic_ADL_2x2/Fall/SA07/F10_SA07_R01_T7.5-12.5s.png,1,Fall,SA07
/content/drive/MyDrive/datasets/Mosaic_ADL_2x2/Fall/SA07/F10_SA07_R01_T10.0-15.0s.png,1,Fall,SA07
/content/drive/MyDrive/datasets/Mosaic_ADL_2x2/Fall/SA07/F10_SA07_R02_T0.0-5.0s.png,1,Fall,SA07
/content/drive/MyDrive/datasets/Mosaic_ADL_2x2/Fall/SA07/F10_SA07_R02_T2.5-7.5s.png,1,Fall,SA07
/content/drive/MyDrive/datasets/Mosaic_ADL_2x2/Fall/SA07/F10_SA07_R02_T5.0-10.0s.png,1,Fall,SA07
/content/drive/MyDrive/datasets/Mosaic_ADL_2x2/Fall/SA07/F10_SA07_R02_T7.5-12.5s.png,1,Fall,SA07
/content/drive/MyDrive/datasets/Mosaic_ADL_2x2/Fall/SA07/F10_SA07_R02_T10.0-15.0s.png,1,Fall,SA07
/content/drive/MyDrive/datasets/Mosaic_ADL_2x2/Fall/SA07/F10_SA07_R03_T0.0-5.0s.png,1,Fall,SA07
/content/drive/MyDrive/datasets/Mosaic_ADL_2x2/Fall/SA07/F10_SA07_R03_T2.5-7.5s.png,1,Fall,SA07
/content/drive/MyDrive/datasets/Mosaic_ADL_2x2/Fall/SA07/F10_SA07_R03_T5.0-10.0s.png,1,Fall,SA07
/content/drive/MyDrive/datasets/Mosaic_ADL_2x2/Fall/SA07/F10_SA07_R03_T7.5-12.5s.png,1,Fall,SA07
/content/drive/MyDrive/datasets/Mosaic_ADL_2x2/Fall/SA07/F10_SA07_R03_T10.0-15.0s.png,1,Fall,SA07
/content/drive/MyDrive/datasets/Mosaic_ADL_2x2/Fall/SA07/F10_SA07_R04_T0.0-5.0s.png,1,Fall,SA07
/content/drive/MyDrive/datasets/Mosaic_ADL_2x2/Fall/SA07/F10_SA07_R04_T2.5-7.5s.png,1,Fall,SA07
/content/drive/MyDrive/datasets/Mosaic_ADL_2x2/Fall/SA07/F10_SA07_R04_T5.0-10.0s.png,1,Fall,SA07
/content/drive/MyDrive/datasets/Mosaic_ADL_2x2/Fall/SA07/F10_SA07_R04_T7.5-12.5s.png,1,Fall,SA07
/content/drive/MyDrive/datasets/Mosaic_ADL_2x2/Fall/SA07/F10_SA07_R04_T10.0-15.0s.png,1,Fall,SA07
/content/drive/MyDrive/datasets/Mosaic_ADL_2x2/Fall/SA07/F10_SA07_R05_T0.0-5.0s.png,1,Fall,SA07
/content/drive/MyDrive/datasets/Mosaic_ADL_2x2/Fall/SA07/F10_SA07_R05_T2.5-7.5s.png,1,Fall,SA07
/content/drive/MyDrive/datasets/Mosaic_ADL_2x2/Fall/SA07/F10_SA07_R05_T5.0-10.0s.png,1,Fall,SA07
/content/drive/MyDrive/datasets/Mosaic_ADL_2x2/Fall/SA07/F10_SA07_R05_T7.5-12.5s.png,1,Fall,SA07
/content/drive/MyDrive/datasets/Mosaic_ADL_2x2/Fall/SA07/F10_SA07_R05_T10.0-15.0s.png,1,Fall,SA07
/content/drive/MyDrive/datasets/Mosaic_ADL_2x2/Fall/SA07/F11_SA07_R01_T0.0-5.0s.png,1,Fall,SA07
/content/drive/MyDrive/datasets/Mosaic_ADL_2x2/Fall/SA07/F11_SA07_R01_T2.5-7.5s.png,1,Fall,SA07
/content/drive/MyDrive/datasets/Mosaic_ADL_2x2/Fall/SA07/F11_SA07_R01_T5.0-10.0s.png,1,Fall,SA07
/content/drive/MyDrive/datasets/Mosaic_ADL_2x2/Fall/SA07/F11_SA07_R01_T7.5-12.5s.png,1,Fall,SA07
/content/drive/MyDrive/datasets/Mosaic_ADL_2x2/Fall/SA07/F11_SA07_R02_T0.0-5.0s.png,1,Fall,SA07
/content/drive/MyDrive/datasets/Mosaic_ADL_2x2/Fall/SA07/F11_SA07_R02_T2.5-7.5s.png,1,Fall,SA07
/content/drive/MyDrive/datasets/Mosaic_ADL_2x2/Fall/SA07/F11_SA07_R02_T5.0-10.0s.png,1,Fall,SA07
/content/drive/MyDrive/datasets/Mosaic_ADL_2x2/Fall/SA07/F11_SA07_R02_T7.5-12.5s.png,1,Fall,SA07
/content/drive/MyDrive/datasets/Mosaic_ADL_2x2/Fall/SA07/F11_SA07_R02_T10.0-15.0s.png,1,Fall,SA07
/content/drive/MyDrive/datasets/Mosaic_ADL_2x2/Fall/SA07/F11_SA07_R03_T0.0-5.0s.png,1,Fall,SA07
/content/drive/MyDrive/datasets/Mosaic_ADL_2x2/Fall/SA07/F11_SA07_R03_T2.5-7.5s.png,1,Fall,SA07
/content/drive/MyDrive/datasets/Mosaic_ADL_2x2/Fall/SA07/F11_SA07_R03_T5.0-10.0s.png,1,Fall,SA07
/content/drive/MyDrive/datasets/Mosaic_ADL_2x2/Fall/SA07/F11_SA07_R03_T7.5-12.5s.png,1,Fall,SA07
/content/drive/MyDrive/datasets/Mosaic_ADL_2x2/Fall/SA07/F11_SA07_R03_T10.0-15.0s.png,1,Fall,SA07
/content/drive/MyDrive/datasets/Mosaic_ADL_2x2/Fall/SA07/F11_SA07_R04_T0.0-5.0s.png,1,Fall,SA07
/content/drive/MyDrive/datasets/Mosaic_ADL_2x2/Fall/SA07/F11_SA07_R04_T2.5-7.5s.png,1,Fall,SA07
/content/drive/MyDrive/datasets/Mosaic_ADL_2x2/Fall/SA07/F11_SA07_R04_T5.0-10.0s.png,1,Fall,SA07
/content/drive/MyDrive/datasets/Mosaic_ADL_2x2/Fall/SA07/F11_SA07_R04_T7.5-12.5s.png,1,Fall,SA07
/content/drive/MyDrive/datasets/Mosaic_ADL_2x2/Fall/SA07/F11_SA07_R04_T10.0-15.0s.png,1,Fall,SA07
/content/drive/MyDrive/datasets/Mosaic_ADL_2x2/Fall/SA07/F11_SA07_R05_T0.0-5.0s.png,1,Fall,SA07
/content/drive/MyDrive/datasets/Mosaic_ADL_2x2/Fall/SA07/F11_SA07_R05_T2.5-7.5s.png,1,Fall,SA07
/content/drive/MyDrive/datasets/Mosaic_ADL_2x2/Fall/SA07/F11_SA07_R05_T5.0-10.0s.png,1,Fall,SA07
/content/drive/MyDrive/datasets/Mosaic_ADL_2x2/Fall/SA07/F11_SA07_R05_T7.5-12.5s.png,1,Fall,SA07
/content/drive/MyDrive/datasets/Mosaic_ADL_2x2/Fall/SA07/F11_SA07_R05_T10.0-15.0s.png,1,Fall,SA07
/content/drive/MyDrive/datasets/Mosaic_ADL_2x2/Fall/SA07/F12_SA07_R01_T0.0-5.0s.png,1,Fall,SA07
/content/drive/MyDrive/datasets/Mosaic_ADL_2x2/Fall/SA07/F12_SA07_R01_T2.5-7.5s.png,1,Fall,SA07
/content/drive/MyDrive/datasets/Mosaic_ADL_2x2/Fall/SA07/F12_SA07_R01_T5.0-10.0s.png,1,Fall,SA07
/content/drive/MyDrive/datasets/Mosaic_ADL_2x2/Fall/SA07/F12_SA07_R01_T7.5-12.5s.png,1,Fall,SA07
/content/drive/MyDrive/datasets/Mosaic_ADL_2x2/Fall/SA07/F12_SA07_R01_T10.0-15.0s.png,1,Fall,SA07
/content/drive/MyDrive/datasets/Mosaic_ADL_2x2/Fall/SA07/F12_SA07_R02_T0.0-5.0s.png,1,Fall,SA07
/content/drive/MyDrive/datasets/Mosaic_ADL_2x2/Fall/SA07/F12_SA07_R02_T2.5-7.5s.png,1,Fall,SA07
/content/drive/MyDrive/datasets/Mosaic_ADL_2x2/Fall/SA07/F12_SA07_R02_T5.0-10.0s.png,1,Fall,SA07
/content/drive/MyDrive/datasets/Mosaic_ADL_2x2/Fall/SA07/F12_SA07_R02_T7.5-12.5s.png,1,Fall,SA07
/content/drive/MyDrive/datasets/Mosaic_ADL_2x2/Fall/SA07/F12_SA07_R02_T10.0-15.0s.png,1,Fall,SA07
/content/drive/MyDrive/datasets/Mosaic_ADL_2x2/Fall/SA07/F12_SA07_R03_T0.0-5.0s.png,1,Fall,SA07
/content/drive/MyDrive/datasets/Mosaic_ADL_2x2/Fall/SA07/F12_SA07_R03_T2.5-7.5s.png,1,Fall,SA07
/content/drive/MyDrive/datasets/Mosaic_ADL_2x2/Fall/SA07/F12_SA07_R03_T5.0-10.0s.png,1,Fall,SA07
/content/drive/MyDrive/datasets/Mosaic_ADL_2x2/Fall/SA07/F12_SA07_R03_T7.5-12.5s.png,1,Fall,SA07
/content/drive/MyDrive/datasets/Mosaic_ADL_2x2/Fall/SA07/F12_SA07_R03_T10.0-15.0s.png,1,Fall,SA07
/content/drive/MyDrive/datasets/Mosaic_ADL_2x2/Fall/SA07/F12_SA07_R04_T0.0-5.0s.png,1,Fall,SA07
/content/drive/MyDrive/datasets/Mosaic_ADL_2x2/Fall/SA07/F12_SA07_R04_T2.5-7.5s.png,1,Fall,SA07
/content/drive/MyDrive/datasets/Mosaic_ADL_2x2/Fall/SA07/F12_SA07_R04_T5.0-10.0s.png,1,Fall,SA07
/content/drive/MyDrive/datasets/Mosaic_ADL_2x2/Fall/SA07/F12_SA07_R04_T7.5-12.5s.png,1,Fall,SA07
/content/drive/MyDrive/datasets/Mosaic_ADL_2x2/Fall/SA07/F12_SA07_R04_T10.0-15.0s.png,1,Fall,SA07
/content/drive/MyDrive/datasets/Mosaic_ADL_2x2/Fall/SA07/F12_SA07_R05_T0.0-5.0s.png,1,Fall,SA07
/content/drive/MyDrive/datasets/Mosaic_ADL_2x2/Fall/SA07/F12_SA07_R05_T2.5-7.5s.png,1,Fall,SA07
/content/drive/MyDrive/datasets/Mosaic_ADL_2x2/Fall/SA07/F12_SA07_R05_T5.0-10.0s.png,1,Fall,SA07
/content/drive/MyDrive/datasets/Mosaic_ADL_2x2/Fall/SA07/F12_SA07_R05_T7.5-12.5s.png,1,Fall,SA07
/content/drive/MyDrive/datasets/Mosaic_ADL_2x2/Fall/SA07/F12_SA07_R05_T10.0-15.0s.png,1,Fall,SA07
/content/drive/MyDrive/datasets/Mosaic_ADL_2x2/Fall/SA07/F13_SA07_R01_T0.0-5.0s.png,1,Fall,SA07
/content/drive/MyDrive/datasets/Mosaic_ADL_2x2/Fall/SA07/F13_SA07_R01_T2.5-7.5s.png,1,Fall,SA07
/content/drive/MyDrive/datasets/Mosaic_ADL_2x2/Fall/SA07/F13_SA07_R01_T5.0-10.0s.png,1,Fall,SA07
/content/drive/MyDrive/datasets/Mosaic_ADL_2x2/Fall/SA07/F13_SA07_R01_T7.5-12.5s.png,1,Fall,SA07
/content/drive/MyDrive/datasets/Mosaic_ADL_2x2/Fall/SA07/F13_SA07_R01_T10.0-15.0s.png,1,Fall,SA07
/content/drive/MyDrive/datasets/Mosaic_ADL_2x2/Fall/SA07/F13_SA07_R02_T0.0-5.0s.png,1,Fall,SA07
/content/drive/MyDrive/datasets/Mosaic_ADL_2x2/Fall/SA07/F13_SA07_R02_T2.5-7.5s.png,1,Fall,SA07
/content/drive/MyDrive/datasets/Mosaic_ADL_2x2/Fall/SA07/F13_SA07_R02_T5.0-10.0s.png,1,Fall,SA07
/content/drive/MyDrive/datasets/Mosaic_ADL_2x2/Fall/SA07/F13_SA07_R02_T7.5-12.5s.png,1,Fall,SA07
/content/drive/MyDrive/datasets/Mosaic_ADL_2x2/Fall/SA07/F13_SA07_R02_T10.0-15.0s.png,1,Fall,SA07
/content/drive/MyDrive/datasets/Mosaic_ADL_2x2/Fall/SA07/F13_SA07_R03_T0.0-5.0s.png,1,Fall,SA07
/content/drive/MyDrive/datasets/Mosaic_ADL_2x2/Fall/SA07/F13_SA07_R03_T2.5-7.5s.png,1,Fall,SA07
/content/drive/MyDrive/datasets/Mosaic_ADL_2x2/Fall/SA07/F13_SA07_R03_T5.0-10.0s.png,1,Fall,SA07
/content/drive/MyDrive/datasets/Mosaic_ADL_2x2/Fall/SA07/F13_SA07_R03_T7.5-12.5s.png,1,Fall,SA07
/content/drive/MyDrive/datasets/Mosaic_ADL_2x2/Fall/SA07/F13_SA07_R03_T10.0-15.0s.png,1,Fall,SA07
/content/drive/MyDrive/datasets/Mosaic_ADL_2x2/Fall/SA07/F13_SA07_R04_T0.0-5.0s.png,1,Fall,SA07
/content/drive/MyDrive/datasets/Mosaic_ADL_2x2/Fall/SA07/F13_SA07_R04_T2.5-7.5s.png,1,Fall,SA07
/content/drive/MyDrive/datasets/Mosaic_ADL_2x2/Fall/SA07/F13_SA07_R04_T5.0-10.0s.png,1,Fall,SA07
/content/drive/MyDrive/datasets/Mosaic_ADL_2x2/Fall/SA07/F13_SA07_R04_T7.5-12.5s.png,1,Fall,SA07
/content/drive/MyDrive/datasets/Mosaic_ADL_2x2/Fall/SA07/F13_SA07_R04_T10.0-15.0s.png,1,Fall,SA07
/content/drive/MyDrive/datasets/Mosaic_ADL_2x2/Fall/SA07/F13_SA07_R05_T0.0-5.0s.png,1,Fall,SA07
/content/drive/MyDrive/datasets/Mosaic_ADL_2x2/Fall/SA07/F13_SA07_R05_T2.5-7.5s.png,1,Fall,SA07
/content/drive/MyDrive/datasets/Mosaic_ADL_2x2/Fall/SA07/F13_SA07_R05_T5.0-10.0s.png,1,Fall,SA07
/content/drive/MyDrive/datasets/Mosaic_ADL_2x2/Fall/SA07/F13_SA07_R05_T7.5-12.5s.png,1,Fall,SA07
/content/drive/MyDrive/datasets/Mosaic_ADL_2x2/Fall/SA07/F13_SA07_R05_T10.0-15.0s.png,1,Fall,SA07
/content/drive/MyDrive/datasets/Mosaic_ADL_2x2/Fall/SA07/F14_SA07_R01_T0.0-5.0s.png,1,Fall,SA07
/content/drive/MyDrive/datasets/Mosaic_ADL_2x2/Fall/SA07/F14_SA07_R01_T2.5-7.5s.png,1,Fall,SA07
/content/drive/MyDrive/datasets/Mosaic_ADL_2x2/Fall/SA07/F14_SA07_R01_T5.0-10.0s.png,1,Fall,SA07
/content/drive/MyDrive/datasets/Mosaic_ADL_2x2/Fall/SA07/F14_SA07_R01_T7.5-12.5s.png,1,Fall,SA07
/content/drive/MyDrive/datasets/Mosaic_ADL_2x2/Fall/SA07/F14_SA07_R01_T10.0-15.0s.png,1,Fall,SA07
/content/drive/MyDrive/datasets/Mosaic_ADL_2x2/Fall/SA07/F14_SA07_R02_T0.0-5.0s.png,1,Fall,SA07
/content/drive/MyDrive/datasets/Mosaic_ADL_2x2/Fall/SA07/F14_SA07_R02_T2.5-7.5s.png,1,Fall,SA07
/content/drive/MyDrive/datasets/Mosaic_ADL_2x2/Fall/SA07/F14_SA07_R02_T5.0-10.0s.png,1,Fall,SA07
/content/drive/MyDrive/datasets/Mosaic_ADL_2x2/Fall/SA07/F14_SA07_R02_T7.5-12.5s.png,1,Fall,SA07
/content/drive/MyDrive/datasets/Mosaic_ADL_2x2/Fall/SA07/F14_SA07_R02_T10.0-15.0s.png,1,Fall,SA07
/content/drive/MyDrive/datasets/Mosaic_ADL_2x2/Fall/SA07/F14_SA07_R03_T0.0-5.0s.png,1,Fall,SA07
/content/drive/MyDrive/datasets/Mosaic_ADL_2x2/Fall/SA07/F14_SA07_R03_T2.5-7.5s.png,1,Fall,SA07
/content/drive/MyDrive/datasets/Mosaic_ADL_2x2/Fall/SA07/F14_SA07_R03_T5.0-10.0s.png,1,Fall,SA07
/content/drive/MyDrive/datasets/Mosaic_ADL_2x2/Fall/SA07/F14_SA07_R03_T7.5-12.5s.png,1,Fall,SA07
/content/drive/MyDrive/datasets/Mosaic_ADL_2x2/Fall/SA07/F14_SA07_R03_T10.0-15.0s.png,1,Fall,SA07
/content/drive/MyDrive/datasets/Mosaic_ADL_2x2/Fall/SA07/F14_SA07_R04_T0.0-5.0s.png,1,Fall,SA07
/content/drive/MyDrive/datasets/Mosaic_ADL_2x2/Fall/SA07/F14_SA07_R04_T2.5-7.5s.png,1,Fall,SA07
/content/drive/MyDrive/datasets/Mosaic_ADL_2x2/Fall/SA07/F14_SA07_R04_T5.0-10.0s.png,1,Fall,SA07
/content/drive/MyDrive/datasets/Mosaic_ADL_2x2/Fall/SA07/F14_SA07_R04_T7.5-12.5s.png,1,Fall,SA07
/content/drive/MyDrive/datasets/Mosaic_ADL_2x2/Fall/SA07/F14_SA07_R04_T10.0-15.0s.png,1,Fall,SA07
/content/drive/MyDrive/datasets/Mosaic_ADL_2x2/Fall/SA07/F14_SA07_R05_T0.0-5.0s.png,1,Fall,SA07
/content/drive/MyDrive/datasets/Mosaic_ADL_2x2/Fall/SA07/F14_SA07_R05_T2.5-7.5s.png,1,Fall,SA07
/content/drive/MyDrive/datasets/Mosaic_ADL_2x2/Fall/SA07/F14_SA07_R05_T5.0-10.0s.png,1,Fall,SA07
/content/drive/MyDrive/datasets/Mosaic_ADL_2x2/Fall/SA07/F14_SA07_R05_T7.5-12.5s.png,1,Fall,SA07
/content/drive/MyDrive/datasets/Mosaic_ADL_2x2/Fall/SA07/F15_SA07_R01_T0.0-5.0s.png,1,Fall,SA07
/content/drive/MyDrive/datasets/Mosaic_ADL_2x2/Fall/SA07/F15_SA07_R01_T2.5-7.5s.png,1,Fall,SA07
/content/drive/MyDrive/datasets/Mosaic_ADL_2x2/Fall/SA07/F15_SA07_R01_T5.0-10.0s.png,1,Fall,SA07
/content/drive/MyDrive/datasets/Mosaic_ADL_2x2/Fall/SA07/F15_SA07_R01_T7.5-12.5s.png,1,Fall,SA07
/content/drive/MyDrive/datasets/Mosaic_ADL_2x2/Fall/SA07/F15_SA07_R01_T10.0-15.0s.png,1,Fall,SA07
/content/drive/MyDrive/datasets/Mosaic_ADL_2x2/Fall/SA07/F15_SA07_R02_T0.0-5.0s.png,1,Fall,SA07
/content/drive/MyDrive/datasets/Mosaic_ADL_2x2/Fall/SA07/F15_SA07_R02_T2.5-7.5s.png,1,Fall,SA07
/content/drive/MyDrive/datasets/Mosaic_ADL_2x2/Fall/SA07/F15_SA07_R02_T5.0-10.0s.png,1,Fall,SA07
/content/drive/MyDrive/datasets/Mosaic_ADL_2x2/Fall/SA07/F15_SA07_R02_T7.5-12.5s.png,1,Fall,SA07
/content/drive/MyDrive/datasets/Mosaic_ADL_2x2/Fall/SA07/F15_SA07_R02_T10.0-15.0s.png,1,Fall,SA07
/content/drive/MyDrive/datasets/Mosaic_ADL_2x2/Fall/SA07/F15_SA07_R03_T0.0-5.0s.png,1,Fall,SA07
/content/drive/MyDrive/datasets/Mosaic_ADL_2x2/Fall/SA07/F15_SA07_R03_T2.5-7.5s.png,1,Fall,SA07
/content/drive/MyDrive/datasets/Mosaic_ADL_2x2/Fall/SA07/F15_SA07_R03_T5.0-10.0s.png,1,Fall,SA07
/content/drive/MyDrive/datasets/Mosaic_ADL_2x2/Fall/SA07/F15_SA07_R03_T7.5-12.5s.png,1,Fall,SA07
/content/drive/MyDrive/datasets/Mosaic_ADL_2x2/Fall/SA07/F15_SA07_R03_T10.0-15.0s.png,1,Fall,SA07
/content/drive/MyDrive/datasets/Mosaic_ADL_2x2/Fall/SA07/F15_SA07_R04_T0.0-5.0s.png,1,Fall,SA07
/content/drive/MyDrive/datasets/Mosaic_ADL_2x2/Fall/SA07/F15_SA07_R04_T2.5-7.5s.png,1,Fall,SA07
/content/drive/MyDrive/datasets/Mosaic_ADL_2x2/Fall/SA07/F15_SA07_R04_T5.0-10.0s.png,1,Fall,SA07
/content/drive/MyDrive/datasets/Mosaic_ADL_2x2/Fall/SA07/F15_SA07_R04_T7.5-12.5s.png,1,Fall,SA07
/content/drive/MyDrive/datasets/Mosaic_ADL_2x2/Fall/SA07/F15_SA07_R04_T10.0-15.0s.png,1,Fall,SA07
/content/drive/MyDrive/datasets/Mosaic_ADL_2x2/Fall/SA07/F15_SA07_R05_T0.0-5.0s.png,1,Fall,SA07
/content/drive/MyDrive/datasets/Mosaic_ADL_2x2/Fall/SA07/F15_SA07_R05_T2.5-7.5s.png,1,Fall,SA07
/content/drive/MyDrive/datasets/Mosaic_ADL_2x2/Fall/SA07/F15_SA07_R05_T5.0-10.0s.png,1,Fall,SA07
/content/drive/MyDrive/datasets/Mosaic_ADL_2x2/Fall/SA07/F15_SA07_R05_T7.5-12.5s.png,1,Fall,SA07
/content/drive/MyDrive/datasets/Mosaic_ADL_2x2/Fall/SA07/F15_SA07_R05_T10.0-15.0s.png,1,Fall,SA07
/content/drive/MyDrive/datasets/Mosaic_ADL_2x2/Fall/SE06/F01_SE06_R01_T0.0-5.0s.png,1,Fall,SE06
/content/drive/MyDrive/datasets/Mosaic_ADL_2x2/Fall/SE06/F01_SE06_R01_T2.5-7.5s.png,1,Fall,SE06
/content/drive/MyDrive/datasets/Mosaic_ADL_2x2/Fall/SE06/F01_SE06_R01_T5.0-10.0s.png,1,Fall,SE06
/content/drive/MyDrive/datasets/Mosaic_ADL_2x2/Fall/SE06/F01_SE06_R01_T7.5-12.5s.png,1,Fall,SE06
/content/drive/MyDrive/datasets/Mosaic_ADL_2x2/Fall/SE06/F01_SE06_R01_T10.0-15.0s.png,1,Fall,SE06
/content/drive/MyDrive/datasets/Mosaic_ADL_2x2/Fall/SE06/F01_SE06_R02_T0.0-5.0s.png,1,Fall,SE06
/content/drive/MyDrive/datasets/Mosaic_ADL_2x2/Fall/SE06/F01_SE06_R02_T2.5-7.5s.png,1,Fall,SE06
/content/drive/MyDrive/datasets/Mosaic_ADL_2x2/Fall/SE06/F01_SE06_R02_T5.0-10.0s.png,1,Fall,SE06
/content/drive/MyDrive/datasets/Mosaic_ADL_2x2/Fall/SE06/F01_SE06_R02_T7.5-12.5s.png,1,Fall,SE06
/content/drive/MyDrive/datasets/Mosaic_ADL_2x2/Fall/SE06/F01_SE06_R02_T10.0-15.0s.png,1,Fall,SE06
/content/drive/MyDrive/datasets/Mosaic_ADL_2x2/Fall/SE06/F01_SE06_R03_T0.0-5.0s.png,1,Fall,SE06
/content/drive/MyDrive/datasets/Mosaic_ADL_2x2/Fall/SE06/F01_SE06_R03_T2.5-7.5s.png,1,Fall,SE06
/content/drive/MyDrive/datasets/Mosaic_ADL_2x2/Fall/SE06/F01_SE06_R03_T5.0-10.0s.png,1,Fall,SE06
/content/drive/MyDrive/datasets/Mosaic_ADL_2x2/Fall/SE06/F01_SE06_R03_T7.5-12.5s.png,1,Fall,SE06
/content/drive/MyDrive/datasets/Mosaic_ADL_2x2/Fall/SE06/F01_SE06_R03_T10.0-15.0s.png,1,Fall,SE06
/content/drive/MyDrive/datasets/Mosaic_ADL_2x2/Fall/SE06/F01_SE06_R04_T0.0-5.0s.png,1,Fall,SE06
/content/drive/MyDrive/datasets/Mosaic_ADL_2x2/Fall/SE06/F01_SE06_R04_T2.5-7.5s.png,1,Fall,SE06
/content/drive/MyDrive/datasets/Mosaic_ADL_2x2/Fall/SE06/F01_SE06_R04_T5.0-10.0s.png,1,Fall,SE06
/content/drive/MyDrive/datasets/Mosaic_ADL_2x2/Fall/SE06/F01_SE06_R04_T7.5-12.5s.png,1,Fall,SE06
/content/drive/MyDrive/datasets/Mosaic_ADL_2x2/Fall/SE06/F01_SE06_R04_T10.0-15.0s.png,1,Fall,SE06
/content/drive/MyDrive/datasets/Mosaic_ADL_2x2/Fall/SE06/F01_SE06_R05_T0.0-5.0s.png,1,Fall,SE06
/content/drive/MyDrive/datasets/Mosaic_ADL_2x2/Fall/SE06/F01_SE06_R05_T2.5-7.5s.png,1,Fall,SE06
/content/drive/MyDrive/datasets/Mosaic_ADL_2x2/Fall/SE06/F01_SE06_R05_T5.0-10.0s.png,1,Fall,SE06
/content/drive/MyDrive/datasets/Mosaic_ADL_2x2/Fall/SE06/F01_SE06_R05_T7.5-12.5s.png,1,Fall,SE06
/content/drive/MyDrive/datasets/Mosaic_ADL_2x2/Fall/SE06/F01_SE06_R05_T10.0-15.0s.png,1,Fall,SE06
/content/drive/MyDrive/datasets/Mosaic_ADL_2x2/Fall/SE06/F02_SE06_R01_T0.0-5.0s.png,1,Fall,SE06
/content/drive/MyDrive/datasets/Mosaic_ADL_2x2/Fall/SE06/F02_SE06_R01_T2.5-7.5s.png,1,Fall,SE06
/content/drive/MyDrive/datasets/Mosaic_ADL_2x2/Fall/SE06/F02_SE06_R01_T5.0-10.0s.png,1,Fall,SE06
/content/drive/MyDrive/datasets/Mosaic_ADL_2x2/Fall/SE06/F02_SE06_R01_T7.5-12.5s.png,1,Fall,SE06
/content/drive/MyDrive/datasets/Mosaic_ADL_2x2/Fall/SE06/F02_SE06_R01_T10.0-15.0s.png,1,Fall,SE06
/content/drive/MyDrive/datasets/Mosaic_ADL_2x2/Fall/SE06/F02_SE06_R02_T0.0-5.0s.png,1,Fall,SE06
/content/drive/MyDrive/datasets/Mosaic_ADL_2x2/Fall/SE06/F02_SE06_R02_T2.5-7.5s.png,1,Fall,SE06
/content/drive/MyDrive/datasets/Mosaic_ADL_2x2/Fall/SE06/F02_SE06_R02_T5.0-10.0s.png,1,Fall,SE06
/content/drive/MyDrive/datasets/Mosaic_ADL_2x2/Fall/SE06/F02_SE06_R02_T7.5-12.5s.png,1,Fall,SE06
/content/drive/MyDrive/datasets/Mosaic_ADL_2x2/Fall/SE06/F02_SE06_R02_T10.0-15.0s.png,1,Fall,SE06
/content/drive/MyDrive/datasets/Mosaic_ADL_2x2/Fall/SE06/F02_SE06_R03_T0.0-5.0s.png,1,Fall,SE06
/content/drive/MyDrive/datasets/Mosaic_ADL_2x2/Fall/SE06/F02_SE06_R03_T2.5-7.5s.png,1,Fall,SE06
/content/drive/MyDrive/datasets/Mosaic_ADL_2x2/Fall/SE06/F02_SE06_R03_T5.0-10.0s.png,1,Fall,SE06
/content/drive/MyDrive/datasets/Mosaic_ADL_2x2/Fall/SE06/F02_SE06_R03_T7.5-12.5s.png,1,Fall,SE06
/content/drive/MyDrive/datasets/Mosaic_ADL_2x2/Fall/SE06/F02_SE06_R03_T10.0-15.0s.png,1,Fall,SE06
/content/drive/MyDrive/datasets/Mosaic_ADL_2x2/Fall/SE06/F02_SE06_R04_T0.0-5.0s.png,1,Fall,SE06
/content/drive/MyDrive/datasets/Mosaic_ADL_2x2/Fall/SE06/F02_SE06_R04_T2.5-7.5s.png,1,Fall,SE06
/content/drive/MyDrive/datasets/Mosaic_ADL_2x2/Fall/SE06/F02_SE06_R04_T5.0-10.0s.png,1,Fall,SE06
/content/drive/MyDrive/datasets/Mosaic_ADL_2x2/Fall/SE06/F02_SE06_R04_T7.5-12.5s.png,1,Fall,SE06
/content/drive/MyDrive/datasets/Mosaic_ADL_2x2/Fall/SE06/F02_SE06_R04_T10.0-15.0s.png,1,Fall,SE06
/content/drive/MyDrive/datasets/Mosaic_ADL_2x2/Fall/SE06/F02_SE06_R05_T0.0-5.0s.png,1,Fall,SE06
/content/drive/MyDrive/datasets/Mosaic_ADL_2x2/Fall/SE06/F02_SE06_R05_T2.5-7.5s.png,1,Fall,SE06
/content/drive/MyDrive/datasets/Mosaic_ADL_2x2/Fall/SE06/F02_SE06_R05_T5.0-10.0s.png,1,Fall,SE06
/content/drive/MyDrive/datasets/Mosaic_ADL_2x2/Fall/SE06/F02_SE06_R05_T7.5-12.5s.png,1,Fall,SE06
/content/drive/MyDrive/datasets/Mosaic_ADL_2x2/Fall/SE06/F02_SE06_R05_T10.0-15.0s.png,1,Fall,SE06
/content/drive/MyDrive/datasets/Mosaic_ADL_2x2/Fall/SE06/F03_SE06_R01_T0.0-5.0s.png,1,Fall,SE06
/content/drive/MyDrive/datasets/Mosaic_ADL_2x2/Fall/SE06/F03_SE06_R01_T2.5-7.5s.png,1,Fall,SE06
/content/drive/MyDrive/datasets/Mosaic_ADL_2x2/Fall/SE06/F03_SE06_R01_T5.0-10.0s.png,1,Fall,SE06
/content/drive/MyDrive/datasets/Mosaic_ADL_2x2/Fall/SE06/F03_SE06_R01_T7.5-12.5s.png,1,Fall,SE06
/content/drive/MyDrive/datasets/Mosaic_ADL_2x2/Fall/SE06/F03_SE06_R01_T10.0-15.0s.png,1,Fall,SE06
/content/drive/MyDrive/datasets/Mosaic_ADL_2x2/Fall/SE06/F03_SE06_R02_T0.0-5.0s.png,1,Fall,SE06
/content/drive/MyDrive/datasets/Mosaic_ADL_2x2/Fall/SE06/F03_SE06_R02_T2.5-7.5s.png,1,Fall,SE06
/content/drive/MyDrive/datasets/Mosaic_ADL_2x2/Fall/SE06/F03_SE06_R02_T5.0-10.0s.png,1,Fall,SE06
/content/drive/MyDrive/datasets/Mosaic_ADL_2x2/Fall/SE06/F03_SE06_R02_T7.5-12.5s.png,1,Fall,SE06
/content/drive/MyDrive/datasets/Mosaic_ADL_2x2/Fall/SE06/F03_SE06_R02_T10.0-15.0s.png,1,Fall,SE06
/content/drive/MyDrive/datasets/Mosaic_ADL_2x2/Fall/SE06/F03_SE06_R03_T0.0-5.0s.png,1,Fall,SE06
/content/drive/MyDrive/datasets/Mosaic_ADL_2x2/Fall/SE06/F03_SE06_R03_T2.5-7.5s.png,1,Fall,SE06
/content/drive/MyDrive/datasets/Mosaic_ADL_2x2/Fall/SE06/F03_SE06_R03_T5.0-10.0s.png,1,Fall,SE06
/content/drive/MyDrive/datasets/Mosaic_ADL_2x2/Fall/SE06/F03_SE06_R03_T7.5-12.5s.png,1,Fall,SE06
/content/drive/MyDrive/datasets/Mosaic_ADL_2x2/Fall/SE06/F03_SE06_R03_T10.0-15.0s.png,1,Fall,SE06
/content/drive/MyDrive/datasets/Mosaic_ADL_2x2/Fall/SE06/F03_SE06_R04_T0.0-5.0s.png,1,Fall,SE06
/content/drive/MyDrive/datasets/Mosaic_ADL_2x2/Fall/SE06/F03_SE06_R04_T2.5-7.5s.png,1,Fall,SE06
/content/drive/MyDrive/datasets/Mosaic_ADL_2x2/Fall/SE06/F03_SE06_R04_T5.0-10.0s.png,1,Fall,SE06
/content/drive/MyDrive/datasets/Mosaic_ADL_2x2/Fall/SE06/F03_SE06_R04_T7.5-12.5s.png,1,Fall,SE06
/content/drive/MyDrive/datasets/Mosaic_ADL_2x2/Fall/SE06/F03_SE06_R04_T10.0-15.0s.png,1,Fall,SE06
/content/drive/MyDrive/datasets/Mosaic_ADL_2x2/Fall/SE06/F03_SE06_R05_T0.0-5.0s.png,1,Fall,SE06
/content/drive/MyDrive/datasets/Mosaic_ADL_2x2/Fall/SE06/F03_SE06_R05_T2.5-7.5s.png,1,Fall,SE06
/content/drive/MyDrive/datasets/Mosaic_ADL_2x2/Fall/SE06/F03_SE06_R05_T5.0-10.0s.png,1,Fall,SE06
/content/drive/MyDrive/datasets/Mosaic_ADL_2x2/Fall/SE06/F03_SE06_R05_T7.5-12.5s.png,1,Fall,SE06
/content/drive/MyDrive/datasets/Mosaic_ADL_2x2/Fall/SE06/F03_SE06_R05_T10.0-15.0s.png,1,Fall,SE06
/content/drive/MyDrive/datasets/Mosaic_ADL_2x2/Fall/SE06/F04_SE06_R01_T0.0-5.0s.png,1,Fall,SE06
/content/drive/MyDrive/datasets/Mosaic_ADL_2x2/Fall/SE06/F04_SE06_R01_T2.5-7.5s.png,1,Fall,SE06
/content/drive/MyDrive/datasets/Mosaic_ADL_2x2/Fall/SE06/F04_SE06_R01_T5.0-10.0s.png,1,Fall,SE06
/content/drive/MyDrive/datasets/Mosaic_ADL_2x2/Fall/SE06/F04_SE06_R01_T7.5-12.5s.png,1,Fall,SE06
/content/drive/MyDrive/datasets/Mosaic_ADL_2x2/Fall/SE06/F04_SE06_R01_T10.0-15.0s.png,1,Fall,SE06
/content/drive/MyDrive/datasets/Mosaic_ADL_2x2/Fall/SE06/F04_SE06_R02_T0.0-5.0s.png,1,Fall,SE06
/content/drive/MyDrive/datasets/Mosaic_ADL_2x2/Fall/SE06/F04_SE06_R02_T2.5-7.5s.png,1,Fall,SE06
/content/drive/MyDrive/datasets/Mosaic_ADL_2x2/Fall/SE06/F04_SE06_R02_T5.0-10.0s.png,1,Fall,SE06
/content/drive/MyDrive/datasets/Mosaic_ADL_2x2/Fall/SE06/F04_SE06_R02_T7.5-12.5s.png,1,Fall,SE06
/content/drive/MyDrive/datasets/Mosaic_ADL_2x2/Fall/SE06/F04_SE06_R02_T10.0-15.0s.png,1,Fall,SE06
/content/drive/MyDrive/datasets/Mosaic_ADL_2x2/Fall/SE06/F04_SE06_R03_T0.0-5.0s.png,1,Fall,SE06
/content/drive/MyDrive/datasets/Mosaic_ADL_2x2/Fall/SE06/F04_SE06_R03_T2.5-7.5s.png,1,Fall,SE06
/content/drive/MyDrive/datasets/Mosaic_ADL_2x2/Fall/SE06/F04_SE06_R03_T5.0-10.0s.png,1,Fall,SE06
/content/drive/MyDrive/datasets/Mosaic_ADL_2x2/Fall/SE06/F04_SE06_R03_T7.5-12.5s.png,1,Fall,SE06
/content/drive/MyDrive/datasets/Mosaic_ADL_2x2/Fall/SE06/F04_SE06_R03_T10.0-15.0s.png,1,Fall,SE06
/content/drive/MyDrive/datasets/Mosaic_ADL_2x2/Fall/SE06/F04_SE06_R04_T0.0-5.0s.png,1,Fall,SE06
/content/drive/MyDrive/datasets/Mosaic_ADL_2x2/Fall/SE06/F04_SE06_R04_T2.5-7.5s.png,1,Fall,SE06
/content/drive/MyDrive/datasets/Mosaic_ADL_2x2/Fall/SE06/F04_SE06_R04_T5.0-10.0s.png,1,Fall,SE06
/content/drive/MyDrive/datasets/Mosaic_ADL_2x2/Fall/SE06/F04_SE06_R04_T7.5-12.5s.png,1,Fall,SE06
/content/drive/MyDrive/datasets/Mosaic_ADL_2x2/Fall/SE06/F04_SE06_R04_T10.0-15.0s.png,1,Fall,SE06
/content/drive/MyDrive/datasets/Mosaic_ADL_2x2/Fall/SE06/F04_SE06_R05_T0.0-5.0s.png,1,Fall,SE06
/content/drive/MyDrive/datasets/Mosaic_ADL_2x2/Fall/SE06/F04_SE06_R05_T2.5-7.5s.png,1,Fall,SE06
/content/drive/MyDrive/datasets/Mosaic_ADL_2x2/Fall/SE06/F04_SE06_R05_T5.0-10.0s.png,1,Fall,SE06
/content/drive/MyDrive/datasets/Mosaic_ADL_2x2/Fall/SE06/F04_SE06_R05_T7.5-12.5s.png,1,Fall,SE06
/content/drive/MyDrive/datasets/Mosaic_ADL_2x2/Fall/SE06/F04_SE06_R05_T10.0-15.0s.png,1,Fall,SE06
/content/drive/MyDrive/datasets/Mosaic_ADL_2x2/Fall/SE06/F05_SE06_R01_T0.0-5.0s.png,1,Fall,SE06
/content/drive/MyDrive/datasets/Mosaic_ADL_2x2/Fall/SE06/F05_SE06_R01_T2.5-7.5s.png,1,Fall,SE06
/content/drive/MyDrive/datasets/Mosaic_ADL_2x2/Fall/SE06/F05_SE06_R01_T5.0-10.0s.png,1,Fall,SE06
/content/drive/MyDrive/datasets/Mosaic_ADL_2x2/Fall/SE06/F05_SE06_R01_T7.5-12.5s.png,1,Fall,SE06
/content/drive/MyDrive/datasets/Mosaic_ADL_2x2/Fall/SE06/F05_SE06_R01_T10.0-15.0s.png,1,Fall,SE06
/content/drive/MyDrive/datasets/Mosaic_ADL_2x2/Fall/SE06/F05_SE06_R02_T0.0-5.0s.png,1,Fall,SE06
/content/drive/MyDrive/datasets/Mosaic_ADL_2x2/Fall/SE06/F05_SE06_R02_T2.5-7.5s.png,1,Fall,SE06
/content/drive/MyDrive/datasets/Mosaic_ADL_2x2/Fall/SE06/F05_SE06_R02_T5.0-10.0s.png,1,Fall,SE06
/content/drive/MyDrive/datasets/Mosaic_ADL_2x2/Fall/SE06/F05_SE06_R02_T7.5-12.5s.png,1,Fall,SE06
/content/drive/MyDrive/datasets/Mosaic_ADL_2x2/Fall/SE06/F05_SE06_R02_T10.0-15.0s.png,1,Fall,SE06
/content/drive/MyDrive/datasets/Mosaic_ADL_2x2/Fall/SE06/F05_SE06_R03_T0.0-5.0s.png,1,Fall,SE06
/content/drive/MyDrive/datasets/Mosaic_ADL_2x2/Fall/SE06/F05_SE06_R03_T2.5-7.5s.png,1,Fall,SE06
/content/drive/MyDrive/datasets/Mosaic_ADL_2x2/Fall/SE06/F05_SE06_R03_T5.0-10.0s.png,1,Fall,SE06
/content/drive/MyDrive/datasets/Mosaic_ADL_2x2/Fall/SE06/F05_SE06_R03_T7.5-12.5s.png,1,Fall,SE06
/content/drive/MyDrive/datasets/Mosaic_ADL_2x2/Fall/SE06/F05_SE06_R03_T10.0-15.0s.png,1,Fall,SE06
/content/drive/MyDrive/datasets/Mosaic_ADL_2x2/Fall/SE06/F05_SE06_R04_T0.0-5.0s.png,1,Fall,SE06
/content/drive/MyDrive/datasets/Mosaic_ADL_2x2/Fall/SE06/F05_SE06_R04_T2.5-7.5s.png,1,Fall,SE06
/content/drive/MyDrive/datasets/Mosaic_ADL_2x2/Fall/SE06/F05_SE06_R04_T5.0-10.0s.png,1,Fall,SE06
/content/drive/MyDrive/datasets/Mosaic_ADL_2x2/Fall/SE06/F05_SE06_R04_T7.5-12.5s.png,1,Fall,SE06
/content/drive/MyDrive/datasets/Mosaic_ADL_2x2/Fall/SE06/F05_SE06_R04_T10.0-15.0s.png,1,Fall,SE06
/content/drive/MyDrive/datasets/Mosaic_ADL_2x2/Fall/SE06/F05_SE06_R05_T0.0-5.0s.png,1,Fall,SE06
/content/drive/MyDrive/datasets/Mosaic_ADL_2x2/Fall/SE06/F05_SE06_R05_T2.5-7.5s.png,1,Fall,SE06
/content/drive/MyDrive/datasets/Mosaic_ADL_2x2/Fall/SE06/F05_SE06_R05_T5.0-10.0s.png,1,Fall,SE06
/content/drive/MyDrive/datasets/Mosaic_ADL_2x2/Fall/SE06/F05_SE06_R05_T7.5-12.5s.png,1,Fall,SE06
/content/drive/MyDrive/datasets/Mosaic_ADL_2x2/Fall/SE06/F05_SE06_R05_T10.0-15.0s.png,1,Fall,SE06
/content/drive/MyDrive/datasets/Mosaic_ADL_2x2/Fall/SE06/F06_SE06_R01_T0.0-5.0s.png,1,Fall,SE06
/content/drive/MyDrive/datasets/Mosaic_ADL_2x2/Fall/SE06/F06_SE06_R01_T2.5-7.5s.png,1,Fall,SE06
/content/drive/MyDrive/datasets/Mosaic_ADL_2x2/Fall/SE06/F06_SE06_R01_T5.0-10.0s.png,1,Fall,SE06
/content/drive/MyDrive/datasets/Mosaic_ADL_2x2/Fall/SE06/F06_SE06_R01_T7.5-12.5s.png,1,Fall,SE06
/content/drive/MyDrive/datasets/Mosaic_ADL_2x2/Fall/SE06/F06_SE06_R02_T0.0-5.0s.png,1,Fall,SE06
/content/drive/MyDrive/datasets/Mosaic_ADL_2x2/Fall/SE06/F06_SE06_R02_T2.5-7.5s.png,1,Fall,SE06
/content/drive/MyDrive/datasets/Mosaic_ADL_2x2/Fall/SE06/F06_SE06_R02_T5.0-10.0s.png,1,Fall,SE06
/content/drive/MyDrive/datasets/Mosaic_ADL_2x2/Fall/SE06/F06_SE06_R02_T7.5-12.5s.png,1,Fall,SE06
/content/drive/MyDrive/datasets/Mosaic_ADL_2x2/Fall/SE06/F06_SE06_R02_T10.0-15.0s.png,1,Fall,SE06
/content/drive/MyDrive/datasets/Mosaic_ADL_2x2/Fall/SE06/F06_SE06_R03_T0.0-5.0s.png,1,Fall,SE06
/content/drive/MyDrive/datasets/Mosaic_ADL_2x2/Fall/SE06/F06_SE06_R03_T2.5-7.5s.png,1,Fall,SE06
/content/drive/MyDrive/datasets/Mosaic_ADL_2x2/Fall/SE06/F06_SE06_R03_T5.0-10.0s.png,1,Fall,SE06
/content/drive/MyDrive/datasets/Mosaic_ADL_2x2/Fall/SE06/F06_SE06_R03_T7.5-12.5s.png,1,Fall,SE06
/content/drive/MyDrive/datasets/Mosaic_ADL_2x2/Fall/SE06/F06_SE06_R03_T10.0-15.0s.png,1,Fall,SE06
/content/drive/MyDrive/datasets/Mosaic_ADL_2x2/Fall/SE06/F06_SE06_R04_T0.0-5.0s.png,1,Fall,SE06
/content/drive/MyDrive/datasets/Mosaic_ADL_2x2/Fall/SE06/F06_SE06_R04_T2.5-7.5s.png,1,Fall,SE06
/content/drive/MyDrive/datasets/Mosaic_ADL_2x2/Fall/SE06/F06_SE06_R04_T5.0-10.0s.png,1,Fall,SE06
/content/drive/MyDrive/datasets/Mosaic_ADL_2x2/Fall/SE06/F06_SE06_R04_T7.5-12.5s.png,1,Fall,SE06
/content/drive/MyDrive/datasets/Mosaic_ADL_2x2/Fall/SE06/F06_SE06_R04_T10.0-15.0s.png,1,Fall,SE06
/content/drive/MyDrive/datasets/Mosaic_ADL_2x2/Fall/SE06/F06_SE06_R05_T0.0-5.0s.png,1,Fall,SE06
/content/drive/MyDrive/datasets/Mosaic_ADL_2x2/Fall/SE06/F06_SE06_R05_T2.5-7.5s.png,1,Fall,SE06
/content/drive/MyDrive/datasets/Mosaic_ADL_2x2/Fall/SE06/F06_SE06_R05_T5.0-10.0s.png,1,Fall,SE06
/content/drive/MyDrive/datasets/Mosaic_ADL_2x2/Fall/SE06/F06_SE06_R05_T7.5-12.5s.png,1,Fall,SE06
/content/drive/MyDrive/datasets/Mosaic_ADL_2x2/Fall/SE06/F06_SE06_R05_T10.0-15.0s.png,1,Fall,SE06
/content/drive/MyDrive/datasets/Mosaic_ADL_2x2/Fall/SE06/F07_SE06_R01_T0.0-5.0s.png,1,Fall,SE06
/content/drive/MyDrive/datasets/Mosaic_ADL_2x2/Fall/SE06/F07_SE06_R01_T2.5-7.5s.png,1,Fall,SE06
/content/drive/MyDrive/datasets/Mosaic_ADL_2x2/Fall/SE06/F07_SE06_R01_T5.0-10.0s.png,1,Fall,SE06
/content/drive/MyDrive/datasets/Mosaic_ADL_2x2/Fall/SE06/F07_SE06_R01_T7.5-12.5s.png,1,Fall,SE06
/content/drive/MyDrive/datasets/Mosaic_ADL_2x2/Fall/SE06/F07_SE06_R01_T10.0-15.0s.png,1,Fall,SE06
/content/drive/MyDrive/datasets/Mosaic_ADL_2x2/Fall/SE06/F07_SE06_R02_T0.0-5.0s.png,1,Fall,SE06
/content/drive/MyDrive/datasets/Mosaic_ADL_2x2/Fall/SE06/F07_SE06_R02_T2.5-7.5s.png,1,Fall,SE06
/content/drive/MyDrive/datasets/Mosaic_ADL_2x2/Fall/SE06/F07_SE06_R02_T5.0-10.0s.png,1,Fall,SE06
/content/drive/MyDrive/datasets/Mosaic_ADL_2x2/Fall/SE06/F07_SE06_R02_T7.5-12.5s.png,1,Fall,SE06
/content/drive/MyDrive/datasets/Mosaic_ADL_2x2/Fall/SE06/F07_SE06_R02_T10.0-15.0s.png,1,Fall,SE06
/content/drive/MyDrive/datasets/Mosaic_ADL_2x2/Fall/SE06/F07_SE06_R03_T0.0-5.0s.png,1,Fall,SE06
/content/drive/MyDrive/datasets/Mosaic_ADL_2x2/Fall/SE06/F07_SE06_R03_T2.5-7.5s.png,1,Fall,SE06
/content/drive/MyDrive/datasets/Mosaic_ADL_2x2/Fall/SE06/F07_SE06_R03_T5.0-10.0s.png,1,Fall,SE06
/content/drive/MyDrive/datasets/Mosaic_ADL_2x2/Fall/SE06/F07_SE06_R03_T7.5-12.5s.png,1,Fall,SE06
/content/drive/MyDrive/datasets/Mosaic_ADL_2x2/Fall/SE06/F07_SE06_R03_T10.0-15.0s.png,1,Fall,SE06
/content/drive/MyDrive/datasets/Mosaic_ADL_2x2/Fall/SE06/F07_SE06_R04_T0.0-5.0s.png,1,Fall,SE06
/content/drive/MyDrive/datasets/Mosaic_ADL_2x2/Fall/SE06/F07_SE06_R04_T2.5-7.5s.png,1,Fall,SE06
/content/drive/MyDrive/datasets/Mosaic_ADL_2x2/Fall/SE06/F07_SE06_R04_T5.0-10.0s.png,1,Fall,SE06
/content/drive/MyDrive/datasets/Mosaic_ADL_2x2/Fall/SE06/F07_SE06_R04_T7.5-12.5s.png,1,Fall,SE06
/content/drive/MyDrive/datasets/Mosaic_ADL_2x2/Fall/SE06/F07_SE06_R04_T10.0-15.0s.png,1,Fall,SE06
/content/drive/MyDrive/datasets/Mosaic_ADL_2x2/Fall/SE06/F07_SE06_R05_T0.0-5.0s.png,1,Fall,SE06
/content/drive/MyDrive/datasets/Mosaic_ADL_2x2/Fall/SE06/F07_SE06_R05_T2.5-7.5s.png,1,Fall,SE06
/content/drive/MyDrive/datasets/Mosaic_ADL_2x2/Fall/SE06/F07_SE06_R05_T5.0-10.0s.png,1,Fall,SE06
/content/drive/MyDrive/datasets/Mosaic_ADL_2x2/Fall/SE06/F07_SE06_R05_T7.5-12.5s.png,1,Fall,SE06
/content/drive/MyDrive/datasets/Mosaic_ADL_2x2/Fall/SE06/F08_SE06_R01_T0.0-5.0s.png,1,Fall,SE06
/content/drive/MyDrive/datasets/Mosaic_ADL_2x2/Fall/SE06/F08_SE06_R01_T2.5-7.5s.png,1,Fall,SE06
/content/drive/MyDrive/datasets/Mosaic_ADL_2x2/Fall/SE06/F08_SE06_R01_T5.0-10.0s.png,1,Fall,SE06
/content/drive/MyDrive/datasets/Mosaic_ADL_2x2/Fall/SE06/F08_SE06_R01_T7.5-12.5s.png,1,Fall,SE06
/content/drive/MyDrive/datasets/Mosaic_ADL_2x2/Fall/SE06/F08_SE06_R01_T10.0-15.0s.png,1,Fall,SE06
/content/drive/MyDrive/datasets/Mosaic_ADL_2x2/Fall/SE06/F08_SE06_R02_T0.0-5.0s.png,1,Fall,SE06
/content/drive/MyDrive/datasets/Mosaic_ADL_2x2/Fall/SE06/F08_SE06_R02_T2.5-7.5s.png,1,Fall,SE06
/content/drive/MyDrive/datasets/Mosaic_ADL_2x2/Fall/SE06/F08_SE06_R02_T5.0-10.0s.png,1,Fall,SE06
/content/drive/MyDrive/datasets/Mosaic_ADL_2x2/Fall/SE06/F08_SE06_R02_T7.5-12.5s.png,1,Fall,SE06
/content/drive/MyDrive/datasets/Mosaic_ADL_2x2/Fall/SE06/F08_SE06_R02_T10.0-15.0s.png,1,Fall,SE06
/content/drive/MyDrive/datasets/Mosaic_ADL_2x2/Fall/SE06/F08_SE06_R03_T0.0-5.0s.png,1,Fall,SE06
/content/drive/MyDrive/datasets/Mosaic_ADL_2x2/Fall/SE06/F08_SE06_R03_T2.5-7.5s.png,1,Fall,SE06
/content/drive/MyDrive/datasets/Mosaic_ADL_2x2/Fall/SE06/F08_SE06_R03_T5.0-10.0s.png,1,Fall,SE06
/content/drive/MyDrive/datasets/Mosaic_ADL_2x2/Fall/SE06/F08_SE06_R03_T7.5-12.5s.png,1,Fall,SE06
/content/drive/MyDrive/datasets/Mosaic_ADL_2x2/Fall/SE06/F08_SE06_R03_T10.0-15.0s.png,1,Fall,SE06
/content/drive/MyDrive/datasets/Mosaic_ADL_2x2/Fall/SE06/F08_SE06_R04_T0.0-5.0s.png,1,Fall,SE06
/content/drive/MyDrive/datasets/Mosaic_ADL_2x2/Fall/SE06/F08_SE06_R04_T2.5-7.5s.png,1,Fall,SE06
/content/drive/MyDrive/datasets/Mosaic_ADL_2x2/Fall/SE06/F08_SE06_R04_T5.0-10.0s.png,1,Fall,SE06
/content/drive/MyDrive/datasets/Mosaic_ADL_2x2/Fall/SE06/F08_SE06_R04_T7.5-12.5s.png,1,Fall,SE06
/content/drive/MyDrive/datasets/Mosaic_ADL_2x2/Fall/SE06/F08_SE06_R04_T10.0-15.0s.png,1,Fall,SE06
/content/drive/MyDrive/datasets/Mosaic_ADL_2x2/Fall/SE06/F08_SE06_R05_T0.0-5.0s.png,1,Fall,SE06
/content/drive/MyDrive/datasets/Mosaic_ADL_2x2/Fall/SE06/F08_SE06_R05_T2.5-7.5s.png,1,Fall,SE06
/content/drive/MyDrive/datasets/Mosaic_ADL_2x2/Fall/SE06/F08_SE06_R05_T5.0-10.0s.png,1,Fall,SE06
/content/drive/MyDrive/datasets/Mosaic_ADL_2x2/Fall/SE06/F08_SE06_R05_T7.5-12.5s.png,1,Fall,SE06
/content/drive/MyDrive/datasets/Mosaic_ADL_2x2/Fall/SE06/F08_SE06_R05_T10.0-15.0s.png,1,Fall,SE06
/content/drive/MyDrive/datasets/Mosaic_ADL_2x2/Fall/SE06/F09_SE06_R01_T0.0-5.0s.png,1,Fall,SE06
/content/drive/MyDrive/datasets/Mosaic_ADL_2x2/Fall/SE06/F09_SE06_R01_T2.5-7.5s.png,1,Fall,SE06
/content/drive/MyDrive/datasets/Mosaic_ADL_2x2/Fall/SE06/F09_SE06_R01_T5.0-10.0s.png,1,Fall,SE06
/content/drive/MyDrive/datasets/Mosaic_ADL_2x2/Fall/SE06/F09_SE06_R01_T7.5-12.5s.png,1,Fall,SE06
/content/drive/MyDrive/datasets/Mosaic_ADL_2x2/Fall/SE06/F09_SE06_R02_T0.0-5.0s.png,1,Fall,SE06
/content/drive/MyDrive/datasets/Mosaic_ADL_2x2/Fall/SE06/F09_SE06_R02_T2.5-7.5s.png,1,Fall,SE06
/content/drive/MyDrive/datasets/Mosaic_ADL_2x2/Fall/SE06/F09_SE06_R02_T5.0-10.0s.png,1,Fall,SE06
/content/drive/MyDrive/datasets/Mosaic_ADL_2x2/Fall/SE06/F09_SE06_R02_T7.5-12.5s.png,1,Fall,SE06
/content/drive/MyDrive/datasets/Mosaic_ADL_2x2/Fall/SE06/F09_SE06_R02_T10.0-15.0s.png,1,Fall,SE06
/content/drive/MyDrive/datasets/Mosaic_ADL_2x2/Fall/SE06/F09_SE06_R03_T0.0-5.0s.png,1,Fall,SE06
/content/drive/MyDrive/datasets/Mosaic_ADL_2x2/Fall/SE06/F09_SE06_R03_T2.5-7.5s.png,1,Fall,SE06
/content/drive/MyDrive/datasets/Mosaic_ADL_2x2/Fall/SE06/F09_SE06_R03_T5.0-10.0s.png,1,Fall,SE06
/content/drive/MyDrive/datasets/Mosaic_ADL_2x2/Fall/SE06/F09_SE06_R03_T7.5-12.5s.png,1,Fall,SE06
/content/drive/MyDrive/datasets/Mosaic_ADL_2x2/Fall/SE06/F09_SE06_R03_T10.0-15.0s.png,1,Fall,SE06
/content/drive/MyDrive/datasets/Mosaic_ADL_2x2/Fall/SE06/F09_SE06_R04_T0.0-5.0s.png,1,Fall,SE06
/content/drive/MyDrive/datasets/Mosaic_ADL_2x2/Fall/SE06/F09_SE06_R04_T2.5-7.5s.png,1,Fall,SE06
/content/drive/MyDrive/datasets/Mosaic_ADL_2x2/Fall/SE06/F09_SE06_R04_T5.0-10.0s.png,1,Fall,SE06
/content/drive/MyDrive/datasets/Mosaic_ADL_2x2/Fall/SE06/F09_SE06_R04_T7.5-12.5s.png,1,Fall,SE06
/content/drive/MyDrive/datasets/Mosaic_ADL_2x2/Fall/SE06/F09_SE06_R04_T10.0-15.0s.png,1,Fall,SE06
/content/drive/MyDrive/datasets/Mosaic_ADL_2x2/Fall/SE06/F09_SE06_R05_T0.0-5.0s.png,1,Fall,SE06
/content/drive/MyDrive/datasets/Mosaic_ADL_2x2/Fall/SE06/F09_SE06_R05_T2.5-7.5s.png,1,Fall,SE06
/content/drive/MyDrive/datasets/Mosaic_ADL_2x2/Fall/SE06/F09_SE06_R05_T5.0-10.0s.png,1,Fall,SE06
/content/drive/MyDrive/datasets/Mosaic_ADL_2x2/Fall/SE06/F09_SE06_R05_T7.5-12.5s.png,1,Fall,SE06
/content/drive/MyDrive/datasets/Mosaic_ADL_2x2/Fall/SE06/F09_SE06_R05_T10.0-15.0s.png,1,Fall,SE06
/content/drive/MyDrive/datasets/Mosaic_ADL_2x2/Fall/SE06/F10_SE06_R01_T0.0-5.0s.png,1,Fall,SE06
/content/drive/MyDrive/datasets/Mosaic_ADL_2x2/Fall/SE06/F10_SE06_R01_T2.5-7.5s.png,1,Fall,SE06
/content/drive/MyDrive/datasets/Mosaic_ADL_2x2/Fall/SE06/F10_SE06_R01_T5.0-10.0s.png,1,Fall,SE06
/content/drive/MyDrive/datasets/Mosaic_ADL_2x2/Fall/SE06/F10_SE06_R01_T7.5-12.5s.png,1,Fall,SE06
/content/drive/MyDrive/datasets/Mosaic_ADL_2x2/Fall/SE06/F10_SE06_R01_T10.0-15.0s.png,1,Fall,SE06
/content/drive/MyDrive/datasets/Mosaic_ADL_2x2/Fall/SE06/F10_SE06_R02_T0.0-5.0s.png,1,Fall,SE06
/content/drive/MyDrive/datasets/Mosaic_ADL_2x2/Fall/SE06/F10_SE06_R02_T2.5-7.5s.png,1,Fall,SE06
/content/drive/MyDrive/datasets/Mosaic_ADL_2x2/Fall/SE06/F10_SE06_R02_T5.0-10.0s.png,1,Fall,SE06
/content/drive/MyDrive/datasets/Mosaic_ADL_2x2/Fall/SE06/F10_SE06_R02_T7.5-12.5s.png,1,Fall,SE06
/content/drive/MyDrive/datasets/Mosaic_ADL_2x2/Fall/SE06/F10_SE06_R02_T10.0-15.0s.png,1,Fall,SE06
/content/drive/MyDrive/datasets/Mosaic_ADL_2x2/Fall/SE06/F10_SE06_R03_T0.0-5.0s.png,1,Fall,SE06
/content/drive/MyDrive/datasets/Mosaic_ADL_2x2/Fall/SE06/F10_SE06_R03_T2.5-7.5s.png,1,Fall,SE06
/content/drive/MyDrive/datasets/Mosaic_ADL_2x2/Fall/SE06/F10_SE06_R03_T5.0-10.0s.png,1,Fall,SE06
/content/drive/MyDrive/datasets/Mosaic_ADL_2x2/Fall/SE06/F10_SE06_R03_T7.5-12.5s.png,1,Fall,SE06
/content/drive/MyDrive/datasets/Mosaic_ADL_2x2/Fall/SE06/F10_SE06_R03_T10.0-15.0s.png,1,Fall,SE06
/content/drive/MyDrive/datasets/Mosaic_ADL_2x2/Fall/SE06/F10_SE06_R04_T0.0-5.0s.png,1,Fall,SE06
/content/drive/MyDrive/datasets/Mosaic_ADL_2x2/Fall/SE06/F10_SE06_R04_T2.5-7.5s.png,1,Fall,SE06
/content/drive/MyDrive/datasets/Mosaic_ADL_2x2/Fall/SE06/F10_SE06_R04_T5.0-10.0s.png,1,Fall,SE06
/content/drive/MyDrive/datasets/Mosaic_ADL_2x2/Fall/SE06/F10_SE06_R04_T7.5-12.5s.png,1,Fall,SE06
/content/drive/MyDrive/datasets/Mosaic_ADL_2x2/Fall/SE06/F10_SE06_R04_T10.0-15.0s.png,1,Fall,SE06
/content/drive/MyDrive/datasets/Mosaic_ADL_2x2/Fall/SE06/F10_SE06_R05_T0.0-5.0s.png,1,Fall,SE06
/content/drive/MyDrive/datasets/Mosaic_ADL_2x2/Fall/SE06/F10_SE06_R05_T2.5-7.5s.png,1,Fall,SE06
/content/drive/MyDrive/datasets/Mosaic_ADL_2x2/Fall/SE06/F10_SE06_R05_T5.0-10.0s.png,1,Fall,SE06
/content/drive/MyDrive/datasets/Mosaic_ADL_2x2/Fall/SE06/F10_SE06_R05_T7.5-12.5s.png,1,Fall,SE06
/content/drive/MyDrive/datasets/Mosaic_ADL_2x2/Fall/SE06/F10_SE06_R05_T10.0-15.0s.png,1,Fall,SE06
/content/drive/MyDrive/datasets/Mosaic_ADL_2x2/Fall/SE06/F11_SE06_R01_T0.0-5.0s.png,1,Fall,SE06
/content/drive/MyDrive/datasets/Mosaic_ADL_2x2/Fall/SE06/F11_SE06_R01_T2.5-7.5s.png,1,Fall,SE06
/content/drive/MyDrive/datasets/Mosaic_ADL_2x2/Fall/SE06/F11_SE06_R01_T5.0-10.0s.png,1,Fall,SE06
/content/drive/MyDrive/datasets/Mosaic_ADL_2x2/Fall/SE06/F11_SE06_R01_T7.5-12.5s.png,1,Fall,SE06
/content/drive/MyDrive/datasets/Mosaic_ADL_2x2/Fall/SE06/F11_SE06_R02_T0.0-5.0s.png,1,Fall,SE06
/content/drive/MyDrive/datasets/Mosaic_ADL_2x2/Fall/SE06/F11_SE06_R02_T2.5-7.5s.png,1,Fall,SE06
/content/drive/MyDrive/datasets/Mosaic_ADL_2x2/Fall/SE06/F11_SE06_R02_T5.0-10.0s.png,1,Fall,SE06
/content/drive/MyDrive/datasets/Mosaic_ADL_2x2/Fall/SE06/F11_SE06_R02_T7.5-12.5s.png,1,Fall,SE06
/content/drive/MyDrive/datasets/Mosaic_ADL_2x2/Fall/SE06/F11_SE06_R02_T10.0-15.0s.png,1,Fall,SE06
/content/drive/MyDrive/datasets/Mosaic_ADL_2x2/Fall/SE06/F11_SE06_R03_T0.0-5.0s.png,1,Fall,SE06
/content/drive/MyDrive/datasets/Mosaic_ADL_2x2/Fall/SE06/F11_SE06_R03_T2.5-7.5s.png,1,Fall,SE06
/content/drive/MyDrive/datasets/Mosaic_ADL_2x2/Fall/SE06/F11_SE06_R03_T5.0-10.0s.png,1,Fall,SE06
/content/drive/MyDrive/datasets/Mosaic_ADL_2x2/Fall/SE06/F11_SE06_R03_T7.5-12.5s.png,1,Fall,SE06
/content/drive/MyDrive/datasets/Mosaic_ADL_2x2/Fall/SE06/F11_SE06_R03_T10.0-15.0s.png,1,Fall,SE06
/content/drive/MyDrive/datasets/Mosaic_ADL_2x2/Fall/SE06/F11_SE06_R04_T0.0-5.0s.png,1,Fall,SE06
/content/drive/MyDrive/datasets/Mosaic_ADL_2x2/Fall/SE06/F11_SE06_R04_T2.5-7.5s.png,1,Fall,SE06
/content/drive/MyDrive/datasets/Mosaic_ADL_2x2/Fall/SE06/F11_SE06_R04_T5.0-10.0s.png,1,Fall,SE06
/content/drive/MyDrive/datasets/Mosaic_ADL_2x2/Fall/SE06/F11_SE06_R04_T7.5-12.5s.png,1,Fall,SE06
/content/drive/MyDrive/datasets/Mosaic_ADL_2x2/Fall/SE06/F11_SE06_R04_T10.0-15.0s.png,1,Fall,SE06
/content/drive/MyDrive/datasets/Mosaic_ADL_2x2/Fall/SE06/F11_SE06_R05_T0.0-5.0s.png,1,Fall,SE06
/content/drive/MyDrive/datasets/Mosaic_ADL_2x2/Fall/SE06/F11_SE06_R05_T2.5-7.5s.png,1,Fall,SE06
/content/drive/MyDrive/datasets/Mosaic_ADL_2x2/Fall/SE06/F11_SE06_R05_T5.0-10.0s.png,1,Fall,SE06
/content/drive/MyDrive/datasets/Mosaic_ADL_2x2/Fall/SE06/F11_SE06_R05_T7.5-12.5s.png,1,Fall,SE06
/content/drive/MyDrive/datasets/Mosaic_ADL_2x2/Fall/SE06/F12_SE06_R01_T0.0-5.0s.png,1,Fall,SE06
/content/drive/MyDrive/datasets/Mosaic_ADL_2x2/Fall/SE06/F12_SE06_R01_T2.5-7.5s.png,1,Fall,SE06
/content/drive/MyDrive/datasets/Mosaic_ADL_2x2/Fall/SE06/F12_SE06_R01_T5.0-10.0s.png,1,Fall,SE06
/content/drive/MyDrive/datasets/Mosaic_ADL_2x2/Fall/SE06/F12_SE06_R01_T7.5-12.5s.png,1,Fall,SE06
/content/drive/MyDrive/datasets/Mosaic_ADL_2x2/Fall/SE06/F12_SE06_R01_T10.0-15.0s.png,1,Fall,SE06
/content/drive/MyDrive/datasets/Mosaic_ADL_2x2/Fall/SE06/F12_SE06_R02_T0.0-5.0s.png,1,Fall,SE06
/content/drive/MyDrive/datasets/Mosaic_ADL_2x2/Fall/SE06/F12_SE06_R02_T2.5-7.5s.png,1,Fall,SE06
/content/drive/MyDrive/datasets/Mosaic_ADL_2x2/Fall/SE06/F12_SE06_R02_T5.0-10.0s.png,1,Fall,SE06
/content/drive/MyDrive/datasets/Mosaic_ADL_2x2/Fall/SE06/F12_SE06_R02_T7.5-12.5s.png,1,Fall,SE06
/content/drive/MyDrive/datasets/Mosaic_ADL_2x2/Fall/SE06/F12_SE06_R02_T10.0-15.0s.png,1,Fall,SE06
/content/drive/MyDrive/datasets/Mosaic_ADL_2x2/Fall/SE06/F12_SE06_R03_T0.0-5.0s.png,1,Fall,SE06
/content/drive/MyDrive/datasets/Mosaic_ADL_2x2/Fall/SE06/F12_SE06_R03_T2.5-7.5s.png,1,Fall,SE06
/content/drive/MyDrive/datasets/Mosaic_ADL_2x2/Fall/SE06/F12_SE06_R03_T5.0-10.0s.png,1,Fall,SE06
/content/drive/MyDrive/datasets/Mosaic_ADL_2x2/Fall/SE06/F12_SE06_R03_T7.5-12.5s.png,1,Fall,SE06
/content/drive/MyDrive/datasets/Mosaic_ADL_2x2/Fall/SE06/F12_SE06_R03_T10.0-15.0s.png,1,Fall,SE06
/content/drive/MyDrive/datasets/Mosaic_ADL_2x2/Fall/SE06/F12_SE06_R04_T0.0-5.0s.png,1,Fall,SE06
/content/drive/MyDrive/datasets/Mosaic_ADL_2x2/Fall/SE06/F12_SE06_R04_T2.5-7.5s.png,1,Fall,SE06
/content/drive/MyDrive/datasets/Mosaic_ADL_2x2/Fall/SE06/F12_SE06_R04_T5.0-10.0s.png,1,Fall,SE06
/content/drive/MyDrive/datasets/Mosaic_ADL_2x2/Fall/SE06/F12_SE06_R04_T7.5-12.5s.png,1,Fall,SE06
/content/drive/MyDrive/datasets/Mosaic_ADL_2x2/Fall/SE06/F12_SE06_R04_T10.0-15.0s.png,1,Fall,SE06
/content/drive/MyDrive/datasets/Mosaic_ADL_2x2/Fall/SE06/F12_SE06_R05_T0.0-5.0s.png,1,Fall,SE06
/content/drive/MyDrive/datasets/Mosaic_ADL_2x2/Fall/SE06/F12_SE06_R05_T2.5-7.5s.png,1,Fall,SE06
/content/drive/MyDrive/datasets/Mosaic_ADL_2x2/Fall/SE06/F12_SE06_R05_T5.0-10.0s.png,1,Fall,SE06
/content/drive/MyDrive/datasets/Mosaic_ADL_2x2/Fall/SE06/F12_SE06_R05_T7.5-12.5s.png,1,Fall,SE06
/content/drive/MyDrive/datasets/Mosaic_ADL_2x2/Fall/SE06/F12_SE06_R05_T10.0-15.0s.png,1,Fall,SE06
/content/drive/MyDrive/datasets/Mosaic_ADL_2x2/Fall/SE06/F13_SE06_R01_T0.0-5.0s.png,1,Fall,SE06
/content/drive/MyDrive/datasets/Mosaic_ADL_2x2/Fall/SE06/F13_SE06_R01_T2.5-7.5s.png,1,Fall,SE06
/content/drive/MyDrive/datasets/Mosaic_ADL_2x2/Fall/SE06/F13_SE06_R01_T5.0-10.0s.png,1,Fall,SE06
/content/drive/MyDrive/datasets/Mosaic_ADL_2x2/Fall/SE06/F13_SE06_R01_T7.5-12.5s.png,1,Fall,SE06
/content/drive/MyDrive/datasets/Mosaic_ADL_2x2/Fall/SE06/F13_SE06_R01_T10.0-15.0s.png,1,Fall,SE06
/content/drive/MyDrive/datasets/Mosaic_ADL_2x2/Fall/SE06/F13_SE06_R02_T0.0-5.0s.png,1,Fall,SE06
/content/drive/MyDrive/datasets/Mosaic_ADL_2x2/Fall/SE06/F13_SE06_R02_T2.5-7.5s.png,1,Fall,SE06
/content/drive/MyDrive/datasets/Mosaic_ADL_2x2/Fall/SE06/F13_SE06_R02_T5.0-10.0s.png,1,Fall,SE06
/content/drive/MyDrive/datasets/Mosaic_ADL_2x2/Fall/SE06/F13_SE06_R02_T7.5-12.5s.png,1,Fall,SE06
/content/drive/MyDrive/datasets/Mosaic_ADL_2x2/Fall/SE06/F13_SE06_R03_T0.0-5.0s.png,1,Fall,SE06
/content/drive/MyDrive/datasets/Mosaic_ADL_2x2/Fall/SE06/F13_SE06_R03_T2.5-7.5s.png,1,Fall,SE06
/content/drive/MyDrive/datasets/Mosaic_ADL_2x2/Fall/SE06/F13_SE06_R03_T5.0-10.0s.png,1,Fall,SE06
/content/drive/MyDrive/datasets/Mosaic_ADL_2x2/Fall/SE06/F13_SE06_R03_T7.5-12.5s.png,1,Fall,SE06
/content/drive/MyDrive/datasets/Mosaic_ADL_2x2/Fall/SE06/F13_SE06_R03_T10.0-15.0s.png,1,Fall,SE06
/content/drive/MyDrive/datasets/Mosaic_ADL_2x2/Fall/SE06/F13_SE06_R04_T0.0-5.0s.png,1,Fall,SE06
/content/drive/MyDrive/datasets/Mosaic_ADL_2x2/Fall/SE06/F13_SE06_R04_T2.5-7.5s.png,1,Fall,SE06
/content/drive/MyDrive/datasets/Mosaic_ADL_2x2/Fall/SE06/F13_SE06_R04_T5.0-10.0s.png,1,Fall,SE06
/content/drive/MyDrive/datasets/Mosaic_ADL_2x2/Fall/SE06/F13_SE06_R04_T7.5-12.5s.png,1,Fall,SE06
/content/drive/MyDrive/datasets/Mosaic_ADL_2x2/Fall/SE06/F13_SE06_R04_T10.0-15.0s.png,1,Fall,SE06
/content/drive/MyDrive/datasets/Mosaic_ADL_2x2/Fall/SE06/F13_SE06_R05_T0.0-5.0s.png,1,Fall,SE06
/content/drive/MyDrive/datasets/Mosaic_ADL_2x2/Fall/SE06/F13_SE06_R05_T2.5-7.5s.png,1,Fall,SE06
/content/drive/MyDrive/datasets/Mosaic_ADL_2x2/Fall/SE06/F13_SE06_R05_T5.0-10.0s.png,1,Fall,SE06
/content/drive/MyDrive/datasets/Mosaic_ADL_2x2/Fall/SE06/F13_SE06_R05_T7.5-12.5s.png,1,Fall,SE06
/content/drive/MyDrive/datasets/Mosaic_ADL_2x2/Fall/SE06/F13_SE06_R05_T10.0-15.0s.png,1,Fall,SE06
/content/drive/MyDrive/datasets/Mosaic_ADL_2x2/Fall/SE06/F14_SE06_R01_T0.0-5.0s.png,1,Fall,SE06
/content/drive/MyDrive/datasets/Mosaic_ADL_2x2/Fall/SE06/F14_SE06_R01_T2.5-7.5s.png,1,Fall,SE06
/content/drive/MyDrive/datasets/Mosaic_ADL_2x2/Fall/SE06/F14_SE06_R01_T5.0-10.0s.png,1,Fall,SE06
/content/drive/MyDrive/datasets/Mosaic_ADL_2x2/Fall/SE06/F14_SE06_R01_T7.5-12.5s.png,1,Fall,SE06
/content/drive/MyDrive/datasets/Mosaic_ADL_2x2/Fall/SE06/F14_SE06_R01_T10.0-15.0s.png,1,Fall,SE06
/content/drive/MyDrive/datasets/Mosaic_ADL_2x2/Fall/SE06/F14_SE06_R02_T0.0-5.0s.png,1,Fall,SE06
/content/drive/MyDrive/datasets/Mosaic_ADL_2x2/Fall/SE06/F14_SE06_R02_T2.5-7.5s.png,1,Fall,SE06
/content/drive/MyDrive/datasets/Mosaic_ADL_2x2/Fall/SE06/F14_SE06_R02_T5.0-10.0s.png,1,Fall,SE06
/content/drive/MyDrive/datasets/Mosaic_ADL_2x2/Fall/SE06/F14_SE06_R02_T7.5-12.5s.png,1,Fall,SE06
/content/drive/MyDrive/datasets/Mosaic_ADL_2x2/Fall/SE06/F14_SE06_R02_T10.0-15.0s.png,1,Fall,SE06
/content/drive/MyDrive/datasets/Mosaic_ADL_2x2/Fall/SE06/F14_SE06_R03_T0.0-5.0s.png,1,Fall,SE06
/content/drive/MyDrive/datasets/Mosaic_ADL_2x2/Fall/SE06/F14_SE06_R03_T2.5-7.5s.png,1,Fall,SE06
/content/drive/MyDrive/datasets/Mosaic_ADL_2x2/Fall/SE06/F14_SE06_R03_T5.0-10.0s.png,1,Fall,SE06
/content/drive/MyDrive/datasets/Mosaic_ADL_2x2/Fall/SE06/F14_SE06_R03_T7.5-12.5s.png,1,Fall,SE06
/content/drive/MyDrive/datasets/Mosaic_ADL_2x2/Fall/SE06/F14_SE06_R03_T10.0-15.0s.png,1,Fall,SE06
/content/drive/MyDrive/datasets/Mosaic_ADL_2x2/Fall/SE06/F14_SE06_R04_T0.0-5.0s.png,1,Fall,SE06
/content/drive/MyDrive/datasets/Mosaic_ADL_2x2/Fall/SE06/F14_SE06_R04_T2.5-7.5s.png,1,Fall,SE06
/content/drive/MyDrive/datasets/Mosaic_ADL_2x2/Fall/SE06/F14_SE06_R04_T5.0-10.0s.png,1,Fall,SE06
/content/drive/MyDrive/datasets/Mosaic_ADL_2x2/Fall/SE06/F14_SE06_R04_T7.5-12.5s.png,1,Fall,SE06
/content/drive/MyDrive/datasets/Mosaic_ADL_2x2/Fall/SE06/F14_SE06_R04_T10.0-15.0s.png,1,Fall,SE06
/content/drive/MyDrive/datasets/Mosaic_ADL_2x2/Fall/SE06/F14_SE06_R05_T0.0-5.0s.png,1,Fall,SE06
/content/drive/MyDrive/datasets/Mosaic_ADL_2x2/Fall/SE06/F14_SE06_R05_T2.5-7.5s.png,1,Fall,SE06
/content/drive/MyDrive/datasets/Mosaic_ADL_2x2/Fall/SE06/F14_SE06_R05_T5.0-10.0s.png,1,Fall,SE06
/content/drive/MyDrive/datasets/Mosaic_ADL_2x2/Fall/SE06/F14_SE06_R05_T7.5-12.5s.png,1,Fall,SE06
/content/drive/MyDrive/datasets/Mosaic_ADL_2x2/Fall/SE06/F14_SE06_R05_T10.0-15.0s.png,1,Fall,SE06
/content/drive/MyDrive/datasets/Mosaic_ADL_2x2/Fall/SE06/F15_SE06_R01_T0.0-5.0s.png,1,Fall,SE06
/content/drive/MyDrive/datasets/Mosaic_ADL_2x2/Fall/SE06/F15_SE06_R01_T2.5-7.5s.png,1,Fall,SE06
/content/drive/MyDrive/datasets/Mosaic_ADL_2x2/Fall/SE06/F15_SE06_R01_T5.0-10.0s.png,1,Fall,SE06
/content/drive/MyDrive/datasets/Mosaic_ADL_2x2/Fall/SE06/F15_SE06_R01_T7.5-12.5s.png,1,Fall,SE06
/content/drive/MyDrive/datasets/Mosaic_ADL_2x2/Fall/SE06/F15_SE06_R01_T10.0-15.0s.png,1,Fall,SE06
/content/drive/MyDrive/datasets/Mosaic_ADL_2x2/Fall/SE06/F15_SE06_R02_T0.0-5.0s.png,1,Fall,SE06
/content/drive/MyDrive/datasets/Mosaic_ADL_2x2/Fall/SE06/F15_SE06_R02_T2.5-7.5s.png,1,Fall,SE06
/content/drive/MyDrive/datasets/Mosaic_ADL_2x2/Fall/SE06/F15_SE06_R02_T5.0-10.0s.png,1,Fall,SE06
/content/drive/MyDrive/datasets/Mosaic_ADL_2x2/Fall/SE06/F15_SE06_R02_T7.5-12.5s.png,1,Fall,SE06
/content/drive/MyDrive/datasets/Mosaic_ADL_2x2/Fall/SE06/F15_SE06_R02_T10.0-15.0s.png,1,Fall,SE06
/content/drive/MyDrive/datasets/Mosaic_ADL_2x2/Fall/SE06/F15_SE06_R03_T0.0-5.0s.png,1,Fall,SE06
/content/drive/MyDrive/datasets/Mosaic_ADL_2x2/Fall/SE06/F15_SE06_R03_T2.5-7.5s.png,1,Fall,SE06
/content/drive/MyDrive/datasets/Mosaic_ADL_2x2/Fall/SE06/F15_SE06_R03_T5.0-10.0s.png,1,Fall,SE06
/content/drive/MyDrive/datasets/Mosaic_ADL_2x2/Fall/SE06/F15_SE06_R03_T7.5-12.5s.png,1,Fall,SE06
/content/drive/MyDrive/datasets/Mosaic_ADL_2x2/Fall/SE06/F15_SE06_R03_T10.0-15.0s.png,1,Fall,SE06
/content/drive/MyDrive/datasets/Mosaic_ADL_2x2/Fall/SE06/F15_SE06_R04_T0.0-5.0s.png,1,Fall,SE06
/content/drive/MyDrive/datasets/Mosaic_ADL_2x2/Fall/SE06/F15_SE06_R04_T2.5-7.5s.png,1,Fall,SE06
/content/drive/MyDrive/datasets/Mosaic_ADL_2x2/Fall/SE06/F15_SE06_R04_T5.0-10.0s.png,1,Fall,SE06
/content/drive/MyDrive/datasets/Mosaic_ADL_2x2/Fall/SE06/F15_SE06_R04_T7.5-12.5s.png,1,Fall,SE06
/content/drive/MyDrive/datasets/Mosaic_ADL_2x2/Fall/SE06/F15_SE06_R04_T10.0-15.0s.png,1,Fall,SE06
/content/drive/MyDrive/datasets/Mosaic_ADL_2x2/Fall/SE06/F15_SE06_R05_T0.0-5.0s.png,1,Fall,SE06
/content/drive/MyDrive/datasets/Mosaic_ADL_2x2/Fall/SE06/F15_SE06_R05_T2.5-7.5s.png,1,Fall,SE06
/content/drive/MyDrive/datasets/Mosaic_ADL_2x2/Fall/SE06/F15_SE06_R05_T5.0-10.0s.png,1,Fall,SE06
/content/drive/MyDrive/datasets/Mosaic_ADL_2x2/Fall/SE06/F15_SE06_R05_T7.5-12.5s.png,1,Fall,SE06
/content/drive/MyDrive/datasets/Mosaic_ADL_2x2/Fall/SE06/F15_SE06_R05_T10.0-15.0s.png,1,Fall,SE06
/content/drive/MyDrive/datasets/Mosaic_ADL_2x2/Fall/SA13/F01_SA13_R01_T0.0-5.0s.png,1,Fall,SA13
/content/drive/MyDrive/datasets/Mosaic_ADL_2x2/Fall/SA13/F01_SA13_R01_T2.5-7.5s.png,1,Fall,SA13
/content/drive/MyDrive/datasets/Mosaic_ADL_2x2/Fall/SA13/F01_SA13_R01_T5.0-10.0s.png,1,Fall,SA13
/content/drive/MyDrive/datasets/Mosaic_ADL_2x2/Fall/SA13/F01_SA13_R01_T7.5-12.5s.png,1,Fall,SA13
/content/drive/MyDrive/datasets/Mosaic_ADL_2x2/Fall/SA13/F01_SA13_R01_T10.0-15.0s.png,1,Fall,SA13
/content/drive/MyDrive/datasets/Mosaic_ADL_2x2/Fall/SA13/F01_SA13_R02_T0.0-5.0s.png,1,Fall,SA13
/content/drive/MyDrive/datasets/Mosaic_ADL_2x2/Fall/SA13/F01_SA13_R02_T2.5-7.5s.png,1,Fall,SA13
/content/drive/MyDrive/datasets/Mosaic_ADL_2x2/Fall/SA13/F01_SA13_R02_T5.0-10.0s.png,1,Fall,SA13
/content/drive/MyDrive/datasets/Mosaic_ADL_2x2/Fall/SA13/F01_SA13_R02_T7.5-12.5s.png,1,Fall,SA13
/content/drive/MyDrive/datasets/Mosaic_ADL_2x2/Fall/SA13/F01_SA13_R02_T10.0-15.0s.png,1,Fall,SA13
/content/drive/MyDrive/datasets/Mosaic_ADL_2x2/Fall/SA13/F01_SA13_R03_T0.0-5.0s.png,1,Fall,SA13
/content/drive/MyDrive/datasets/Mosaic_ADL_2x2/Fall/SA13/F01_SA13_R03_T2.5-7.5s.png,1,Fall,SA13
/content/drive/MyDrive/datasets/Mosaic_ADL_2x2/Fall/SA13/F01_SA13_R03_T5.0-10.0s.png,1,Fall,SA13
/content/drive/MyDrive/datasets/Mosaic_ADL_2x2/Fall/SA13/F01_SA13_R03_T7.5-12.5s.png,1,Fall,SA13
/content/drive/MyDrive/datasets/Mosaic_ADL_2x2/Fall/SA13/F01_SA13_R03_T10.0-15.0s.png,1,Fall,SA13
/content/drive/MyDrive/datasets/Mosaic_ADL_2x2/Fall/SA13/F01_SA13_R04_T0.0-5.0s.png,1,Fall,SA13
/content/drive/MyDrive/datasets/Mosaic_ADL_2x2/Fall/SA13/F01_SA13_R04_T2.5-7.5s.png,1,Fall,SA13
/content/drive/MyDrive/datasets/Mosaic_ADL_2x2/Fall/SA13/F01_SA13_R04_T5.0-10.0s.png,1,Fall,SA13
/content/drive/MyDrive/datasets/Mosaic_ADL_2x2/Fall/SA13/F01_SA13_R04_T7.5-12.5s.png,1,Fall,SA13
/content/drive/MyDrive/datasets/Mosaic_ADL_2x2/Fall/SA13/F01_SA13_R04_T10.0-15.0s.png,1,Fall,SA13
/content/drive/MyDrive/datasets/Mosaic_ADL_2x2/Fall/SA13/F01_SA13_R05_T0.0-5.0s.png,1,Fall,SA13
/content/drive/MyDrive/datasets/Mosaic_ADL_2x2/Fall/SA13/F01_SA13_R05_T2.5-7.5s.png,1,Fall,SA13
/content/drive/MyDrive/datasets/Mosaic_ADL_2x2/Fall/SA13/F01_SA13_R05_T5.0-10.0s.png,1,Fall,SA13
/content/drive/MyDrive/datasets/Mosaic_ADL_2x2/Fall/SA13/F01_SA13_R05_T7.5-12.5s.png,1,Fall,SA13
/content/drive/MyDrive/datasets/Mosaic_ADL_2x2/Fall/SA13/F02_SA13_R01_T0.0-5.0s.png,1,Fall,SA13
/content/drive/MyDrive/datasets/Mosaic_ADL_2x2/Fall/SA13/F02_SA13_R01_T2.5-7.5s.png,1,Fall,SA13
/content/drive/MyDrive/datasets/Mosaic_ADL_2x2/Fall/SA13/F02_SA13_R01_T5.0-10.0s.png,1,Fall,SA13
/content/drive/MyDrive/datasets/Mosaic_ADL_2x2/Fall/SA13/F02_SA13_R01_T7.5-12.5s.png,1,Fall,SA13
/content/drive/MyDrive/datasets/Mosaic_ADL_2x2/Fall/SA13/F02_SA13_R01_T10.0-15.0s.png,1,Fall,SA13
/content/drive/MyDrive/datasets/Mosaic_ADL_2x2/Fall/SA13/F02_SA13_R02_T0.0-5.0s.png,1,Fall,SA13
/content/drive/MyDrive/datasets/Mosaic_ADL_2x2/Fall/SA13/F02_SA13_R02_T2.5-7.5s.png,1,Fall,SA13
/content/drive/MyDrive/datasets/Mosaic_ADL_2x2/Fall/SA13/F02_SA13_R02_T5.0-10.0s.png,1,Fall,SA13
/content/drive/MyDrive/datasets/Mosaic_ADL_2x2/Fall/SA13/F02_SA13_R02_T7.5-12.5s.png,1,Fall,SA13
/content/drive/MyDrive/datasets/Mosaic_ADL_2x2/Fall/SA13/F02_SA13_R02_T10.0-15.0s.png,1,Fall,SA13
/content/drive/MyDrive/datasets/Mosaic_ADL_2x2/Fall/SA13/F02_SA13_R03_T0.0-5.0s.png,1,Fall,SA13
/content/drive/MyDrive/datasets/Mosaic_ADL_2x2/Fall/SA13/F02_SA13_R03_T2.5-7.5s.png,1,Fall,SA13
/content/drive/MyDrive/datasets/Mosaic_ADL_2x2/Fall/SA13/F02_SA13_R03_T5.0-10.0s.png,1,Fall,SA13
/content/drive/MyDrive/datasets/Mosaic_ADL_2x2/Fall/SA13/F02_SA13_R03_T7.5-12.5s.png,1,Fall,SA13
/content/drive/MyDrive/datasets/Mosaic_ADL_2x2/Fall/SA13/F02_SA13_R03_T10.0-15.0s.png,1,Fall,SA13
/content/drive/MyDrive/datasets/Mosaic_ADL_2x2/Fall/SA13/F02_SA13_R04_T0.0-5.0s.png,1,Fall,SA13
/content/drive/MyDrive/datasets/Mosaic_ADL_2x2/Fall/SA13/F02_SA13_R04_T2.5-7.5s.png,1,Fall,SA13
/content/drive/MyDrive/datasets/Mosaic_ADL_2x2/Fall/SA13/F02_SA13_R04_T5.0-10.0s.png,1,Fall,SA13
/content/drive/MyDrive/datasets/Mosaic_ADL_2x2/Fall/SA13/F02_SA13_R04_T7.5-12.5s.png,1,Fall,SA13
/content/drive/MyDrive/datasets/Mosaic_ADL_2x2/Fall/SA13/F02_SA13_R04_T10.0-15.0s.png,1,Fall,SA13
/content/drive/MyDrive/datasets/Mosaic_ADL_2x2/Fall/SA13/F02_SA13_R05_T0.0-5.0s.png,1,Fall,SA13
/content/drive/MyDrive/datasets/Mosaic_ADL_2x2/Fall/SA13/F02_SA13_R05_T2.5-7.5s.png,1,Fall,SA13
/content/drive/MyDrive/datasets/Mosaic_ADL_2x2/Fall/SA13/F02_SA13_R05_T5.0-10.0s.png,1,Fall,SA13
/content/drive/MyDrive/datasets/Mosaic_ADL_2x2/Fall/SA13/F02_SA13_R05_T7.5-12.5s.png,1,Fall,SA13
/content/drive/MyDrive/datasets/Mosaic_ADL_2x2/Fall/SA13/F02_SA13_R05_T10.0-15.0s.png,1,Fall,SA13
/content/drive/MyDrive/datasets/Mosaic_ADL_2x2/Fall/SA13/F03_SA13_R01_T0.0-5.0s.png,1,Fall,SA13
/content/drive/MyDrive/datasets/Mosaic_ADL_2x2/Fall/SA13/F03_SA13_R01_T2.5-7.5s.png,1,Fall,SA13
/content/drive/MyDrive/datasets/Mosaic_ADL_2x2/Fall/SA13/F03_SA13_R01_T5.0-10.0s.png,1,Fall,SA13
/content/drive/MyDrive/datasets/Mosaic_ADL_2x2/Fall/SA13/F03_SA13_R01_T7.5-12.5s.png,1,Fall,SA13
/content/drive/MyDrive/datasets/Mosaic_ADL_2x2/Fall/SA13/F03_SA13_R01_T10.0-15.0s.png,1,Fall,SA13
/content/drive/MyDrive/datasets/Mosaic_ADL_2x2/Fall/SA13/F03_SA13_R02_T0.0-5.0s.png,1,Fall,SA13
/content/drive/MyDrive/datasets/Mosaic_ADL_2x2/Fall/SA13/F03_SA13_R02_T2.5-7.5s.png,1,Fall,SA13
/content/drive/MyDrive/datasets/Mosaic_ADL_2x2/Fall/SA13/F03_SA13_R02_T5.0-10.0s.png,1,Fall,SA13
/content/drive/MyDrive/datasets/Mosaic_ADL_2x2/Fall/SA13/F03_SA13_R02_T7.5-12.5s.png,1,Fall,SA13
/content/drive/MyDrive/datasets/Mosaic_ADL_2x2/Fall/SA13/F03_SA13_R02_T10.0-15.0s.png,1,Fall,SA13
/content/drive/MyDrive/datasets/Mosaic_ADL_2x2/Fall/SA13/F03_SA13_R03_T0.0-5.0s.png,1,Fall,SA13
/content/drive/MyDrive/datasets/Mosaic_ADL_2x2/Fall/SA13/F03_SA13_R03_T2.5-7.5s.png,1,Fall,SA13
/content/drive/MyDrive/datasets/Mosaic_ADL_2x2/Fall/SA13/F03_SA13_R03_T5.0-10.0s.png,1,Fall,SA13
/content/drive/MyDrive/datasets/Mosaic_ADL_2x2/Fall/SA13/F03_SA13_R03_T7.5-12.5s.png,1,Fall,SA13
/content/drive/MyDrive/datasets/Mosaic_ADL_2x2/Fall/SA13/F03_SA13_R03_T10.0-15.0s.png,1,Fall,SA13
/content/drive/MyDrive/datasets/Mosaic_ADL_2x2/Fall/SA13/F03_SA13_R04_T0.0-5.0s.png,1,Fall,SA13
/content/drive/MyDrive/datasets/Mosaic_ADL_2x2/Fall/SA13/F03_SA13_R04_T2.5-7.5s.png,1,Fall,SA13
/content/drive/MyDrive/datasets/Mosaic_ADL_2x2/Fall/SA13/F03_SA13_R04_T5.0-10.0s.png,1,Fall,SA13
/content/drive/MyDrive/datasets/Mosaic_ADL_2x2/Fall/SA13/F03_SA13_R04_T7.5-12.5s.png,1,Fall,SA13
/content/drive/MyDrive/datasets/Mosaic_ADL_2x2/Fall/SA13/F03_SA13_R04_T10.0-15.0s.png,1,Fall,SA13
/content/drive/MyDrive/datasets/Mosaic_ADL_2x2/Fall/SA13/F03_SA13_R05_T0.0-5.0s.png,1,Fall,SA13
/content/drive/MyDrive/datasets/Mosaic_ADL_2x2/Fall/SA13/F03_SA13_R05_T2.5-7.5s.png,1,Fall,SA13
/content/drive/MyDrive/datasets/Mosaic_ADL_2x2/Fall/SA13/F03_SA13_R05_T5.0-10.0s.png,1,Fall,SA13
/content/drive/MyDrive/datasets/Mosaic_ADL_2x2/Fall/SA13/F03_SA13_R05_T7.5-12.5s.png,1,Fall,SA13
/content/drive/MyDrive/datasets/Mosaic_ADL_2x2/Fall/SA13/F03_SA13_R05_T10.0-15.0s.png,1,Fall,SA13
/content/drive/MyDrive/datasets/Mosaic_ADL_2x2/Fall/SA13/F04_SA13_R01_T0.0-5.0s.png,1,Fall,SA13
/content/drive/MyDrive/datasets/Mosaic_ADL_2x2/Fall/SA13/F04_SA13_R01_T2.5-7.5s.png,1,Fall,SA13
/content/drive/MyDrive/datasets/Mosaic_ADL_2x2/Fall/SA13/F04_SA13_R01_T5.0-10.0s.png,1,Fall,SA13
/content/drive/MyDrive/datasets/Mosaic_ADL_2x2/Fall/SA13/F04_SA13_R01_T7.5-12.5s.png,1,Fall,SA13
/content/drive/MyDrive/datasets/Mosaic_ADL_2x2/Fall/SA13/F04_SA13_R01_T10.0-15.0s.png,1,Fall,SA13
/content/drive/MyDrive/datasets/Mosaic_ADL_2x2/Fall/SA13/F04_SA13_R02_T0.0-5.0s.png,1,Fall,SA13
/content/drive/MyDrive/datasets/Mosaic_ADL_2x2/Fall/SA13/F04_SA13_R02_T2.5-7.5s.png,1,Fall,SA13
/content/drive/MyDrive/datasets/Mosaic_ADL_2x2/Fall/SA13/F04_SA13_R02_T5.0-10.0s.png,1,Fall,SA13
/content/drive/MyDrive/datasets/Mosaic_ADL_2x2/Fall/SA13/F04_SA13_R02_T7.5-12.5s.png,1,Fall,SA13
/content/drive/MyDrive/datasets/Mosaic_ADL_2x2/Fall/SA13/F04_SA13_R02_T10.0-15.0s.png,1,Fall,SA13
/content/drive/MyDrive/datasets/Mosaic_ADL_2x2/Fall/SA13/F04_SA13_R03_T0.0-5.0s.png,1,Fall,SA13
/content/drive/MyDrive/datasets/Mosaic_ADL_2x2/Fall/SA13/F04_SA13_R03_T2.5-7.5s.png,1,Fall,SA13
/content/drive/MyDrive/datasets/Mosaic_ADL_2x2/Fall/SA13/F04_SA13_R03_T5.0-10.0s.png,1,Fall,SA13
/content/drive/MyDrive/datasets/Mosaic_ADL_2x2/Fall/SA13/F04_SA13_R03_T7.5-12.5s.png,1,Fall,SA13
/content/drive/MyDrive/datasets/Mosaic_ADL_2x2/Fall/SA13/F04_SA13_R03_T10.0-15.0s.png,1,Fall,SA13
/content/drive/MyDrive/datasets/Mosaic_ADL_2x2/Fall/SA13/F04_SA13_R04_T0.0-5.0s.png,1,Fall,SA13
/content/drive/MyDrive/datasets/Mosaic_ADL_2x2/Fall/SA13/F04_SA13_R04_T2.5-7.5s.png,1,Fall,SA13
/content/drive/MyDrive/datasets/Mosaic_ADL_2x2/Fall/SA13/F04_SA13_R04_T5.0-10.0s.png,1,Fall,SA13
/content/drive/MyDrive/datasets/Mosaic_ADL_2x2/Fall/SA13/F04_SA13_R04_T7.5-12.5s.png,1,Fall,SA13
/content/drive/MyDrive/datasets/Mosaic_ADL_2x2/Fall/SA13/F04_SA13_R04_T10.0-15.0s.png,1,Fall,SA13
/content/drive/MyDrive/datasets/Mosaic_ADL_2x2/Fall/SA13/F04_SA13_R05_T0.0-5.0s.png,1,Fall,SA13
/content/drive/MyDrive/datasets/Mosaic_ADL_2x2/Fall/SA13/F04_SA13_R05_T2.5-7.5s.png,1,Fall,SA13
/content/drive/MyDrive/datasets/Mosaic_ADL_2x2/Fall/SA13/F04_SA13_R05_T5.0-10.0s.png,1,Fall,SA13
/content/drive/MyDrive/datasets/Mosaic_ADL_2x2/Fall/SA13/F04_SA13_R05_T7.5-12.5s.png,1,Fall,SA13
/content/drive/MyDrive/datasets/Mosaic_ADL_2x2/Fall/SA13/F04_SA13_R05_T10.0-15.0s.png,1,Fall,SA13
/content/drive/MyDrive/datasets/Mosaic_ADL_2x2/Fall/SA13/F05_SA13_R01_T0.0-5.0s.png,1,Fall,SA13
/content/drive/MyDrive/datasets/Mosaic_ADL_2x2/Fall/SA13/F05_SA13_R01_T2.5-7.5s.png,1,Fall,SA13
/content/drive/MyDrive/datasets/Mosaic_ADL_2x2/Fall/SA13/F05_SA13_R01_T5.0-10.0s.png,1,Fall,SA13
/content/drive/MyDrive/datasets/Mosaic_ADL_2x2/Fall/SA13/F05_SA13_R01_T7.5-12.5s.png,1,Fall,SA13
/content/drive/MyDrive/datasets/Mosaic_ADL_2x2/Fall/SA13/F05_SA13_R01_T10.0-15.0s.png,1,Fall,SA13
/content/drive/MyDrive/datasets/Mosaic_ADL_2x2/Fall/SA13/F05_SA13_R02_T0.0-5.0s.png,1,Fall,SA13
/content/drive/MyDrive/datasets/Mosaic_ADL_2x2/Fall/SA13/F05_SA13_R02_T2.5-7.5s.png,1,Fall,SA13
/content/drive/MyDrive/datasets/Mosaic_ADL_2x2/Fall/SA13/F05_SA13_R02_T5.0-10.0s.png,1,Fall,SA13
/content/drive/MyDrive/datasets/Mosaic_ADL_2x2/Fall/SA13/F05_SA13_R02_T7.5-12.5s.png,1,Fall,SA13
/content/drive/MyDrive/datasets/Mosaic_ADL_2x2/Fall/SA13/F05_SA13_R02_T10.0-15.0s.png,1,Fall,SA13
/content/drive/MyDrive/datasets/Mosaic_ADL_2x2/Fall/SA13/F05_SA13_R03_T0.0-5.0s.png,1,Fall,SA13
/content/drive/MyDrive/datasets/Mosaic_ADL_2x2/Fall/SA13/F05_SA13_R03_T2.5-7.5s.png,1,Fall,SA13
/content/drive/MyDrive/datasets/Mosaic_ADL_2x2/Fall/SA13/F05_SA13_R03_T5.0-10.0s.png,1,Fall,SA13
/content/drive/MyDrive/datasets/Mosaic_ADL_2x2/Fall/SA13/F05_SA13_R03_T7.5-12.5s.png,1,Fall,SA13
/content/drive/MyDrive/datasets/Mosaic_ADL_2x2/Fall/SA13/F05_SA13_R03_T10.0-15.0s.png,1,Fall,SA13
/content/drive/MyDrive/datasets/Mosaic_ADL_2x2/Fall/SA13/F05_SA13_R04_T0.0-5.0s.png,1,Fall,SA13
/content/drive/MyDrive/datasets/Mosaic_ADL_2x2/Fall/SA13/F05_SA13_R04_T2.5-7.5s.png,1,Fall,SA13
/content/drive/MyDrive/datasets/Mosaic_ADL_2x2/Fall/SA13/F05_SA13_R04_T5.0-10.0s.png,1,Fall,SA13
/content/drive/MyDrive/datasets/Mosaic_ADL_2x2/Fall/SA13/F05_SA13_R04_T7.5-12.5s.png,1,Fall,SA13
/content/drive/MyDrive/datasets/Mosaic_ADL_2x2/Fall/SA13/F05_SA13_R04_T10.0-15.0s.png,1,Fall,SA13
/content/drive/MyDrive/datasets/Mosaic_ADL_2x2/Fall/SA13/F05_SA13_R05_T0.0-5.0s.png,1,Fall,SA13
/content/drive/MyDrive/datasets/Mosaic_ADL_2x2/Fall/SA13/F05_SA13_R05_T2.5-7.5s.png,1,Fall,SA13
/content/drive/MyDrive/datasets/Mosaic_ADL_2x2/Fall/SA13/F05_SA13_R05_T5.0-10.0s.png,1,Fall,SA13
/content/drive/MyDrive/datasets/Mosaic_ADL_2x2/Fall/SA13/F05_SA13_R05_T7.5-12.5s.png,1,Fall,SA13
/content/drive/MyDrive/datasets/Mosaic_ADL_2x2/Fall/SA13/F05_SA13_R05_T10.0-15.0s.png,1,Fall,SA13
/content/drive/MyDrive/datasets/Mosaic_ADL_2x2/Fall/SA13/F06_SA13_R01_T0.0-5.0s.png,1,Fall,SA13
/content/drive/MyDrive/datasets/Mosaic_ADL_2x2/Fall/SA13/F06_SA13_R01_T2.5-7.5s.png,1,Fall,SA13
/content/drive/MyDrive/datasets/Mosaic_ADL_2x2/Fall/SA13/F06_SA13_R01_T5.0-10.0s.png,1,Fall,SA13
/content/drive/MyDrive/datasets/Mosaic_ADL_2x2/Fall/SA13/F06_SA13_R01_T7.5-12.5s.png,1,Fall,SA13
/content/drive/MyDrive/datasets/Mosaic_ADL_2x2/Fall/SA13/F06_SA13_R01_T10.0-15.0s.png,1,Fall,SA13
/content/drive/MyDrive/datasets/Mosaic_ADL_2x2/Fall/SA13/F06_SA13_R02_T0.0-5.0s.png,1,Fall,SA13
/content/drive/MyDrive/datasets/Mosaic_ADL_2x2/Fall/SA13/F06_SA13_R02_T2.5-7.5s.png,1,Fall,SA13
/content/drive/MyDrive/datasets/Mosaic_ADL_2x2/Fall/SA13/F06_SA13_R02_T5.0-10.0s.png,1,Fall,SA13
/content/drive/MyDrive/datasets/Mosaic_ADL_2x2/Fall/SA13/F06_SA13_R02_T7.5-12.5s.png,1,Fall,SA13
/content/drive/MyDrive/datasets/Mosaic_ADL_2x2/Fall/SA13/F06_SA13_R02_T10.0-15.0s.png,1,Fall,SA13
/content/drive/MyDrive/datasets/Mosaic_ADL_2x2/Fall/SA13/F06_SA13_R03_T0.0-5.0s.png,1,Fall,SA13
/content/drive/MyDrive/datasets/Mosaic_ADL_2x2/Fall/SA13/F06_SA13_R03_T2.5-7.5s.png,1,Fall,SA13
/content/drive/MyDrive/datasets/Mosaic_ADL_2x2/Fall/SA13/F06_SA13_R03_T5.0-10.0s.png,1,Fall,SA13
/content/drive/MyDrive/datasets/Mosaic_ADL_2x2/Fall/SA13/F06_SA13_R03_T7.5-12.5s.png,1,Fall,SA13
/content/drive/MyDrive/datasets/Mosaic_ADL_2x2/Fall/SA13/F06_SA13_R03_T10.0-15.0s.png,1,Fall,SA13
/content/drive/MyDrive/datasets/Mosaic_ADL_2x2/Fall/SA13/F06_SA13_R04_T0.0-5.0s.png,1,Fall,SA13
/content/drive/MyDrive/datasets/Mosaic_ADL_2x2/Fall/SA13/F06_SA13_R04_T2.5-7.5s.png,1,Fall,SA13
/content/drive/MyDrive/datasets/Mosaic_ADL_2x2/Fall/SA13/F06_SA13_R04_T5.0-10.0s.png,1,Fall,SA13
/content/drive/MyDrive/datasets/Mosaic_ADL_2x2/Fall/SA13/F06_SA13_R04_T7.5-12.5s.png,1,Fall,SA13
/content/drive/MyDrive/datasets/Mosaic_ADL_2x2/Fall/SA13/F06_SA13_R05_T0.0-5.0s.png,1,Fall,SA13
/content/drive/MyDrive/datasets/Mosaic_ADL_2x2/Fall/SA13/F06_SA13_R05_T2.5-7.5s.png,1,Fall,SA13
/content/drive/MyDrive/datasets/Mosaic_ADL_2x2/Fall/SA13/F06_SA13_R05_T5.0-10.0s.png,1,Fall,SA13
/content/drive/MyDrive/datasets/Mosaic_ADL_2x2/Fall/SA13/F06_SA13_R05_T7.5-12.5s.png,1,Fall,SA13
/content/drive/MyDrive/datasets/Mosaic_ADL_2x2/Fall/SA13/F06_SA13_R05_T10.0-15.0s.png,1,Fall,SA13
/content/drive/MyDrive/datasets/Mosaic_ADL_2x2/Fall/SA13/F07_SA13_R01_T0.0-5.0s.png,1,Fall,SA13
/content/drive/MyDrive/datasets/Mosaic_ADL_2x2/Fall/SA13/F07_SA13_R01_T2.5-7.5s.png,1,Fall,SA13
/content/drive/MyDrive/datasets/Mosaic_ADL_2x2/Fall/SA13/F07_SA13_R01_T5.0-10.0s.png,1,Fall,SA13
/content/drive/MyDrive/datasets/Mosaic_ADL_2x2/Fall/SA13/F07_SA13_R01_T7.5-12.5s.png,1,Fall,SA13
/content/drive/MyDrive/datasets/Mosaic_ADL_2x2/Fall/SA13/F07_SA13_R01_T10.0-15.0s.png,1,Fall,SA13
/content/drive/MyDrive/datasets/Mosaic_ADL_2x2/Fall/SA13/F07_SA13_R02_T0.0-5.0s.png,1,Fall,SA13
/content/drive/MyDrive/datasets/Mosaic_ADL_2x2/Fall/SA13/F07_SA13_R02_T2.5-7.5s.png,1,Fall,SA13
/content/drive/MyDrive/datasets/Mosaic_ADL_2x2/Fall/SA13/F07_SA13_R02_T5.0-10.0s.png,1,Fall,SA13
/content/drive/MyDrive/datasets/Mosaic_ADL_2x2/Fall/SA13/F07_SA13_R02_T7.5-12.5s.png,1,Fall,SA13
/content/drive/MyDrive/datasets/Mosaic_ADL_2x2/Fall/SA13/F07_SA13_R02_T10.0-15.0s.png,1,Fall,SA13
/content/drive/MyDrive/datasets/Mosaic_ADL_2x2/Fall/SA13/F07_SA13_R03_T0.0-5.0s.png,1,Fall,SA13
/content/drive/MyDrive/datasets/Mosaic_ADL_2x2/Fall/SA13/F07_SA13_R03_T2.5-7.5s.png,1,Fall,SA13
/content/drive/MyDrive/datasets/Mosaic_ADL_2x2/Fall/SA13/F07_SA13_R03_T5.0-10.0s.png,1,Fall,SA13
/content/drive/MyDrive/datasets/Mosaic_ADL_2x2/Fall/SA13/F07_SA13_R03_T7.5-12.5s.png,1,Fall,SA13
/content/drive/MyDrive/datasets/Mosaic_ADL_2x2/Fall/SA13/F07_SA13_R03_T10.0-15.0s.png,1,Fall,SA13
/content/drive/MyDrive/datasets/Mosaic_ADL_2x2/Fall/SA13/F07_SA13_R04_T0.0-5.0s.png,1,Fall,SA13
/content/drive/MyDrive/datasets/Mosaic_ADL_2x2/Fall/SA13/F07_SA13_R04_T2.5-7.5s.png,1,Fall,SA13
/content/drive/MyDrive/datasets/Mosaic_ADL_2x2/Fall/SA13/F07_SA13_R04_T5.0-10.0s.png,1,Fall,SA13
/content/drive/MyDrive/datasets/Mosaic_ADL_2x2/Fall/SA13/F07_SA13_R04_T7.5-12.5s.png,1,Fall,SA13
/content/drive/MyDrive/datasets/Mosaic_ADL_2x2/Fall/SA13/F07_SA13_R04_T10.0-15.0s.png,1,Fall,SA13
/content/drive/MyDrive/datasets/Mosaic_ADL_2x2/Fall/SA13/F07_SA13_R05_T0.0-5.0s.png,1,Fall,SA13
/content/drive/MyDrive/datasets/Mosaic_ADL_2x2/Fall/SA13/F07_SA13_R05_T2.5-7.5s.png,1,Fall,SA13
/content/drive/MyDrive/datasets/Mosaic_ADL_2x2/Fall/SA13/F07_SA13_R05_T5.0-10.0s.png,1,Fall,SA13
/content/drive/MyDrive/datasets/Mosaic_ADL_2x2/Fall/SA13/F07_SA13_R05_T7.5-12.5s.png,1,Fall,SA13
/content/drive/MyDrive/datasets/Mosaic_ADL_2x2/Fall/SA13/F07_SA13_R05_T10.0-15.0s.png,1,Fall,SA13
/content/drive/MyDrive/datasets/Mosaic_ADL_2x2/Fall/SA13/F08_SA13_R01_T0.0-5.0s.png,1,Fall,SA13
/content/drive/MyDrive/datasets/Mosaic_ADL_2x2/Fall/SA13/F08_SA13_R01_T2.5-7.5s.png,1,Fall,SA13
/content/drive/MyDrive/datasets/Mosaic_ADL_2x2/Fall/SA13/F08_SA13_R01_T5.0-10.0s.png,1,Fall,SA13
/content/drive/MyDrive/datasets/Mosaic_ADL_2x2/Fall/SA13/F08_SA13_R01_T7.5-12.5s.png,1,Fall,SA13
/content/drive/MyDrive/datasets/Mosaic_ADL_2x2/Fall/SA13/F08_SA13_R02_T0.0-5.0s.png,1,Fall,SA13
/content/drive/MyDrive/datasets/Mosaic_ADL_2x2/Fall/SA13/F08_SA13_R02_T2.5-7.5s.png,1,Fall,SA13
/content/drive/MyDrive/datasets/Mosaic_ADL_2x2/Fall/SA13/F08_SA13_R02_T5.0-10.0s.png,1,Fall,SA13
/content/drive/MyDrive/datasets/Mosaic_ADL_2x2/Fall/SA13/F08_SA13_R02_T7.5-12.5s.png,1,Fall,SA13
/content/drive/MyDrive/datasets/Mosaic_ADL_2x2/Fall/SA13/F08_SA13_R02_T10.0-15.0s.png,1,Fall,SA13
/content/drive/MyDrive/datasets/Mosaic_ADL_2x2/Fall/SA13/F08_SA13_R03_T0.0-5.0s.png,1,Fall,SA13
/content/drive/MyDrive/datasets/Mosaic_ADL_2x2/Fall/SA13/F08_SA13_R03_T2.5-7.5s.png,1,Fall,SA13
/content/drive/MyDrive/datasets/Mosaic_ADL_2x2/Fall/SA13/F08_SA13_R03_T5.0-10.0s.png,1,Fall,SA13
/content/drive/MyDrive/datasets/Mosaic_ADL_2x2/Fall/SA13/F08_SA13_R03_T7.5-12.5s.png,1,Fall,SA13
/content/drive/MyDrive/datasets/Mosaic_ADL_2x2/Fall/SA13/F08_SA13_R03_T10.0-15.0s.png,1,Fall,SA13
/content/drive/MyDrive/datasets/Mosaic_ADL_2x2/Fall/SA13/F08_SA13_R04_T0.0-5.0s.png,1,Fall,SA13
/content/drive/MyDrive/datasets/Mosaic_ADL_2x2/Fall/SA13/F08_SA13_R04_T2.5-7.5s.png,1,Fall,SA13
/content/drive/MyDrive/datasets/Mosaic_ADL_2x2/Fall/SA13/F08_SA13_R04_T5.0-10.0s.png,1,Fall,SA13
/content/drive/MyDrive/datasets/Mosaic_ADL_2x2/Fall/SA13/F08_SA13_R04_T7.5-12.5s.png,1,Fall,SA13
/content/drive/MyDrive/datasets/Mosaic_ADL_2x2/Fall/SA13/F08_SA13_R04_T10.0-15.0s.png,1,Fall,SA13
/content/drive/MyDrive/datasets/Mosaic_ADL_2x2/Fall/SA13/F08_SA13_R05_T0.0-5.0s.png,1,Fall,SA13
/content/drive/MyDrive/datasets/Mosaic_ADL_2x2/Fall/SA13/F08_SA13_R05_T2.5-7.5s.png,1,Fall,SA13
/content/drive/MyDrive/datasets/Mosaic_ADL_2x2/Fall/SA13/F08_SA13_R05_T5.0-10.0s.png,1,Fall,SA13
/content/drive/MyDrive/datasets/Mosaic_ADL_2x2/Fall/SA13/F08_SA13_R05_T7.5-12.5s.png,1,Fall,SA13
/content/drive/MyDrive/datasets/Mosaic_ADL_2x2/Fall/SA13/F09_SA13_R01_T0.0-5.0s.png,1,Fall,SA13
/content/drive/MyDrive/datasets/Mosaic_ADL_2x2/Fall/SA13/F09_SA13_R01_T2.5-7.5s.png,1,Fall,SA13
/content/drive/MyDrive/datasets/Mosaic_ADL_2x2/Fall/SA13/F09_SA13_R01_T5.0-10.0s.png,1,Fall,SA13
/content/drive/MyDrive/datasets/Mosaic_ADL_2x2/Fall/SA13/F09_SA13_R01_T7.5-12.5s.png,1,Fall,SA13
/content/drive/MyDrive/datasets/Mosaic_ADL_2x2/Fall/SA13/F09_SA13_R01_T10.0-15.0s.png,1,Fall,SA13
/content/drive/MyDrive/datasets/Mosaic_ADL_2x2/Fall/SA13/F09_SA13_R02_T0.0-5.0s.png,1,Fall,SA13
/content/drive/MyDrive/datasets/Mosaic_ADL_2x2/Fall/SA13/F09_SA13_R02_T2.5-7.5s.png,1,Fall,SA13
/content/drive/MyDrive/datasets/Mosaic_ADL_2x2/Fall/SA13/F09_SA13_R02_T5.0-10.0s.png,1,Fall,SA13
/content/drive/MyDrive/datasets/Mosaic_ADL_2x2/Fall/SA13/F09_SA13_R02_T7.5-12.5s.png,1,Fall,SA13
/content/drive/MyDrive/datasets/Mosaic_ADL_2x2/Fall/SA13/F09_SA13_R02_T10.0-15.0s.png,1,Fall,SA13
/content/drive/MyDrive/datasets/Mosaic_ADL_2x2/Fall/SA13/F09_SA13_R03_T0.0-5.0s.png,1,Fall,SA13
/content/drive/MyDrive/datasets/Mosaic_ADL_2x2/Fall/SA13/F09_SA13_R03_T2.5-7.5s.png,1,Fall,SA13
/content/drive/MyDrive/datasets/Mosaic_ADL_2x2/Fall/SA13/F09_SA13_R03_T5.0-10.0s.png,1,Fall,SA13
/content/drive/MyDrive/datasets/Mosaic_ADL_2x2/Fall/SA13/F09_SA13_R03_T7.5-12.5s.png,1,Fall,SA13
/content/drive/MyDrive/datasets/Mosaic_ADL_2x2/Fall/SA13/F09_SA13_R03_T10.0-15.0s.png,1,Fall,SA13
/content/drive/MyDrive/datasets/Mosaic_ADL_2x2/Fall/SA13/F09_SA13_R04_T0.0-5.0s.png,1,Fall,SA13
/content/drive/MyDrive/datasets/Mosaic_ADL_2x2/Fall/SA13/F09_SA13_R04_T2.5-7.5s.png,1,Fall,SA13
/content/drive/MyDrive/datasets/Mosaic_ADL_2x2/Fall/SA13/F09_SA13_R04_T5.0-10.0s.png,1,Fall,SA13
/content/drive/MyDrive/datasets/Mosaic_ADL_2x2/Fall/SA13/F09_SA13_R04_T7.5-12.5s.png,1,Fall,SA13
/content/drive/MyDrive/datasets/Mosaic_ADL_2x2/Fall/SA13/F09_SA13_R04_T10.0-15.0s.png,1,Fall,SA13
/content/drive/MyDrive/datasets/Mosaic_ADL_2x2/Fall/SA13/F09_SA13_R05_T0.0-5.0s.png,1,Fall,SA13
/content/drive/MyDrive/datasets/Mosaic_ADL_2x2/Fall/SA13/F09_SA13_R05_T2.5-7.5s.png,1,Fall,SA13
/content/drive/MyDrive/datasets/Mosaic_ADL_2x2/Fall/SA13/F09_SA13_R05_T5.0-10.0s.png,1,Fall,SA13
/content/drive/MyDrive/datasets/Mosaic_ADL_2x2/Fall/SA13/F09_SA13_R05_T7.5-12.5s.png,1,Fall,SA13
/content/drive/MyDrive/datasets/Mosaic_ADL_2x2/Fall/SA13/F09_SA13_R05_T10.0-15.0s.png,1,Fall,SA13
/content/drive/MyDrive/datasets/Mosaic_ADL_2x2/Fall/SA13/F10_SA13_R01_T0.0-5.0s.png,1,Fall,SA13
/content/drive/MyDrive/datasets/Mosaic_ADL_2x2/Fall/SA13/F10_SA13_R01_T2.5-7.5s.png,1,Fall,SA13
/content/drive/MyDrive/datasets/Mosaic_ADL_2x2/Fall/SA13/F10_SA13_R01_T5.0-10.0s.png,1,Fall,SA13
/content/drive/MyDrive/datasets/Mosaic_ADL_2x2/Fall/SA13/F10_SA13_R01_T7.5-12.5s.png,1,Fall,SA13
/content/drive/MyDrive/datasets/Mosaic_ADL_2x2/Fall/SA13/F10_SA13_R01_T10.0-15.0s.png,1,Fall,SA13
/content/drive/MyDrive/datasets/Mosaic_ADL_2x2/Fall/SA13/F10_SA13_R02_T0.0-5.0s.png,1,Fall,SA13
/content/drive/MyDrive/datasets/Mosaic_ADL_2x2/Fall/SA13/F10_SA13_R02_T2.5-7.5s.png,1,Fall,SA13
/content/drive/MyDrive/datasets/Mosaic_ADL_2x2/Fall/SA13/F10_SA13_R02_T5.0-10.0s.png,1,Fall,SA13
/content/drive/MyDrive/datasets/Mosaic_ADL_2x2/Fall/SA13/F10_SA13_R02_T7.5-12.5s.png,1,Fall,SA13
/content/drive/MyDrive/datasets/Mosaic_ADL_2x2/Fall/SA13/F10_SA13_R02_T10.0-15.0s.png,1,Fall,SA13
/content/drive/MyDrive/datasets/Mosaic_ADL_2x2/Fall/SA13/F10_SA13_R03_T0.0-5.0s.png,1,Fall,SA13
/content/drive/MyDrive/datasets/Mosaic_ADL_2x2/Fall/SA13/F10_SA13_R03_T2.5-7.5s.png,1,Fall,SA13
/content/drive/MyDrive/datasets/Mosaic_ADL_2x2/Fall/SA13/F10_SA13_R03_T5.0-10.0s.png,1,Fall,SA13
/content/drive/MyDrive/datasets/Mosaic_ADL_2x2/Fall/SA13/F10_SA13_R03_T7.5-12.5s.png,1,Fall,SA13
/content/drive/MyDrive/datasets/Mosaic_ADL_2x2/Fall/SA13/F10_SA13_R03_T10.0-15.0s.png,1,Fall,SA13
/content/drive/MyDrive/datasets/Mosaic_ADL_2x2/Fall/SA13/F10_SA13_R04_T0.0-5.0s.png,1,Fall,SA13
/content/drive/MyDrive/datasets/Mosaic_ADL_2x2/Fall/SA13/F10_SA13_R04_T2.5-7.5s.png,1,Fall,SA13
/content/drive/MyDrive/datasets/Mosaic_ADL_2x2/Fall/SA13/F10_SA13_R04_T5.0-10.0s.png,1,Fall,SA13
/content/drive/MyDrive/datasets/Mosaic_ADL_2x2/Fall/SA13/F10_SA13_R04_T7.5-12.5s.png,1,Fall,SA13
/content/drive/MyDrive/datasets/Mosaic_ADL_2x2/Fall/SA13/F10_SA13_R04_T10.0-15.0s.png,1,Fall,SA13
/content/drive/MyDrive/datasets/Mosaic_ADL_2x2/Fall/SA13/F10_SA13_R05_T0.0-5.0s.png,1,Fall,SA13
/content/drive/MyDrive/datasets/Mosaic_ADL_2x2/Fall/SA13/F10_SA13_R05_T2.5-7.5s.png,1,Fall,SA13
/content/drive/MyDrive/datasets/Mosaic_ADL_2x2/Fall/SA13/F10_SA13_R05_T5.0-10.0s.png,1,Fall,SA13
/content/drive/MyDrive/datasets/Mosaic_ADL_2x2/Fall/SA13/F10_SA13_R05_T7.5-12.5s.png,1,Fall,SA13
/content/drive/MyDrive/datasets/Mosaic_ADL_2x2/Fall/SA13/F10_SA13_R05_T10.0-15.0s.png,1,Fall,SA13
/content/drive/MyDrive/datasets/Mosaic_ADL_2x2/Fall/SA13/F11_SA13_R01_T0.0-5.0s.png,1,Fall,SA13
/content/drive/MyDrive/datasets/Mosaic_ADL_2x2/Fall/SA13/F11_SA13_R01_T2.5-7.5s.png,1,Fall,SA13
/content/drive/MyDrive/datasets/Mosaic_ADL_2x2/Fall/SA13/F11_SA13_R01_T5.0-10.0s.png,1,Fall,SA13
/content/drive/MyDrive/datasets/Mosaic_ADL_2x2/Fall/SA13/F11_SA13_R01_T7.5-12.5s.png,1,Fall,SA13
/content/drive/MyDrive/datasets/Mosaic_ADL_2x2/Fall/SA13/F11_SA13_R01_T10.0-15.0s.png,1,Fall,SA13
/content/drive/MyDrive/datasets/Mosaic_ADL_2x2/Fall/SA13/F11_SA13_R02_T0.0-5.0s.png,1,Fall,SA13
/content/drive/MyDrive/datasets/Mosaic_ADL_2x2/Fall/SA13/F11_SA13_R02_T2.5-7.5s.png,1,Fall,SA13
/content/drive/MyDrive/datasets/Mosaic_ADL_2x2/Fall/SA13/F11_SA13_R02_T5.0-10.0s.png,1,Fall,SA13
/content/drive/MyDrive/datasets/Mosaic_ADL_2x2/Fall/SA13/F11_SA13_R02_T7.5-12.5s.png,1,Fall,SA13
/content/drive/MyDrive/datasets/Mosaic_ADL_2x2/Fall/SA13/F11_SA13_R03_T0.0-5.0s.png,1,Fall,SA13
/content/drive/MyDrive/datasets/Mosaic_ADL_2x2/Fall/SA13/F11_SA13_R03_T2.5-7.5s.png,1,Fall,SA13
/content/drive/MyDrive/datasets/Mosaic_ADL_2x2/Fall/SA13/F11_SA13_R03_T5.0-10.0s.png,1,Fall,SA13
/content/drive/MyDrive/datasets/Mosaic_ADL_2x2/Fall/SA13/F11_SA13_R03_T7.5-12.5s.png,1,Fall,SA13
/content/drive/MyDrive/datasets/Mosaic_ADL_2x2/Fall/SA13/F11_SA13_R03_T10.0-15.0s.png,1,Fall,SA13
/content/drive/MyDrive/datasets/Mosaic_ADL_2x2/Fall/SA13/F11_SA13_R04_T0.0-5.0s.png,1,Fall,SA13
/content/drive/MyDrive/datasets/Mosaic_ADL_2x2/Fall/SA13/F11_SA13_R04_T2.5-7.5s.png,1,Fall,SA13
/content/drive/MyDrive/datasets/Mosaic_ADL_2x2/Fall/SA13/F11_SA13_R04_T5.0-10.0s.png,1,Fall,SA13
/content/drive/MyDrive/datasets/Mosaic_ADL_2x2/Fall/SA13/F11_SA13_R04_T7.5-12.5s.png,1,Fall,SA13
/content/drive/MyDrive/datasets/Mosaic_ADL_2x2/Fall/SA13/F11_SA13_R04_T10.0-15.0s.png,1,Fall,SA13
/content/drive/MyDrive/datasets/Mosaic_ADL_2x2/Fall/SA13/F11_SA13_R05_T0.0-5.0s.png,1,Fall,SA13
/content/drive/MyDrive/datasets/Mosaic_ADL_2x2/Fall/SA13/F11_SA13_R05_T2.5-7.5s.png,1,Fall,SA13
/content/drive/MyDrive/datasets/Mosaic_ADL_2x2/Fall/SA13/F11_SA13_R05_T5.0-10.0s.png,1,Fall,SA13
/content/drive/MyDrive/datasets/Mosaic_ADL_2x2/Fall/SA13/F11_SA13_R05_T7.5-12.5s.png,1,Fall,SA13
/content/drive/MyDrive/datasets/Mosaic_ADL_2x2/Fall/SA13/F11_SA13_R05_T10.0-15.0s.png,1,Fall,SA13
/content/drive/MyDrive/datasets/Mosaic_ADL_2x2/Fall/SA13/F12_SA13_R01_T0.0-5.0s.png,1,Fall,SA13
/content/drive/MyDrive/datasets/Mosaic_ADL_2x2/Fall/SA13/F12_SA13_R01_T2.5-7.5s.png,1,Fall,SA13
/content/drive/MyDrive/datasets/Mosaic_ADL_2x2/Fall/SA13/F12_SA13_R01_T5.0-10.0s.png,1,Fall,SA13
/content/drive/MyDrive/datasets/Mosaic_ADL_2x2/Fall/SA13/F12_SA13_R01_T7.5-12.5s.png,1,Fall,SA13
/content/drive/MyDrive/datasets/Mosaic_ADL_2x2/Fall/SA13/F12_SA13_R01_T10.0-15.0s.png,1,Fall,SA13
/content/drive/MyDrive/datasets/Mosaic_ADL_2x2/Fall/SA13/F12_SA13_R02_T0.0-5.0s.png,1,Fall,SA13
/content/drive/MyDrive/datasets/Mosaic_ADL_2x2/Fall/SA13/F12_SA13_R02_T2.5-7.5s.png,1,Fall,SA13
/content/drive/MyDrive/datasets/Mosaic_ADL_2x2/Fall/SA13/F12_SA13_R02_T5.0-10.0s.png,1,Fall,SA13
/content/drive/MyDrive/datasets/Mosaic_ADL_2x2/Fall/SA13/F12_SA13_R02_T7.5-12.5s.png,1,Fall,SA13
/content/drive/MyDrive/datasets/Mosaic_ADL_2x2/Fall/SA13/F12_SA13_R02_T10.0-15.0s.png,1,Fall,SA13
/content/drive/MyDrive/datasets/Mosaic_ADL_2x2/Fall/SA13/F12_SA13_R03_T0.0-5.0s.png,1,Fall,SA13
/content/drive/MyDrive/datasets/Mosaic_ADL_2x2/Fall/SA13/F12_SA13_R03_T2.5-7.5s.png,1,Fall,SA13
/content/drive/MyDrive/datasets/Mosaic_ADL_2x2/Fall/SA13/F12_SA13_R03_T5.0-10.0s.png,1,Fall,SA13
/content/drive/MyDrive/datasets/Mosaic_ADL_2x2/Fall/SA13/F12_SA13_R03_T7.5-12.5s.png,1,Fall,SA13
/content/drive/MyDrive/datasets/Mosaic_ADL_2x2/Fall/SA13/F12_SA13_R03_T10.0-15.0s.png,1,Fall,SA13
/content/drive/MyDrive/datasets/Mosaic_ADL_2x2/Fall/SA13/F12_SA13_R04_T0.0-5.0s.png,1,Fall,SA13
/content/drive/MyDrive/datasets/Mosaic_ADL_2x2/Fall/SA13/F12_SA13_R04_T2.5-7.5s.png,1,Fall,SA13
/content/drive/MyDrive/datasets/Mosaic_ADL_2x2/Fall/SA13/F12_SA13_R04_T5.0-10.0s.png,1,Fall,SA13
/content/drive/MyDrive/datasets/Mosaic_ADL_2x2/Fall/SA13/F12_SA13_R04_T7.5-12.5s.png,1,Fall,SA13
/content/drive/MyDrive/datasets/Mosaic_ADL_2x2/Fall/SA13/F12_SA13_R04_T10.0-15.0s.png,1,Fall,SA13
/content/drive/MyDrive/datasets/Mosaic_ADL_2x2/Fall/SA13/F12_SA13_R05_T0.0-5.0s.png,1,Fall,SA13
/content/drive/MyDrive/datasets/Mosaic_ADL_2x2/Fall/SA13/F12_SA13_R05_T2.5-7.5s.png,1,Fall,SA13
/content/drive/MyDrive/datasets/Mosaic_ADL_2x2/Fall/SA13/F12_SA13_R05_T5.0-10.0s.png,1,Fall,SA13
/content/drive/MyDrive/datasets/Mosaic_ADL_2x2/Fall/SA13/F12_SA13_R05_T7.5-12.5s.png,1,Fall,SA13
/content/drive/MyDrive/datasets/Mosaic_ADL_2x2/Fall/SA13/F12_SA13_R05_T10.0-15.0s.png,1,Fall,SA13
/content/drive/MyDrive/datasets/Mosaic_ADL_2x2/Fall/SA13/F13_SA13_R01_T0.0-5.0s.png,1,Fall,SA13
/content/drive/MyDrive/datasets/Mosaic_ADL_2x2/Fall/SA13/F13_SA13_R01_T2.5-7.5s.png,1,Fall,SA13
/content/drive/MyDrive/datasets/Mosaic_ADL_2x2/Fall/SA13/F13_SA13_R01_T5.0-10.0s.png,1,Fall,SA13
/content/drive/MyDrive/datasets/Mosaic_ADL_2x2/Fall/SA13/F13_SA13_R01_T7.5-12.5s.png,1,Fall,SA13
/content/drive/MyDrive/datasets/Mosaic_ADL_2x2/Fall/SA13/F13_SA13_R01_T10.0-15.0s.png,1,Fall,SA13
/content/drive/MyDrive/datasets/Mosaic_ADL_2x2/Fall/SA13/F13_SA13_R02_T0.0-5.0s.png,1,Fall,SA13
/content/drive/MyDrive/datasets/Mosaic_ADL_2x2/Fall/SA13/F13_SA13_R02_T2.5-7.5s.png,1,Fall,SA13
/content/drive/MyDrive/datasets/Mosaic_ADL_2x2/Fall/SA13/F13_SA13_R02_T5.0-10.0s.png,1,Fall,SA13
/content/drive/MyDrive/datasets/Mosaic_ADL_2x2/Fall/SA13/F13_SA13_R02_T7.5-12.5s.png,1,Fall,SA13
/content/drive/MyDrive/datasets/Mosaic_ADL_2x2/Fall/SA13/F13_SA13_R02_T10.0-15.0s.png,1,Fall,SA13
/content/drive/MyDrive/datasets/Mosaic_ADL_2x2/Fall/SA13/F13_SA13_R03_T0.0-5.0s.png,1,Fall,SA13
/content/drive/MyDrive/datasets/Mosaic_ADL_2x2/Fall/SA13/F13_SA13_R03_T2.5-7.5s.png,1,Fall,SA13
/content/drive/MyDrive/datasets/Mosaic_ADL_2x2/Fall/SA13/F13_SA13_R03_T5.0-10.0s.png,1,Fall,SA13
/content/drive/MyDrive/datasets/Mosaic_ADL_2x2/Fall/SA13/F13_SA13_R03_T7.5-12.5s.png,1,Fall,SA13
/content/drive/MyDrive/datasets/Mosaic_ADL_2x2/Fall/SA13/F13_SA13_R03_T10.0-15.0s.png,1,Fall,SA13
/content/drive/MyDrive/datasets/Mosaic_ADL_2x2/Fall/SA13/F13_SA13_R04_T0.0-5.0s.png,1,Fall,SA13
/content/drive/MyDrive/datasets/Mosaic_ADL_2x2/Fall/SA13/F13_SA13_R04_T2.5-7.5s.png,1,Fall,SA13
/content/drive/MyDrive/datasets/Mosaic_ADL_2x2/Fall/SA13/F13_SA13_R04_T5.0-10.0s.png,1,Fall,SA13
/content/drive/MyDrive/datasets/Mosaic_ADL_2x2/Fall/SA13/F13_SA13_R04_T7.5-12.5s.png,1,Fall,SA13
/content/drive/MyDrive/datasets/Mosaic_ADL_2x2/Fall/SA13/F13_SA13_R04_T10.0-15.0s.png,1,Fall,SA13
/content/drive/MyDrive/datasets/Mosaic_ADL_2x2/Fall/SA13/F13_SA13_R05_T0.0-5.0s.png,1,Fall,SA13
/content/drive/MyDrive/datasets/Mosaic_ADL_2x2/Fall/SA13/F13_SA13_R05_T2.5-7.5s.png,1,Fall,SA13
/content/drive/MyDrive/datasets/Mosaic_ADL_2x2/Fall/SA13/F13_SA13_R05_T5.0-10.0s.png,1,Fall,SA13
/content/drive/MyDrive/datasets/Mosaic_ADL_2x2/Fall/SA13/F13_SA13_R05_T7.5-12.5s.png,1,Fall,SA13
/content/drive/MyDrive/datasets/Mosaic_ADL_2x2/Fall/SA13/F13_SA13_R05_T10.0-15.0s.png,1,Fall,SA13
/content/drive/MyDrive/datasets/Mosaic_ADL_2x2/Fall/SA13/F14_SA13_R01_T0.0-5.0s.png,1,Fall,SA13
/content/drive/MyDrive/datasets/Mosaic_ADL_2x2/Fall/SA13/F14_SA13_R01_T2.5-7.5s.png,1,Fall,SA13
/content/drive/MyDrive/datasets/Mosaic_ADL_2x2/Fall/SA13/F14_SA13_R01_T5.0-10.0s.png,1,Fall,SA13
/content/drive/MyDrive/datasets/Mosaic_ADL_2x2/Fall/SA13/F14_SA13_R01_T7.5-12.5s.png,1,Fall,SA13
/content/drive/MyDrive/datasets/Mosaic_ADL_2x2/Fall/SA13/F14_SA13_R01_T10.0-15.0s.png,1,Fall,SA13
/content/drive/MyDrive/datasets/Mosaic_ADL_2x2/Fall/SA13/F14_SA13_R02_T0.0-5.0s.png,1,Fall,SA13
/content/drive/MyDrive/datasets/Mosaic_ADL_2x2/Fall/SA13/F14_SA13_R02_T2.5-7.5s.png,1,Fall,SA13
/content/drive/MyDrive/datasets/Mosaic_ADL_2x2/Fall/SA13/F14_SA13_R02_T5.0-10.0s.png,1,Fall,SA13
/content/drive/MyDrive/datasets/Mosaic_ADL_2x2/Fall/SA13/F14_SA13_R02_T7.5-12.5s.png,1,Fall,SA13
/content/drive/MyDrive/datasets/Mosaic_ADL_2x2/Fall/SA13/F14_SA13_R02_T10.0-15.0s.png,1,Fall,SA13
/content/drive/MyDrive/datasets/Mosaic_ADL_2x2/Fall/SA13/F14_SA13_R03_T0.0-5.0s.png,1,Fall,SA13
/content/drive/MyDrive/datasets/Mosaic_ADL_2x2/Fall/SA13/F14_SA13_R03_T2.5-7.5s.png,1,Fall,SA13
/content/drive/MyDrive/datasets/Mosaic_ADL_2x2/Fall/SA13/F14_SA13_R03_T5.0-10.0s.png,1,Fall,SA13
/content/drive/MyDrive/datasets/Mosaic_ADL_2x2/Fall/SA13/F14_SA13_R03_T7.5-12.5s.png,1,Fall,SA13
/content/drive/MyDrive/datasets/Mosaic_ADL_2x2/Fall/SA13/F14_SA13_R03_T10.0-15.0s.png,1,Fall,SA13
/content/drive/MyDrive/datasets/Mosaic_ADL_2x2/Fall/SA13/F14_SA13_R04_T0.0-5.0s.png,1,Fall,SA13
/content/drive/MyDrive/datasets/Mosaic_ADL_2x2/Fall/SA13/F14_SA13_R04_T2.5-7.5s.png,1,Fall,SA13
/content/drive/MyDrive/datasets/Mosaic_ADL_2x2/Fall/SA13/F14_SA13_R04_T5.0-10.0s.png,1,Fall,SA13
/content/drive/MyDrive/datasets/Mosaic_ADL_2x2/Fall/SA13/F14_SA13_R04_T7.5-12.5s.png,1,Fall,SA13
/content/drive/MyDrive/datasets/Mosaic_ADL_2x2/Fall/SA13/F14_SA13_R04_T10.0-15.0s.png,1,Fall,SA13
/content/drive/MyDrive/datasets/Mosaic_ADL_2x2/Fall/SA13/F14_SA13_R05_T0.0-5.0s.png,1,Fall,SA13
/content/drive/MyDrive/datasets/Mosaic_ADL_2x2/Fall/SA13/F14_SA13_R05_T2.5-7.5s.png,1,Fall,SA13
/content/drive/MyDrive/datasets/Mosaic_ADL_2x2/Fall/SA13/F14_SA13_R05_T5.0-10.0s.png,1,Fall,SA13
/content/drive/MyDrive/datasets/Mosaic_ADL_2x2/Fall/SA13/F14_SA13_R05_T7.5-12.5s.png,1,Fall,SA13
/content/drive/MyDrive/datasets/Mosaic_ADL_2x2/Fall/SA13/F14_SA13_R05_T10.0-15.0s.png,1,Fall,SA13
/content/drive/MyDrive/datasets/Mosaic_ADL_2x2/Fall/SA13/F15_SA13_R01_T0.0-5.0s.png,1,Fall,SA13
/content/drive/MyDrive/datasets/Mosaic_ADL_2x2/Fall/SA13/F15_SA13_R01_T2.5-7.5s.png,1,Fall,SA13
/content/drive/MyDrive/datasets/Mosaic_ADL_2x2/Fall/SA13/F15_SA13_R01_T5.0-10.0s.png,1,Fall,SA13
/content/drive/MyDrive/datasets/Mosaic_ADL_2x2/Fall/SA13/F15_SA13_R01_T7.5-12.5s.png,1,Fall,SA13
/content/drive/MyDrive/datasets/Mosaic_ADL_2x2/Fall/SA13/F15_SA13_R01_T10.0-15.0s.png,1,Fall,SA13
/content/drive/MyDrive/datasets/Mosaic_ADL_2x2/Fall/SA13/F15_SA13_R02_T0.0-5.0s.png,1,Fall,SA13
/content/drive/MyDrive/datasets/Mosaic_ADL_2x2/Fall/SA13/F15_SA13_R02_T2.5-7.5s.png,1,Fall,SA13
/content/drive/MyDrive/datasets/Mosaic_ADL_2x2/Fall/SA13/F15_SA13_R02_T5.0-10.0s.png,1,Fall,SA13
/content/drive/MyDrive/datasets/Mosaic_ADL_2x2/Fall/SA13/F15_SA13_R02_T7.5-12.5s.png,1,Fall,SA13
/content/drive/MyDrive/datasets/Mosaic_ADL_2x2/Fall/SA13/F15_SA13_R02_T10.0-15.0s.png,1,Fall,SA13
/content/drive/MyDrive/datasets/Mosaic_ADL_2x2/Fall/SA13/F15_SA13_R03_T0.0-5.0s.png,1,Fall,SA13
/content/drive/MyDrive/datasets/Mosaic_ADL_2x2/Fall/SA13/F15_SA13_R03_T2.5-7.5s.png,1,Fall,SA13
/content/drive/MyDrive/datasets/Mosaic_ADL_2x2/Fall/SA13/F15_SA13_R03_T5.0-10.0s.png,1,Fall,SA13
/content/drive/MyDrive/datasets/Mosaic_ADL_2x2/Fall/SA13/F15_SA13_R03_T7.5-12.5s.png,1,Fall,SA13
/content/drive/MyDrive/datasets/Mosaic_ADL_2x2/Fall/SA13/F15_SA13_R03_T10.0-15.0s.png,1,Fall,SA13
/content/drive/MyDrive/datasets/Mosaic_ADL_2x2/Fall/SA13/F15_SA13_R04_T0.0-5.0s.png,1,Fall,SA13
/content/drive/MyDrive/datasets/Mosaic_ADL_2x2/Fall/SA13/F15_SA13_R04_T2.5-7.5s.png,1,Fall,SA13
/content/drive/MyDrive/datasets/Mosaic_ADL_2x2/Fall/SA13/F15_SA13_R04_T5.0-10.0s.png,1,Fall,SA13
/content/drive/MyDrive/datasets/Mosaic_ADL_2x2/Fall/SA13/F15_SA13_R04_T7.5-12.5s.png,1,Fall,SA13
/content/drive/MyDrive/datasets/Mosaic_ADL_2x2/Fall/SA13/F15_SA13_R04_T10.0-15.0s.png,1,Fall,SA13
/content/drive/MyDrive/datasets/Mosaic_ADL_2x2/Fall/SA13/F15_SA13_R05_T0.0-5.0s.png,1,Fall,SA13
/content/drive/MyDrive/datasets/Mosaic_ADL_2x2/Fall/SA13/F15_SA13_R05_T2.5-7.5s.png,1,Fall,SA13
/content/drive/MyDrive/datasets/Mosaic_ADL_2x2/Fall/SA13/F15_SA13_R05_T5.0-10.0s.png,1,Fall,SA13
/content/drive/MyDrive/datasets/Mosaic_ADL_2x2/Fall/SA13/F15_SA13_R05_T7.5-12.5s.png,1,Fall,SA13
/content/drive/MyDrive/datasets/Mosaic_ADL_2x2/Fall/SA13/F15_SA13_R05_T10.0-15.0s.png,1,Fall,SA13
/content/drive/MyDrive/datasets/Mosaic_ADL_2x2/Daily Living/Sit_HalfHeight_Fast/SA19/D08_SA19_R01_T0.0-5.0s.png,0,Sit_HalfHeight_Fast,SA19
/content/drive/MyDrive/datasets/Mosaic_ADL_2x2/Daily Living/Sit_HalfHeight_Fast/SA19/D08_SA19_R01_T2.5-7.5s.png,0,Sit_HalfHeight_Fast,SA19
/content/drive/MyDrive/datasets/Mosaic_ADL_2x2/Daily Living/Sit_HalfHeight_Fast/SA19/D08_SA19_R01_T5.0-10.0s.png,0,Sit_HalfHeight_Fast,SA19
/content/drive/MyDrive/datasets/Mosaic_ADL_2x2/Daily Living/Sit_HalfHeight_Fast/SA19/D08_SA19_R02_T0.0-5.0s.png,0,Sit_HalfHeight_Fast,SA19
/content/drive/MyDrive/datasets/Mosaic_ADL_2x2/Daily Living/Sit_HalfHeight_Fast/SA19/D08_SA19_R02_T2.5-7.5s.png,0,Sit_HalfHeight_Fast,SA19
/content/drive/MyDrive/datasets/Mosaic_ADL_2x2/Daily Living/Sit_HalfHeight_Fast/SA19/D08_SA19_R02_T5.0-10.0s.png,0,Sit_HalfHeight_Fast,SA19
/content/drive/MyDrive/datasets/Mosaic_ADL_2x2/Daily Living/Sit_HalfHeight_Fast/SA19/D08_SA19_R03_T0.0-5.0s.png,0,Sit_HalfHeight_Fast,SA19
/content/drive/MyDrive/datasets/Mosaic_ADL_2x2/Daily Living/Sit_HalfHeight_Fast/SA19/D08_SA19_R03_T2.5-7.5s.png,0,Sit_HalfHeight_Fast,SA19
/content/drive/MyDrive/datasets/Mosaic_ADL_2x2/Daily Living/Sit_HalfHeight_Fast/SA19/D08_SA19_R03_T5.0-10.0s.png,0,Sit_HalfHeight_Fast,SA19
/content/drive/MyDrive/datasets/Mosaic_ADL_2x2/Daily Living/Sit_HalfHeight_Fast/SA19/D08_SA19_R04_T0.0-5.0s.png,0,Sit_HalfHeight_Fast,SA19
/content/drive/MyDrive/datasets/Mosaic_ADL_2x2/Daily Living/Sit_HalfHeight_Fast/SA19/D08_SA19_R04_T2.5-7.5s.png,0,Sit_HalfHeight_Fast,SA19
/content/drive/MyDrive/datasets/Mosaic_ADL_2x2/Daily Living/Sit_HalfHeight_Fast/SA19/D08_SA19_R04_T5.0-10.0s.png,0,Sit_HalfHeight_Fast,SA19
/content/drive/MyDrive/datasets/Mosaic_ADL_2x2/Daily Living/Sit_HalfHeight_Fast/SA19/D08_SA19_R05_T0.0-5.0s.png,0,Sit_HalfHeight_Fast,SA19
/content/drive/MyDrive/datasets/Mosaic_ADL_2x2/Daily Living/Sit_HalfHeight_Fast/SA19/D08_SA19_R05_T2.5-7.5s.png,0,Sit_HalfHeight_Fast,SA19
/content/drive/MyDrive/datasets/Mosaic_ADL_2x2/Daily Living/Sit_HalfHeight_Fast/SA19/D08_SA19_R05_T5.0-10.0s.png,0,Sit_HalfHeight_Fast,SA19
